Year,Month,Province,Total_Population
2022,Jan,กรุงเทพมหานคร,5494932
2022,Feb,กรุงเทพมหานคร,5494932
2022,Mar,กรุงเทพมหานคร,5494932
2022,Apr,กรุงเทพมหานคร,5494932
2022,May,กรุงเทพมหานคร,5494932
2022,Jun,กรุงเทพมหานคร,5494932
2022,Jul,กรุงเทพมหานคร,5494932
2022,Aug,กรุงเทพมหานคร,5494932
2022,Sep,กรุงเทพมหานคร,5494932
2022,Oct,กรุงเทพมหานคร,5494932
2022,Nov,กรุงเทพมหานคร,5494932
2022,Dec,กรุงเทพมหานคร,5494932
2022,Jan,สมุทรปราการ,1360227
2022,Feb,สมุทรปราการ,1360227
2022,Mar,สมุทรปราการ,1360227
2022,Apr,สมุทรปราการ,1360227
2022,May,สมุทรปราการ,1360227
2022,Jun,สมุทรปราการ,1360227
2022,Jul,สมุทรปราการ,1360227
2022,Aug,สมุทรปราการ,1360227
2022,Sep,สมุทรปราการ,1360227
2022,Oct,สมุทรปราการ,1360227
2022,Nov,สมุทรปราการ,1360227
2022,Dec,สมุทรปราการ,1360227
2022,Jan,นนทบุรี,1295916
2022,Feb,นนทบุรี,1295916
2022,Mar,นนทบุรี,1295916
2022,Apr,นนทบุรี,1295916
2022,May,นนทบุรี,1295916
2022,Jun,นนทบุรี,1295916
2022,Jul,นนทบุรี,1295916
2022,Aug,นนทบุรี,1295916
2022,Sep,นนทบุรี,1295916
2022,Oct,นนทบุรี,1295916
2022,Nov,นนทบุรี,1295916
2022,Dec,นนทบุรี,1295916
2022,Jan,ปทุมธานี,1201532
2022,Feb,ปทุมธานี,1201532
2022,Mar,ปทุมธานี,1201532
2022,Apr,ปทุมธานี,1201532
2022,May,ปทุมธานี,1201532
2022,Jun,ปทุมธานี,1201532
2022,Jul,ปทุมธานี,1201532
2022,Aug,ปทุมธานี,1201532
2022,Sep,ปทุมธานี,1201532
2022,Oct,ปทุมธานี,1201532
2022,Nov,ปทุมธานี,1201532
2022,Dec,ปทุมธานี,1201532
2022,Jan,พระนครศรีอยุธยา,820417
2022,Feb,พระนครศรีอยุธยา,820417
2022,Mar,พระนครศรีอยุธยา,820417
2022,Apr,พระนครศรีอยุธยา,820417
2022,May,พระนครศรีอยุธยา,820417
2022,Jun,พระนครศรีอยุธยา,820417
2022,Jul,พระนครศรีอยุธยา,820417
2022,Aug,พระนครศรีอยุธยา,820417
2022,Sep,พระนครศรีอยุธยา,820417
2022,Oct,พระนครศรีอยุธยา,820417
2022,Nov,พระนครศรีอยุธยา,820417
2022,Dec,พระนครศรีอยุธยา,820417
2022,Jan,อ่างทอง,272587
2022,Feb,อ่างทอง,272587
2022,Mar,อ่างทอง,272587
2022,Apr,อ่างทอง,272587
2022,May,อ่างทอง,272587
2022,Jun,อ่างทอง,272587
2022,Jul,อ่างทอง,272587
2022,Aug,อ่างทอง,272587
2022,Sep,อ่างทอง,272587
2022,Oct,อ่างทอง,272587
2022,Nov,อ่างทอง,272587
2022,Dec,อ่างทอง,272587
2022,Jan,ลพบุรี,735293
2022,Feb,ลพบุรี,735293
2022,Mar,ลพบุรี,735293
2022,Apr,ลพบุรี,735293
2022,May,ลพบุรี,735293
2022,Jun,ลพบุรี,735293
2022,Jul,ลพบุรี,735293
2022,Aug,ลพบุรี,735293
2022,Sep,ลพบุรี,735293
2022,Oct,ลพบุรี,735293
2022,Nov,ลพบุรี,735293
2022,Dec,ลพบุรี,735293
2022,Jan,สิงห์บุรี,202797
2022,Feb,สิงห์บุรี,202797
2022,Mar,สิงห์บุรี,202797
2022,Apr,สิงห์บุรี,202797
2022,May,สิงห์บุรี,202797
2022,Jun,สิงห์บุรี,202797
2022,Jul,สิงห์บุรี,202797
2022,Aug,สิงห์บุรี,202797
2022,Sep,สิงห์บุรี,202797
2022,Oct,สิงห์บุรี,202797
2022,Nov,สิงห์บุรี,202797
2022,Dec,สิงห์บุรี,202797
2022,Jan,ชัยนาท,318308
2022,Feb,ชัยนาท,318308
2022,Mar,ชัยนาท,318308
2022,Apr,ชัยนาท,318308
2022,May,ชัยนาท,318308
2022,Jun,ชัยนาท,318308
2022,Jul,ชัยนาท,318308
2022,Aug,ชัยนาท,318308
2022,Sep,ชัยนาท,318308
2022,Oct,ชัยนาท,318308
2022,Nov,ชัยนาท,318308
2022,Dec,ชัยนาท,318308
2022,Jan,สระบุรี,638582
2022,Feb,สระบุรี,638582
2022,Mar,สระบุรี,638582
2022,Apr,สระบุรี,638582
2022,May,สระบุรี,638582
2022,Jun,สระบุรี,638582
2022,Jul,สระบุรี,638582
2022,Aug,สระบุรี,638582
2022,Sep,สระบุรี,638582
2022,Oct,สระบุรี,638582
2022,Nov,สระบุรี,638582
2022,Dec,สระบุรี,638582
2022,Jan,ชลบุรี,1594758
2022,Feb,ชลบุรี,1594758
2022,Mar,ชลบุรี,1594758
2022,Apr,ชลบุรี,1594758
2022,May,ชลบุรี,1594758
2022,Jun,ชลบุรี,1594758
2022,Jul,ชลบุรี,1594758
2022,Aug,ชลบุรี,1594758
2022,Sep,ชลบุรี,1594758
2022,Oct,ชลบุรี,1594758
2022,Nov,ชลบุรี,1594758
2022,Dec,ชลบุรี,1594758
2022,Jan,ระยอง,759386
2022,Feb,ระยอง,759386
2022,Mar,ระยอง,759386
2022,Apr,ระยอง,759386
2022,May,ระยอง,759386
2022,Jun,ระยอง,759386
2022,Jul,ระยอง,759386
2022,Aug,ระยอง,759386
2022,Sep,ระยอง,759386
2022,Oct,ระยอง,759386
2022,Nov,ระยอง,759386
2022,Dec,ระยอง,759386
2022,Jan,จันทบุรี,536144
2022,Feb,จันทบุรี,536144
2022,Mar,จันทบุรี,536144
2022,Apr,จันทบุรี,536144
2022,May,จันทบุรี,536144
2022,Jun,จันทบุรี,536144
2022,Jul,จันทบุรี,536144
2022,Aug,จันทบุรี,536144
2022,Sep,จันทบุรี,536144
2022,Oct,จันทบุรี,536144
2022,Nov,จันทบุรี,536144
2022,Dec,จันทบุรี,536144
2022,Jan,ตราด,227808
2022,Feb,ตราด,227808
2022,Mar,ตราด,227808
2022,Apr,ตราด,227808
2022,May,ตราด,227808
2022,Jun,ตราด,227808
2022,Jul,ตราด,227808
2022,Aug,ตราด,227808
2022,Sep,ตราด,227808
2022,Oct,ตราด,227808
2022,Nov,ตราด,227808
2022,Dec,ตราด,227808
2022,Jan,ฉะเชิงเทรา,726687
2022,Feb,ฉะเชิงเทรา,726687
2022,Mar,ฉะเชิงเทรา,726687
2022,Apr,ฉะเชิงเทรา,726687
2022,May,ฉะเชิงเทรา,726687
2022,Jun,ฉะเชิงเทรา,726687
2022,Jul,ฉะเชิงเทรา,726687
2022,Aug,ฉะเชิงเทรา,726687
2022,Sep,ฉะเชิงเทรา,726687
2022,Oct,ฉะเชิงเทรา,726687
2022,Nov,ฉะเชิงเทรา,726687
2022,Dec,ฉะเชิงเทรา,726687
2022,Jan,ปราจีนบุรี,497778
2022,Feb,ปราจีนบุรี,497778
2022,Mar,ปราจีนบุรี,497778
2022,Apr,ปราจีนบุรี,497778
2022,May,ปราจีนบุรี,497778
2022,Jun,ปราจีนบุรี,497778
2022,Jul,ปราจีนบุรี,497778
2022,Aug,ปราจีนบุรี,497778
2022,Sep,ปราจีนบุรี,497778
2022,Oct,ปราจีนบุรี,497778
2022,Nov,ปราจีนบุรี,497778
2022,Dec,ปราจีนบุรี,497778
2022,Jan,นครนายก,260406
2022,Feb,นครนายก,260406
2022,Mar,นครนายก,260406
2022,Apr,นครนายก,260406
2022,May,นครนายก,260406
2022,Jun,นครนายก,260406
2022,Jul,นครนายก,260406
2022,Aug,นครนายก,260406
2022,Sep,นครนายก,260406
2022,Oct,นครนายก,260406
2022,Nov,นครนายก,260406
2022,Dec,นครนายก,260406
2022,Jan,สระแก้ว,562816
2022,Feb,สระแก้ว,562816
2022,Mar,สระแก้ว,562816
2022,Apr,สระแก้ว,562816
2022,May,สระแก้ว,562816
2022,Jun,สระแก้ว,562816
2022,Jul,สระแก้ว,562816
2022,Aug,สระแก้ว,562816
2022,Sep,สระแก้ว,562816
2022,Oct,สระแก้ว,562816
2022,Nov,สระแก้ว,562816
2022,Dec,สระแก้ว,562816
2022,Jan,นครราชสีมา,2630058
2022,Feb,นครราชสีมา,2630058
2022,Mar,นครราชสีมา,2630058
2022,Apr,นครราชสีมา,2630058
2022,May,นครราชสีมา,2630058
2022,Jun,นครราชสีมา,2630058
2022,Jul,นครราชสีมา,2630058
2022,Aug,นครราชสีมา,2630058
2022,Sep,นครราชสีมา,2630058
2022,Oct,นครราชสีมา,2630058
2022,Nov,นครราชสีมา,2630058
2022,Dec,นครราชสีมา,2630058
2022,Jan,บุรีรัมย์,1576915
2022,Feb,บุรีรัมย์,1576915
2022,Mar,บุรีรัมย์,1576915
2022,Apr,บุรีรัมย์,1576915
2022,May,บุรีรัมย์,1576915
2022,Jun,บุรีรัมย์,1576915
2022,Jul,บุรีรัมย์,1576915
2022,Aug,บุรีรัมย์,1576915
2022,Sep,บุรีรัมย์,1576915
2022,Oct,บุรีรัมย์,1576915
2022,Nov,บุรีรัมย์,1576915
2022,Dec,บุรีรัมย์,1576915
2022,Jan,สุรินทร์,1372910
2022,Feb,สุรินทร์,1372910
2022,Mar,สุรินทร์,1372910
2022,Apr,สุรินทร์,1372910
2022,May,สุรินทร์,1372910
2022,Jun,สุรินทร์,1372910
2022,Jul,สุรินทร์,1372910
2022,Aug,สุรินทร์,1372910
2022,Sep,สุรินทร์,1372910
2022,Oct,สุรินทร์,1372910
2022,Nov,สุรินทร์,1372910
2022,Dec,สุรินทร์,1372910
2022,Jan,ศรีสะเกษ,1454730
2022,Feb,ศรีสะเกษ,1454730
2022,Mar,ศรีสะเกษ,1454730
2022,Apr,ศรีสะเกษ,1454730
2022,May,ศรีสะเกษ,1454730
2022,Jun,ศรีสะเกษ,1454730
2022,Jul,ศรีสะเกษ,1454730
2022,Aug,ศรีสะเกษ,1454730
2022,Sep,ศรีสะเกษ,1454730
2022,Oct,ศรีสะเกษ,1454730
2022,Nov,ศรีสะเกษ,1454730
2022,Dec,ศรีสะเกษ,1454730
2022,Jan,อุบลราชธานี,1869806
2022,Feb,อุบลราชธานี,1869806
2022,Mar,อุบลราชธานี,1869806
2022,Apr,อุบลราชธานี,1869806
2022,May,อุบลราชธานี,1869806
2022,Jun,อุบลราชธานี,1869806
2022,Jul,อุบลราชธานี,1869806
2022,Aug,อุบลราชธานี,1869806
2022,Sep,อุบลราชธานี,1869806
2022,Oct,อุบลราชธานี,1869806
2022,Nov,อุบลราชธานี,1869806
2022,Dec,อุบลราชธานี,1869806
2022,Jan,ยโสธร,531599
2022,Feb,ยโสธร,531599
2022,Mar,ยโสธร,531599
2022,Apr,ยโสธร,531599
2022,May,ยโสธร,531599
2022,Jun,ยโสธร,531599
2022,Jul,ยโสธร,531599
2022,Aug,ยโสธร,531599
2022,Sep,ยโสธร,531599
2022,Oct,ยโสธร,531599
2022,Nov,ยโสธร,531599
2022,Dec,ยโสธร,531599
2022,Jan,ชัยภูมิ,1117925
2022,Feb,ชัยภูมิ,1117925
2022,Mar,ชัยภูมิ,1117925
2022,Apr,ชัยภูมิ,1117925
2022,May,ชัยภูมิ,1117925
2022,Jun,ชัยภูมิ,1117925
2022,Jul,ชัยภูมิ,1117925
2022,Aug,ชัยภูมิ,1117925
2022,Sep,ชัยภูมิ,1117925
2022,Oct,ชัยภูมิ,1117925
2022,Nov,ชัยภูมิ,1117925
2022,Dec,ชัยภูมิ,1117925
2022,Jan,อำนาจเจริญ,375382
2022,Feb,อำนาจเจริญ,375382
2022,Mar,อำนาจเจริญ,375382
2022,Apr,อำนาจเจริญ,375382
2022,May,อำนาจเจริญ,375382
2022,Jun,อำนาจเจริญ,375382
2022,Jul,อำนาจเจริญ,375382
2022,Aug,อำนาจเจริญ,375382
2022,Sep,อำนาจเจริญ,375382
2022,Oct,อำนาจเจริญ,375382
2022,Nov,อำนาจเจริญ,375382
2022,Dec,อำนาจเจริญ,375382
2022,Jan,บึงกาฬ,421684
2022,Feb,บึงกาฬ,421684
2022,Mar,บึงกาฬ,421684
2022,Apr,บึงกาฬ,421684
2022,May,บึงกาฬ,421684
2022,Jun,บึงกาฬ,421684
2022,Jul,บึงกาฬ,421684
2022,Aug,บึงกาฬ,421684
2022,Sep,บึงกาฬ,421684
2022,Oct,บึงกาฬ,421684
2022,Nov,บึงกาฬ,421684
2022,Dec,บึงกาฬ,421684
2022,Jan,หนองบัวลำภู,508325
2022,Feb,หนองบัวลำภู,508325
2022,Mar,หนองบัวลำภู,508325
2022,Apr,หนองบัวลำภู,508325
2022,May,หนองบัวลำภู,508325
2022,Jun,หนองบัวลำภู,508325
2022,Jul,หนองบัวลำภู,508325
2022,Aug,หนองบัวลำภู,508325
2022,Sep,หนองบัวลำภู,508325
2022,Oct,หนองบัวลำภู,508325
2022,Nov,หนองบัวลำภู,508325
2022,Dec,หนองบัวลำภู,508325
2022,Jan,ขอนแก่น,1784641
2022,Feb,ขอนแก่น,1784641
2022,Mar,ขอนแก่น,1784641
2022,Apr,ขอนแก่น,1784641
2022,May,ขอนแก่น,1784641
2022,Jun,ขอนแก่น,1784641
2022,Jul,ขอนแก่น,1784641
2022,Aug,ขอนแก่น,1784641
2022,Sep,ขอนแก่น,1784641
2022,Oct,ขอนแก่น,1784641
2022,Nov,ขอนแก่น,1784641
2022,Dec,ขอนแก่น,1784641
2022,Jan,อุดรธานี,1563048
2022,Feb,อุดรธานี,1563048
2022,Mar,อุดรธานี,1563048
2022,Apr,อุดรธานี,1563048
2022,May,อุดรธานี,1563048
2022,Jun,อุดรธานี,1563048
2022,Jul,อุดรธานี,1563048
2022,Aug,อุดรธานี,1563048
2022,Sep,อุดรธานี,1563048
2022,Oct,อุดรธานี,1563048
2022,Nov,อุดรธานี,1563048
2022,Dec,อุดรธานี,1563048
2022,Jan,เลย,637341
2022,Feb,เลย,637341
2022,Mar,เลย,637341
2022,Apr,เลย,637341
2022,May,เลย,637341
2022,Jun,เลย,637341
2022,Jul,เลย,637341
2022,Aug,เลย,637341
2022,Sep,เลย,637341
2022,Oct,เลย,637341
2022,Nov,เลย,637341
2022,Dec,เลย,637341
2022,Jan,หนองคาย,515795
2022,Feb,หนองคาย,515795
2022,Mar,หนองคาย,515795
2022,Apr,หนองคาย,515795
2022,May,หนองคาย,515795
2022,Jun,หนองคาย,515795
2022,Jul,หนองคาย,515795
2022,Aug,หนองคาย,515795
2022,Sep,หนองคาย,515795
2022,Oct,หนองคาย,515795
2022,Nov,หนองคาย,515795
2022,Dec,หนองคาย,515795
2022,Jan,มหาสารคาม,944605
2022,Feb,มหาสารคาม,944605
2022,Mar,มหาสารคาม,944605
2022,Apr,มหาสารคาม,944605
2022,May,มหาสารคาม,944605
2022,Jun,มหาสารคาม,944605
2022,Jul,มหาสารคาม,944605
2022,Aug,มหาสารคาม,944605
2022,Sep,มหาสารคาม,944605
2022,Oct,มหาสารคาม,944605
2022,Nov,มหาสารคาม,944605
2022,Dec,มหาสารคาม,944605
2022,Jan,ร้อยเอ็ด,1291131
2022,Feb,ร้อยเอ็ด,1291131
2022,Mar,ร้อยเอ็ด,1291131
2022,Apr,ร้อยเอ็ด,1291131
2022,May,ร้อยเอ็ด,1291131
2022,Jun,ร้อยเอ็ด,1291131
2022,Jul,ร้อยเอ็ด,1291131
2022,Aug,ร้อยเอ็ด,1291131
2022,Sep,ร้อยเอ็ด,1291131
2022,Oct,ร้อยเอ็ด,1291131
2022,Nov,ร้อยเอ็ด,1291131
2022,Dec,ร้อยเอ็ด,1291131
2022,Jan,กาฬสินธุ์,972101
2022,Feb,กาฬสินธุ์,972101
2022,Mar,กาฬสินธุ์,972101
2022,Apr,กาฬสินธุ์,972101
2022,May,กาฬสินธุ์,972101
2022,Jun,กาฬสินธุ์,972101
2022,Jul,กาฬสินธุ์,972101
2022,Aug,กาฬสินธุ์,972101
2022,Sep,กาฬสินธุ์,972101
2022,Oct,กาฬสินธุ์,972101
2022,Nov,กาฬสินธุ์,972101
2022,Dec,กาฬสินธุ์,972101
2022,Jan,สกลนคร,1145187
2022,Feb,สกลนคร,1145187
2022,Mar,สกลนคร,1145187
2022,Apr,สกลนคร,1145187
2022,May,สกลนคร,1145187
2022,Jun,สกลนคร,1145187
2022,Jul,สกลนคร,1145187
2022,Aug,สกลนคร,1145187
2022,Sep,สกลนคร,1145187
2022,Oct,สกลนคร,1145187
2022,Nov,สกลนคร,1145187
2022,Dec,สกลนคร,1145187
2022,Jan,นครพนม,716647
2022,Feb,นครพนม,716647
2022,Mar,นครพนม,716647
2022,Apr,นครพนม,716647
2022,May,นครพนม,716647
2022,Jun,นครพนม,716647
2022,Jul,นครพนม,716647
2022,Aug,นครพนม,716647
2022,Sep,นครพนม,716647
2022,Oct,นครพนม,716647
2022,Nov,นครพนม,716647
2022,Dec,นครพนม,716647
2022,Jan,มุกดาหาร,351588
2022,Feb,มุกดาหาร,351588
2022,Mar,มุกดาหาร,351588
2022,Apr,มุกดาหาร,351588
2022,May,มุกดาหาร,351588
2022,Jun,มุกดาหาร,351588
2022,Jul,มุกดาหาร,351588
2022,Aug,มุกดาหาร,351588
2022,Sep,มุกดาหาร,351588
2022,Oct,มุกดาหาร,351588
2022,Nov,มุกดาหาร,351588
2022,Dec,มุกดาหาร,351588
2022,Jan,เชียงใหม่,1792474
2022,Feb,เชียงใหม่,1792474
2022,Mar,เชียงใหม่,1792474
2022,Apr,เชียงใหม่,1792474
2022,May,เชียงใหม่,1792474
2022,Jun,เชียงใหม่,1792474
2022,Jul,เชียงใหม่,1792474
2022,Aug,เชียงใหม่,1792474
2022,Sep,เชียงใหม่,1792474
2022,Oct,เชียงใหม่,1792474
2022,Nov,เชียงใหม่,1792474
2022,Dec,เชียงใหม่,1792474
2022,Jan,ลำพูน,399557
2022,Feb,ลำพูน,399557
2022,Mar,ลำพูน,399557
2022,Apr,ลำพูน,399557
2022,May,ลำพูน,399557
2022,Jun,ลำพูน,399557
2022,Jul,ลำพูน,399557
2022,Aug,ลำพูน,399557
2022,Sep,ลำพูน,399557
2022,Oct,ลำพูน,399557
2022,Nov,ลำพูน,399557
2022,Dec,ลำพูน,399557
2022,Jan,ลำปาง,718790
2022,Feb,ลำปาง,718790
2022,Mar,ลำปาง,718790
2022,Apr,ลำปาง,718790
2022,May,ลำปาง,718790
2022,Jun,ลำปาง,718790
2022,Jul,ลำปาง,718790
2022,Aug,ลำปาง,718790
2022,Sep,ลำปาง,718790
2022,Oct,ลำปาง,718790
2022,Nov,ลำปาง,718790
2022,Dec,ลำปาง,718790
2022,Jan,อุตรดิตถ์,442949
2022,Feb,อุตรดิตถ์,442949
2022,Mar,อุตรดิตถ์,442949
2022,Apr,อุตรดิตถ์,442949
2022,May,อุตรดิตถ์,442949
2022,Jun,อุตรดิตถ์,442949
2022,Jul,อุตรดิตถ์,442949
2022,Aug,อุตรดิตถ์,442949
2022,Sep,อุตรดิตถ์,442949
2022,Oct,อุตรดิตถ์,442949
2022,Nov,อุตรดิตถ์,442949
2022,Dec,อุตรดิตถ์,442949
2022,Jan,แพร่,430669
2022,Feb,แพร่,430669
2022,Mar,แพร่,430669
2022,Apr,แพร่,430669
2022,May,แพร่,430669
2022,Jun,แพร่,430669
2022,Jul,แพร่,430669
2022,Aug,แพร่,430669
2022,Sep,แพร่,430669
2022,Oct,แพร่,430669
2022,Nov,แพร่,430669
2022,Dec,แพร่,430669
2022,Jan,น่าน,474539
2022,Feb,น่าน,474539
2022,Mar,น่าน,474539
2022,Apr,น่าน,474539
2022,May,น่าน,474539
2022,Jun,น่าน,474539
2022,Jul,น่าน,474539
2022,Aug,น่าน,474539
2022,Sep,น่าน,474539
2022,Oct,น่าน,474539
2022,Nov,น่าน,474539
2022,Dec,น่าน,474539
2022,Jan,พะเยา,461431
2022,Feb,พะเยา,461431
2022,Mar,พะเยา,461431
2022,Apr,พะเยา,461431
2022,May,พะเยา,461431
2022,Jun,พะเยา,461431
2022,Jul,พะเยา,461431
2022,Aug,พะเยา,461431
2022,Sep,พะเยา,461431
2022,Oct,พะเยา,461431
2022,Nov,พะเยา,461431
2022,Dec,พะเยา,461431
2022,Jan,เชียงราย,1299636
2022,Feb,เชียงราย,1299636
2022,Mar,เชียงราย,1299636
2022,Apr,เชียงราย,1299636
2022,May,เชียงราย,1299636
2022,Jun,เชียงราย,1299636
2022,Jul,เชียงราย,1299636
2022,Aug,เชียงราย,1299636
2022,Sep,เชียงราย,1299636
2022,Oct,เชียงราย,1299636
2022,Nov,เชียงราย,1299636
2022,Dec,เชียงราย,1299636
2022,Jan,แม่ฮ่องสอน,286786
2022,Feb,แม่ฮ่องสอน,286786
2022,Mar,แม่ฮ่องสอน,286786
2022,Apr,แม่ฮ่องสอน,286786
2022,May,แม่ฮ่องสอน,286786
2022,Jun,แม่ฮ่องสอน,286786
2022,Jul,แม่ฮ่องสอน,286786
2022,Aug,แม่ฮ่องสอน,286786
2022,Sep,แม่ฮ่องสอน,286786
2022,Oct,แม่ฮ่องสอน,286786
2022,Nov,แม่ฮ่องสอน,286786
2022,Dec,แม่ฮ่องสอน,286786
2022,Jan,นครสวรรค์,1028814
2022,Feb,นครสวรรค์,1028814
2022,Mar,นครสวรรค์,1028814
2022,Apr,นครสวรรค์,1028814
2022,May,นครสวรรค์,1028814
2022,Jun,นครสวรรค์,1028814
2022,Jul,นครสวรรค์,1028814
2022,Aug,นครสวรรค์,1028814
2022,Sep,นครสวรรค์,1028814
2022,Oct,นครสวรรค์,1028814
2022,Nov,นครสวรรค์,1028814
2022,Dec,นครสวรรค์,1028814
2022,Jan,อุทัยธานี,323860
2022,Feb,อุทัยธานี,323860
2022,Mar,อุทัยธานี,323860
2022,Apr,อุทัยธานี,323860
2022,May,อุทัยธานี,323860
2022,Jun,อุทัยธานี,323860
2022,Jul,อุทัยธานี,323860
2022,Aug,อุทัยธานี,323860
2022,Sep,อุทัยธานี,323860
2022,Oct,อุทัยธานี,323860
2022,Nov,อุทัยธานี,323860
2022,Dec,อุทัยธานี,323860
2022,Jan,กำแพงเพชร,708775
2022,Feb,กำแพงเพชร,708775
2022,Mar,กำแพงเพชร,708775
2022,Apr,กำแพงเพชร,708775
2022,May,กำแพงเพชร,708775
2022,Jun,กำแพงเพชร,708775
2022,Jul,กำแพงเพชร,708775
2022,Aug,กำแพงเพชร,708775
2022,Sep,กำแพงเพชร,708775
2022,Oct,กำแพงเพชร,708775
2022,Nov,กำแพงเพชร,708775
2022,Dec,กำแพงเพชร,708775
2022,Jan,ตาก,684140
2022,Feb,ตาก,684140
2022,Mar,ตาก,684140
2022,Apr,ตาก,684140
2022,May,ตาก,684140
2022,Jun,ตาก,684140
2022,Jul,ตาก,684140
2022,Aug,ตาก,684140
2022,Sep,ตาก,684140
2022,Oct,ตาก,684140
2022,Nov,ตาก,684140
2022,Dec,ตาก,684140
2022,Jan,สุโขทัย,581652
2022,Feb,สุโขทัย,581652
2022,Mar,สุโขทัย,581652
2022,Apr,สุโขทัย,581652
2022,May,สุโขทัย,581652
2022,Jun,สุโขทัย,581652
2022,Jul,สุโขทัย,581652
2022,Aug,สุโขทัย,581652
2022,Sep,สุโขทัย,581652
2022,Oct,สุโขทัย,581652
2022,Nov,สุโขทัย,581652
2022,Dec,สุโขทัย,581652
2022,Jan,พิษณุโลก,844494
2022,Feb,พิษณุโลก,844494
2022,Mar,พิษณุโลก,844494
2022,Apr,พิษณุโลก,844494
2022,May,พิษณุโลก,844494
2022,Jun,พิษณุโลก,844494
2022,Jul,พิษณุโลก,844494
2022,Aug,พิษณุโลก,844494
2022,Sep,พิษณุโลก,844494
2022,Oct,พิษณุโลก,844494
2022,Nov,พิษณุโลก,844494
2022,Dec,พิษณุโลก,844494
2022,Jan,พิจิตร,525944
2022,Feb,พิจิตร,525944
2022,Mar,พิจิตร,525944
2022,Apr,พิจิตร,525944
2022,May,พิจิตร,525944
2022,Jun,พิจิตร,525944
2022,Jul,พิจิตร,525944
2022,Aug,พิจิตร,525944
2022,Sep,พิจิตร,525944
2022,Oct,พิจิตร,525944
2022,Nov,พิจิตร,525944
2022,Dec,พิจิตร,525944
2022,Jan,เพชรบูรณ์,973386
2022,Feb,เพชรบูรณ์,973386
2022,Mar,เพชรบูรณ์,973386
2022,Apr,เพชรบูรณ์,973386
2022,May,เพชรบูรณ์,973386
2022,Jun,เพชรบูรณ์,973386
2022,Jul,เพชรบูรณ์,973386
2022,Aug,เพชรบูรณ์,973386
2022,Sep,เพชรบูรณ์,973386
2022,Oct,เพชรบูรณ์,973386
2022,Nov,เพชรบูรณ์,973386
2022,Dec,เพชรบูรณ์,973386
2022,Jan,ราชบุรี,865807
2022,Feb,ราชบุรี,865807
2022,Mar,ราชบุรี,865807
2022,Apr,ราชบุรี,865807
2022,May,ราชบุรี,865807
2022,Jun,ราชบุรี,865807
2022,Jul,ราชบุรี,865807
2022,Aug,ราชบุรี,865807
2022,Sep,ราชบุรี,865807
2022,Oct,ราชบุรี,865807
2022,Nov,ราชบุรี,865807
2022,Dec,ราชบุรี,865807
2022,Jan,กาญจนบุรี,894283
2022,Feb,กาญจนบุรี,894283
2022,Mar,กาญจนบุรี,894283
2022,Apr,กาญจนบุรี,894283
2022,May,กาญจนบุรี,894283
2022,Jun,กาญจนบุรี,894283
2022,Jul,กาญจนบุรี,894283
2022,Aug,กาญจนบุรี,894283
2022,Sep,กาญจนบุรี,894283
2022,Oct,กาญจนบุรี,894283
2022,Nov,กาญจนบุรี,894283
2022,Dec,กาญจนบุรี,894283
2022,Jan,สุพรรณบุรี,830695
2022,Feb,สุพรรณบุรี,830695
2022,Mar,สุพรรณบุรี,830695
2022,Apr,สุพรรณบุรี,830695
2022,May,สุพรรณบุรี,830695
2022,Jun,สุพรรณบุรี,830695
2022,Jul,สุพรรณบุรี,830695
2022,Aug,สุพรรณบุรี,830695
2022,Sep,สุพรรณบุรี,830695
2022,Oct,สุพรรณบุรี,830695
2022,Nov,สุพรรณบุรี,830695
2022,Dec,สุพรรณบุรี,830695
2022,Jan,นครปฐม,921882
2022,Feb,นครปฐม,921882
2022,Mar,นครปฐม,921882
2022,Apr,นครปฐม,921882
2022,May,นครปฐม,921882
2022,Jun,นครปฐม,921882
2022,Jul,นครปฐม,921882
2022,Aug,นครปฐม,921882
2022,Sep,นครปฐม,921882
2022,Oct,นครปฐม,921882
2022,Nov,นครปฐม,921882
2022,Dec,นครปฐม,921882
2022,Jan,สมุทรสาคร,589428
2022,Feb,สมุทรสาคร,589428
2022,Mar,สมุทรสาคร,589428
2022,Apr,สมุทรสาคร,589428
2022,May,สมุทรสาคร,589428
2022,Jun,สมุทรสาคร,589428
2022,Jul,สมุทรสาคร,589428
2022,Aug,สมุทรสาคร,589428
2022,Sep,สมุทรสาคร,589428
2022,Oct,สมุทรสาคร,589428
2022,Nov,สมุทรสาคร,589428
2022,Dec,สมุทรสาคร,589428
2022,Jan,สมุทรสงคราม,189453
2022,Feb,สมุทรสงคราม,189453
2022,Mar,สมุทรสงคราม,189453
2022,Apr,สมุทรสงคราม,189453
2022,May,สมุทรสงคราม,189453
2022,Jun,สมุทรสงคราม,189453
2022,Jul,สมุทรสงคราม,189453
2022,Aug,สมุทรสงคราม,189453
2022,Sep,สมุทรสงคราม,189453
2022,Oct,สมุทรสงคราม,189453
2022,Nov,สมุทรสงคราม,189453
2022,Dec,สมุทรสงคราม,189453
2022,Jan,เพชรบุรี,482950
2022,Feb,เพชรบุรี,482950
2022,Mar,เพชรบุรี,482950
2022,Apr,เพชรบุรี,482950
2022,May,เพชรบุรี,482950
2022,Jun,เพชรบุรี,482950
2022,Jul,เพชรบุรี,482950
2022,Aug,เพชรบุรี,482950
2022,Sep,เพชรบุรี,482950
2022,Oct,เพชรบุรี,482950
2022,Nov,เพชรบุรี,482950
2022,Dec,เพชรบุรี,482950
2022,Jan,ประจวบคีรีขันธ์,553298
2022,Feb,ประจวบคีรีขันธ์,553298
2022,Mar,ประจวบคีรีขันธ์,553298
2022,Apr,ประจวบคีรีขันธ์,553298
2022,May,ประจวบคีรีขันธ์,553298
2022,Jun,ประจวบคีรีขันธ์,553298
2022,Jul,ประจวบคีรีขันธ์,553298
2022,Aug,ประจวบคีรีขันธ์,553298
2022,Sep,ประจวบคีรีขันธ์,553298
2022,Oct,ประจวบคีรีขันธ์,553298
2022,Nov,ประจวบคีรีขันธ์,553298
2022,Dec,ประจวบคีรีขันธ์,553298
2022,Jan,นครศรีธรรมราช,1545147
2022,Feb,นครศรีธรรมราช,1545147
2022,Mar,นครศรีธรรมราช,1545147
2022,Apr,นครศรีธรรมราช,1545147
2022,May,นครศรีธรรมราช,1545147
2022,Jun,นครศรีธรรมราช,1545147
2022,Jul,นครศรีธรรมราช,1545147
2022,Aug,นครศรีธรรมราช,1545147
2022,Sep,นครศรีธรรมราช,1545147
2022,Oct,นครศรีธรรมราช,1545147
2022,Nov,นครศรีธรรมราช,1545147
2022,Dec,นครศรีธรรมราช,1545147
2022,Jan,กระบี่,480057
2022,Feb,กระบี่,480057
2022,Mar,กระบี่,480057
2022,Apr,กระบี่,480057
2022,May,กระบี่,480057
2022,Jun,กระบี่,480057
2022,Jul,กระบี่,480057
2022,Aug,กระบี่,480057
2022,Sep,กระบี่,480057
2022,Oct,กระบี่,480057
2022,Nov,กระบี่,480057
2022,Dec,กระบี่,480057
2022,Jan,พังงา,267442
2022,Feb,พังงา,267442
2022,Mar,พังงา,267442
2022,Apr,พังงา,267442
2022,May,พังงา,267442
2022,Jun,พังงา,267442
2022,Jul,พังงา,267442
2022,Aug,พังงา,267442
2022,Sep,พังงา,267442
2022,Oct,พังงา,267442
2022,Nov,พังงา,267442
2022,Dec,พังงา,267442
2022,Jan,ภูเก็ต,417891
2022,Feb,ภูเก็ต,417891
2022,Mar,ภูเก็ต,417891
2022,Apr,ภูเก็ต,417891
2022,May,ภูเก็ต,417891
2022,Jun,ภูเก็ต,417891
2022,Jul,ภูเก็ต,417891
2022,Aug,ภูเก็ต,417891
2022,Sep,ภูเก็ต,417891
2022,Oct,ภูเก็ต,417891
2022,Nov,ภูเก็ต,417891
2022,Dec,ภูเก็ต,417891
2022,Jan,สุราษฎร์ธานี,1073663
2022,Feb,สุราษฎร์ธานี,1073663
2022,Mar,สุราษฎร์ธานี,1073663
2022,Apr,สุราษฎร์ธานี,1073663
2022,May,สุราษฎร์ธานี,1073663
2022,Jun,สุราษฎร์ธานี,1073663
2022,Jul,สุราษฎร์ธานี,1073663
2022,Aug,สุราษฎร์ธานี,1073663
2022,Sep,สุราษฎร์ธานี,1073663
2022,Oct,สุราษฎร์ธานี,1073663
2022,Nov,สุราษฎร์ธานี,1073663
2022,Dec,สุราษฎร์ธานี,1073663
2022,Jan,ระนอง,194226
2022,Feb,ระนอง,194226
2022,Mar,ระนอง,194226
2022,Apr,ระนอง,194226
2022,May,ระนอง,194226
2022,Jun,ระนอง,194226
2022,Jul,ระนอง,194226
2022,Aug,ระนอง,194226
2022,Sep,ระนอง,194226
2022,Oct,ระนอง,194226
2022,Nov,ระนอง,194226
2022,Dec,ระนอง,194226
2022,Jan,ชุมพร,509385
2022,Feb,ชุมพร,509385
2022,Mar,ชุมพร,509385
2022,Apr,ชุมพร,509385
2022,May,ชุมพร,509385
2022,Jun,ชุมพร,509385
2022,Jul,ชุมพร,509385
2022,Aug,ชุมพร,509385
2022,Sep,ชุมพร,509385
2022,Oct,ชุมพร,509385
2022,Nov,ชุมพร,509385
2022,Dec,ชุมพร,509385
2022,Jan,สงขลา,1431063
2022,Feb,สงขลา,1431063
2022,Mar,สงขลา,1431063
2022,Apr,สงขลา,1431063
2022,May,สงขลา,1431063
2022,Jun,สงขลา,1431063
2022,Jul,สงขลา,1431063
2022,Aug,สงขลา,1431063
2022,Sep,สงขลา,1431063
2022,Oct,สงขลา,1431063
2022,Nov,สงขลา,1431063
2022,Dec,สงขลา,1431063
2022,Jan,สตูล,325303
2022,Feb,สตูล,325303
2022,Mar,สตูล,325303
2022,Apr,สตูล,325303
2022,May,สตูล,325303
2022,Jun,สตูล,325303
2022,Jul,สตูล,325303
2022,Aug,สตูล,325303
2022,Sep,สตูล,325303
2022,Oct,สตูล,325303
2022,Nov,สตูล,325303
2022,Dec,สตูล,325303
2022,Jan,ตรัง,638206
2022,Feb,ตรัง,638206
2022,Mar,ตรัง,638206
2022,Apr,ตรัง,638206
2022,May,ตรัง,638206
2022,Jun,ตรัง,638206
2022,Jul,ตรัง,638206
2022,Aug,ตรัง,638206
2022,Sep,ตรัง,638206
2022,Oct,ตรัง,638206
2022,Nov,ตรัง,638206
2022,Dec,ตรัง,638206
2022,Jan,พัทลุง,521619
2022,Feb,พัทลุง,521619
2022,Mar,พัทลุง,521619
2022,Apr,พัทลุง,521619
2022,May,พัทลุง,521619
2022,Jun,พัทลุง,521619
2022,Jul,พัทลุง,521619
2022,Aug,พัทลุง,521619
2022,Sep,พัทลุง,521619
2022,Oct,พัทลุง,521619
2022,Nov,พัทลุง,521619
2022,Dec,พัทลุง,521619
2022,Jan,ปัตตานี,732955
2022,Feb,ปัตตานี,732955
2022,Mar,ปัตตานี,732955
2022,Apr,ปัตตานี,732955
2022,May,ปัตตานี,732955
2022,Jun,ปัตตานี,732955
2022,Jul,ปัตตานี,732955
2022,Aug,ปัตตานี,732955
2022,Sep,ปัตตานี,732955
2022,Oct,ปัตตานี,732955
2022,Nov,ปัตตานี,732955
2022,Dec,ปัตตานี,732955
2022,Jan,ยะลา,545913
2022,Feb,ยะลา,545913
2022,Mar,ยะลา,545913
2022,Apr,ยะลา,545913
2022,May,ยะลา,545913
2022,Jun,ยะลา,545913
2022,Jul,ยะลา,545913
2022,Aug,ยะลา,545913
2022,Sep,ยะลา,545913
2022,Oct,ยะลา,545913
2022,Nov,ยะลา,545913
2022,Dec,ยะลา,545913
2022,Jan,นราธิวาส,814121
2022,Feb,นราธิวาส,814121
2022,Mar,นราธิวาส,814121
2022,Apr,นราธิวาส,814121
2022,May,นราธิวาส,814121
2022,Jun,นราธิวาส,814121
2022,Jul,นราธิวาส,814121
2022,Aug,นราธิวาส,814121
2022,Sep,นราธิวาส,814121
2022,Oct,นราธิวาส,814121
2022,Nov,นราธิวาส,814121
2022,Dec,นราธิวาส,814121
2020,Jan,กรุงเทพมหานคร,5588222
2020,Feb,กรุงเทพมหานคร,5588222
2020,Mar,กรุงเทพมหานคร,5588222
2020,Apr,กรุงเทพมหานคร,5588222
2020,May,กรุงเทพมหานคร,5588222
2020,Jun,กรุงเทพมหานคร,5588222
2020,Jul,กรุงเทพมหานคร,5588222
2020,Aug,กรุงเทพมหานคร,5588222
2020,Sep,กรุงเทพมหานคร,5588222
2020,Oct,กรุงเทพมหานคร,5588222
2020,Nov,กรุงเทพมหานคร,5588222
2020,Dec,กรุงเทพมหานคร,5588222
2020,Jan,สมุทรปราการ,1351479
2020,Feb,สมุทรปราการ,1351479
2020,Mar,สมุทรปราการ,1351479
2020,Apr,สมุทรปราการ,1351479
2020,May,สมุทรปราการ,1351479
2020,Jun,สมุทรปราการ,1351479
2020,Jul,สมุทรปราการ,1351479
2020,Aug,สมุทรปราการ,1351479
2020,Sep,สมุทรปราการ,1351479
2020,Oct,สมุทรปราการ,1351479
2020,Nov,สมุทรปราการ,1351479
2020,Dec,สมุทรปราการ,1351479
2020,Jan,นนทบุรี,1276745
2020,Feb,นนทบุรี,1276745
2020,Mar,นนทบุรี,1276745
2020,Apr,นนทบุรี,1276745
2020,May,นนทบุรี,1276745
2020,Jun,นนทบุรี,1276745
2020,Jul,นนทบุรี,1276745
2020,Aug,นนทบุรี,1276745
2020,Sep,นนทบุรี,1276745
2020,Oct,นนทบุรี,1276745
2020,Nov,นนทบุรี,1276745
2020,Dec,นนทบุรี,1276745
2020,Jan,ปทุมธานี,1176412
2020,Feb,ปทุมธานี,1176412
2020,Mar,ปทุมธานี,1176412
2020,Apr,ปทุมธานี,1176412
2020,May,ปทุมธานี,1176412
2020,Jun,ปทุมธานี,1176412
2020,Jul,ปทุมธานี,1176412
2020,Aug,ปทุมธานี,1176412
2020,Sep,ปทุมธานี,1176412
2020,Oct,ปทุมธานี,1176412
2020,Nov,ปทุมธานี,1176412
2020,Dec,ปทุมธานี,1176412
2020,Jan,พระนครศรีอยุธยา,819088
2020,Feb,พระนครศรีอยุธยา,819088
2020,Mar,พระนครศรีอยุธยา,819088
2020,Apr,พระนครศรีอยุธยา,819088
2020,May,พระนครศรีอยุธยา,819088
2020,Jun,พระนครศรีอยุธยา,819088
2020,Jul,พระนครศรีอยุธยา,819088
2020,Aug,พระนครศรีอยุธยา,819088
2020,Sep,พระนครศรีอยุธยา,819088
2020,Oct,พระนครศรีอยุธยา,819088
2020,Nov,พระนครศรีอยุธยา,819088
2020,Dec,พระนครศรีอยุธยา,819088
2020,Jan,อ่างทอง,276584
2020,Feb,อ่างทอง,276584
2020,Mar,อ่างทอง,276584
2020,Apr,อ่างทอง,276584
2020,May,อ่างทอง,276584
2020,Jun,อ่างทอง,276584
2020,Jul,อ่างทอง,276584
2020,Aug,อ่างทอง,276584
2020,Sep,อ่างทอง,276584
2020,Oct,อ่างทอง,276584
2020,Nov,อ่างทอง,276584
2020,Dec,อ่างทอง,276584
2020,Jan,ลพบุรี,742928
2020,Feb,ลพบุรี,742928
2020,Mar,ลพบุรี,742928
2020,Apr,ลพบุรี,742928
2020,May,ลพบุรี,742928
2020,Jun,ลพบุรี,742928
2020,Jul,ลพบุรี,742928
2020,Aug,ลพบุรี,742928
2020,Sep,ลพบุรี,742928
2020,Oct,ลพบุรี,742928
2020,Nov,ลพบุรี,742928
2020,Dec,ลพบุรี,742928
2020,Jan,สิงห์บุรี,205898
2020,Feb,สิงห์บุรี,205898
2020,Mar,สิงห์บุรี,205898
2020,Apr,สิงห์บุรี,205898
2020,May,สิงห์บุรี,205898
2020,Jun,สิงห์บุรี,205898
2020,Jul,สิงห์บุรี,205898
2020,Aug,สิงห์บุรี,205898
2020,Sep,สิงห์บุรี,205898
2020,Oct,สิงห์บุรี,205898
2020,Nov,สิงห์บุรี,205898
2020,Dec,สิงห์บุรี,205898
2020,Jan,ชัยนาท,322477
2020,Feb,ชัยนาท,322477
2020,Mar,ชัยนาท,322477
2020,Apr,ชัยนาท,322477
2020,May,ชัยนาท,322477
2020,Jun,ชัยนาท,322477
2020,Jul,ชัยนาท,322477
2020,Aug,ชัยนาท,322477
2020,Sep,ชัยนาท,322477
2020,Oct,ชัยนาท,322477
2020,Nov,ชัยนาท,322477
2020,Dec,ชัยนาท,322477
2020,Jan,สระบุรี,643828
2020,Feb,สระบุรี,643828
2020,Mar,สระบุรี,643828
2020,Apr,สระบุรี,643828
2020,May,สระบุรี,643828
2020,Jun,สระบุรี,643828
2020,Jul,สระบุรี,643828
2020,Aug,สระบุรี,643828
2020,Sep,สระบุรี,643828
2020,Oct,สระบุรี,643828
2020,Nov,สระบุรี,643828
2020,Dec,สระบุรี,643828
2020,Jan,ชลบุรี,1566885
2020,Feb,ชลบุรี,1566885
2020,Mar,ชลบุรี,1566885
2020,Apr,ชลบุรี,1566885
2020,May,ชลบุรี,1566885
2020,Jun,ชลบุรี,1566885
2020,Jul,ชลบุรี,1566885
2020,Aug,ชลบุรี,1566885
2020,Sep,ชลบุรี,1566885
2020,Oct,ชลบุรี,1566885
2020,Nov,ชลบุรี,1566885
2020,Dec,ชลบุรี,1566885
2020,Jan,ระยอง,741524
2020,Feb,ระยอง,741524
2020,Mar,ระยอง,741524
2020,Apr,ระยอง,741524
2020,May,ระยอง,741524
2020,Jun,ระยอง,741524
2020,Jul,ระยอง,741524
2020,Aug,ระยอง,741524
2020,Sep,ระยอง,741524
2020,Oct,ระยอง,741524
2020,Nov,ระยอง,741524
2020,Dec,ระยอง,741524
2020,Jan,จันทบุรี,535559
2020,Feb,จันทบุรี,535559
2020,Mar,จันทบุรี,535559
2020,Apr,จันทบุรี,535559
2020,May,จันทบุรี,535559
2020,Jun,จันทบุรี,535559
2020,Jul,จันทบุรี,535559
2020,Aug,จันทบุรี,535559
2020,Sep,จันทบุรี,535559
2020,Oct,จันทบุรี,535559
2020,Nov,จันทบุรี,535559
2020,Dec,จันทบุรี,535559
2020,Jan,ตราด,228536
2020,Feb,ตราด,228536
2020,Mar,ตราด,228536
2020,Apr,ตราด,228536
2020,May,ตราด,228536
2020,Jun,ตราด,228536
2020,Jul,ตราด,228536
2020,Aug,ตราด,228536
2020,Sep,ตราด,228536
2020,Oct,ตราด,228536
2020,Nov,ตราด,228536
2020,Dec,ตราด,228536
2020,Jan,ฉะเชิงเทรา,720718
2020,Feb,ฉะเชิงเทรา,720718
2020,Mar,ฉะเชิงเทรา,720718
2020,Apr,ฉะเชิงเทรา,720718
2020,May,ฉะเชิงเทรา,720718
2020,Jun,ฉะเชิงเทรา,720718
2020,Jul,ฉะเชิงเทรา,720718
2020,Aug,ฉะเชิงเทรา,720718
2020,Sep,ฉะเชิงเทรา,720718
2020,Oct,ฉะเชิงเทรา,720718
2020,Nov,ฉะเชิงเทรา,720718
2020,Dec,ฉะเชิงเทรา,720718
2020,Jan,ปราจีนบุรี,493670
2020,Feb,ปราจีนบุรี,493670
2020,Mar,ปราจีนบุรี,493670
2020,Apr,ปราจีนบุรี,493670
2020,May,ปราจีนบุรี,493670
2020,Jun,ปราจีนบุรี,493670
2020,Jul,ปราจีนบุรี,493670
2020,Aug,ปราจีนบุรี,493670
2020,Sep,ปราจีนบุรี,493670
2020,Oct,ปราจีนบุรี,493670
2020,Nov,ปราจีนบุรี,493670
2020,Dec,ปราจีนบุรี,493670
2020,Jan,นครนายก,260081
2020,Feb,นครนายก,260081
2020,Mar,นครนายก,260081
2020,Apr,นครนายก,260081
2020,May,นครนายก,260081
2020,Jun,นครนายก,260081
2020,Jul,นครนายก,260081
2020,Aug,นครนายก,260081
2020,Sep,นครนายก,260081
2020,Oct,นครนายก,260081
2020,Nov,นครนายก,260081
2020,Dec,นครนายก,260081
2020,Jan,สระแก้ว,560925
2020,Feb,สระแก้ว,560925
2020,Mar,สระแก้ว,560925
2020,Apr,สระแก้ว,560925
2020,May,สระแก้ว,560925
2020,Jun,สระแก้ว,560925
2020,Jul,สระแก้ว,560925
2020,Aug,สระแก้ว,560925
2020,Sep,สระแก้ว,560925
2020,Oct,สระแก้ว,560925
2020,Nov,สระแก้ว,560925
2020,Dec,สระแก้ว,560925
2020,Jan,นครราชสีมา,2633207
2020,Feb,นครราชสีมา,2633207
2020,Mar,นครราชสีมา,2633207
2020,Apr,นครราชสีมา,2633207
2020,May,นครราชสีมา,2633207
2020,Jun,นครราชสีมา,2633207
2020,Jul,นครราชสีมา,2633207
2020,Aug,นครราชสีมา,2633207
2020,Sep,นครราชสีมา,2633207
2020,Oct,นครราชสีมา,2633207
2020,Nov,นครราชสีมา,2633207
2020,Dec,นครราชสีมา,2633207
2020,Jan,บุรีรัมย์,1581184
2020,Feb,บุรีรัมย์,1581184
2020,Mar,บุรีรัมย์,1581184
2020,Apr,บุรีรัมย์,1581184
2020,May,บุรีรัมย์,1581184
2020,Jun,บุรีรัมย์,1581184
2020,Jul,บุรีรัมย์,1581184
2020,Aug,บุรีรัมย์,1581184
2020,Sep,บุรีรัมย์,1581184
2020,Oct,บุรีรัมย์,1581184
2020,Nov,บุรีรัมย์,1581184
2020,Dec,บุรีรัมย์,1581184
2020,Jan,สุรินทร์,1378221
2020,Feb,สุรินทร์,1378221
2020,Mar,สุรินทร์,1378221
2020,Apr,สุรินทร์,1378221
2020,May,สุรินทร์,1378221
2020,Jun,สุรินทร์,1378221
2020,Jul,สุรินทร์,1378221
2020,Aug,สุรินทร์,1378221
2020,Sep,สุรินทร์,1378221
2020,Oct,สุรินทร์,1378221
2020,Nov,สุรินทร์,1378221
2020,Dec,สุรินทร์,1378221
2020,Jan,ศรีสะเกษ,1458580
2020,Feb,ศรีสะเกษ,1458580
2020,Mar,ศรีสะเกษ,1458580
2020,Apr,ศรีสะเกษ,1458580
2020,May,ศรีสะเกษ,1458580
2020,Jun,ศรีสะเกษ,1458580
2020,Jul,ศรีสะเกษ,1458580
2020,Aug,ศรีสะเกษ,1458580
2020,Sep,ศรีสะเกษ,1458580
2020,Oct,ศรีสะเกษ,1458580
2020,Nov,ศรีสะเกษ,1458580
2020,Dec,ศรีสะเกษ,1458580
2020,Jan,อุบลราชธานี,1866697
2020,Feb,อุบลราชธานี,1866697
2020,Mar,อุบลราชธานี,1866697
2020,Apr,อุบลราชธานี,1866697
2020,May,อุบลราชธานี,1866697
2020,Jun,อุบลราชธานี,1866697
2020,Jul,อุบลราชธานี,1866697
2020,Aug,อุบลราชธานี,1866697
2020,Sep,อุบลราชธานี,1866697
2020,Oct,อุบลราชธานี,1866697
2020,Nov,อุบลราชธานี,1866697
2020,Dec,อุบลราชธานี,1866697
2020,Jan,ยโสธร,534500
2020,Feb,ยโสธร,534500
2020,Mar,ยโสธร,534500
2020,Apr,ยโสธร,534500
2020,May,ยโสธร,534500
2020,Jun,ยโสธร,534500
2020,Jul,ยโสธร,534500
2020,Aug,ยโสธร,534500
2020,Sep,ยโสธร,534500
2020,Oct,ยโสธร,534500
2020,Nov,ยโสธร,534500
2020,Dec,ยโสธร,534500
2020,Jan,ชัยภูมิ,1124924
2020,Feb,ชัยภูมิ,1124924
2020,Mar,ชัยภูมิ,1124924
2020,Apr,ชัยภูมิ,1124924
2020,May,ชัยภูมิ,1124924
2020,Jun,ชัยภูมิ,1124924
2020,Jul,ชัยภูมิ,1124924
2020,Aug,ชัยภูมิ,1124924
2020,Sep,ชัยภูมิ,1124924
2020,Oct,ชัยภูมิ,1124924
2020,Nov,ชัยภูมิ,1124924
2020,Dec,ชัยภูมิ,1124924
2020,Jan,อำนาจเจริญ,376195
2020,Feb,อำนาจเจริญ,376195
2020,Mar,อำนาจเจริญ,376195
2020,Apr,อำนาจเจริญ,376195
2020,May,อำนาจเจริญ,376195
2020,Jun,อำนาจเจริญ,376195
2020,Jul,อำนาจเจริญ,376195
2020,Aug,อำนาจเจริญ,376195
2020,Sep,อำนาจเจริญ,376195
2020,Oct,อำนาจเจริญ,376195
2020,Nov,อำนาจเจริญ,376195
2020,Dec,อำนาจเจริญ,376195
2020,Jan,บึงกาฬ,422042
2020,Feb,บึงกาฬ,422042
2020,Mar,บึงกาฬ,422042
2020,Apr,บึงกาฬ,422042
2020,May,บึงกาฬ,422042
2020,Jun,บึงกาฬ,422042
2020,Jul,บึงกาฬ,422042
2020,Aug,บึงกาฬ,422042
2020,Sep,บึงกาฬ,422042
2020,Oct,บึงกาฬ,422042
2020,Nov,บึงกาฬ,422042
2020,Dec,บึงกาฬ,422042
2020,Jan,หนองบัวลำภู,509470
2020,Feb,หนองบัวลำภู,509470
2020,Mar,หนองบัวลำภู,509470
2020,Apr,หนองบัวลำภู,509470
2020,May,หนองบัวลำภู,509470
2020,Jun,หนองบัวลำภู,509470
2020,Jul,หนองบัวลำภู,509470
2020,Aug,หนองบัวลำภู,509470
2020,Sep,หนองบัวลำภู,509470
2020,Oct,หนองบัวลำภู,509470
2020,Nov,หนองบัวลำภู,509470
2020,Dec,หนองบัวลำภู,509470
2020,Jan,ขอนแก่น,1794531
2020,Feb,ขอนแก่น,1794531
2020,Mar,ขอนแก่น,1794531
2020,Apr,ขอนแก่น,1794531
2020,May,ขอนแก่น,1794531
2020,Jun,ขอนแก่น,1794531
2020,Jul,ขอนแก่น,1794531
2020,Aug,ขอนแก่น,1794531
2020,Sep,ขอนแก่น,1794531
2020,Oct,ขอนแก่น,1794531
2020,Nov,ขอนแก่น,1794531
2020,Dec,ขอนแก่น,1794531
2020,Jan,อุดรธานี,1567983
2020,Feb,อุดรธานี,1567983
2020,Mar,อุดรธานี,1567983
2020,Apr,อุดรธานี,1567983
2020,May,อุดรธานี,1567983
2020,Jun,อุดรธานี,1567983
2020,Jul,อุดรธานี,1567983
2020,Aug,อุดรธานี,1567983
2020,Sep,อุดรธานี,1567983
2020,Oct,อุดรธานี,1567983
2020,Nov,อุดรธานี,1567983
2020,Dec,อุดรธานี,1567983
2020,Jan,เลย,638736
2020,Feb,เลย,638736
2020,Mar,เลย,638736
2020,Apr,เลย,638736
2020,May,เลย,638736
2020,Jun,เลย,638736
2020,Jul,เลย,638736
2020,Aug,เลย,638736
2020,Sep,เลย,638736
2020,Oct,เลย,638736
2020,Nov,เลย,638736
2020,Dec,เลย,638736
2020,Jan,หนองคาย,517435
2020,Feb,หนองคาย,517435
2020,Mar,หนองคาย,517435
2020,Apr,หนองคาย,517435
2020,May,หนองคาย,517435
2020,Jun,หนองคาย,517435
2020,Jul,หนองคาย,517435
2020,Aug,หนองคาย,517435
2020,Sep,หนองคาย,517435
2020,Oct,หนองคาย,517435
2020,Nov,หนองคาย,517435
2020,Dec,หนองคาย,517435
2020,Jan,มหาสารคาม,953660
2020,Feb,มหาสารคาม,953660
2020,Mar,มหาสารคาม,953660
2020,Apr,มหาสารคาม,953660
2020,May,มหาสารคาม,953660
2020,Jun,มหาสารคาม,953660
2020,Jul,มหาสารคาม,953660
2020,Aug,มหาสารคาม,953660
2020,Sep,มหาสารคาม,953660
2020,Oct,มหาสารคาม,953660
2020,Nov,มหาสารคาม,953660
2020,Dec,มหาสารคาม,953660
2020,Jan,ร้อยเอ็ด,1298640
2020,Feb,ร้อยเอ็ด,1298640
2020,Mar,ร้อยเอ็ด,1298640
2020,Apr,ร้อยเอ็ด,1298640
2020,May,ร้อยเอ็ด,1298640
2020,Jun,ร้อยเอ็ด,1298640
2020,Jul,ร้อยเอ็ด,1298640
2020,Aug,ร้อยเอ็ด,1298640
2020,Sep,ร้อยเอ็ด,1298640
2020,Oct,ร้อยเอ็ด,1298640
2020,Nov,ร้อยเอ็ด,1298640
2020,Dec,ร้อยเอ็ด,1298640
2020,Jan,กาฬสินธุ์,977175
2020,Feb,กาฬสินธุ์,977175
2020,Mar,กาฬสินธุ์,977175
2020,Apr,กาฬสินธุ์,977175
2020,May,กาฬสินธุ์,977175
2020,Jun,กาฬสินธุ์,977175
2020,Jul,กาฬสินธุ์,977175
2020,Aug,กาฬสินธุ์,977175
2020,Sep,กาฬสินธุ์,977175
2020,Oct,กาฬสินธุ์,977175
2020,Nov,กาฬสินธุ์,977175
2020,Dec,กาฬสินธุ์,977175
2020,Jan,สกลนคร,1146936
2020,Feb,สกลนคร,1146936
2020,Mar,สกลนคร,1146936
2020,Apr,สกลนคร,1146936
2020,May,สกลนคร,1146936
2020,Jun,สกลนคร,1146936
2020,Jul,สกลนคร,1146936
2020,Aug,สกลนคร,1146936
2020,Sep,สกลนคร,1146936
2020,Oct,สกลนคร,1146936
2020,Nov,สกลนคร,1146936
2020,Dec,สกลนคร,1146936
2020,Jan,นครพนม,717201
2020,Feb,นครพนม,717201
2020,Mar,นครพนม,717201
2020,Apr,นครพนม,717201
2020,May,นครพนม,717201
2020,Jun,นครพนม,717201
2020,Jul,นครพนม,717201
2020,Aug,นครพนม,717201
2020,Sep,นครพนม,717201
2020,Oct,นครพนม,717201
2020,Nov,นครพนม,717201
2020,Dec,นครพนม,717201
2020,Jan,มุกดาหาร,350911
2020,Feb,มุกดาหาร,350911
2020,Mar,มุกดาหาร,350911
2020,Apr,มุกดาหาร,350911
2020,May,มุกดาหาร,350911
2020,Jun,มุกดาหาร,350911
2020,Jul,มุกดาหาร,350911
2020,Aug,มุกดาหาร,350911
2020,Sep,มุกดาหาร,350911
2020,Oct,มุกดาหาร,350911
2020,Nov,มุกดาหาร,350911
2020,Dec,มุกดาหาร,350911
2020,Jan,เชียงใหม่,1784370
2020,Feb,เชียงใหม่,1784370
2020,Mar,เชียงใหม่,1784370
2020,Apr,เชียงใหม่,1784370
2020,May,เชียงใหม่,1784370
2020,Jun,เชียงใหม่,1784370
2020,Jul,เชียงใหม่,1784370
2020,Aug,เชียงใหม่,1784370
2020,Sep,เชียงใหม่,1784370
2020,Oct,เชียงใหม่,1784370
2020,Nov,เชียงใหม่,1784370
2020,Dec,เชียงใหม่,1784370
2020,Jan,ลำพูน,402011
2020,Feb,ลำพูน,402011
2020,Mar,ลำพูน,402011
2020,Apr,ลำพูน,402011
2020,May,ลำพูน,402011
2020,Jun,ลำพูน,402011
2020,Jul,ลำพูน,402011
2020,Aug,ลำพูน,402011
2020,Sep,ลำพูน,402011
2020,Oct,ลำพูน,402011
2020,Nov,ลำพูน,402011
2020,Dec,ลำพูน,402011
2020,Jan,ลำปาง,728964
2020,Feb,ลำปาง,728964
2020,Mar,ลำปาง,728964
2020,Apr,ลำปาง,728964
2020,May,ลำปาง,728964
2020,Jun,ลำปาง,728964
2020,Jul,ลำปาง,728964
2020,Aug,ลำปาง,728964
2020,Sep,ลำปาง,728964
2020,Oct,ลำปาง,728964
2020,Nov,ลำปาง,728964
2020,Dec,ลำปาง,728964
2020,Jan,อุตรดิตถ์,448745
2020,Feb,อุตรดิตถ์,448745
2020,Mar,อุตรดิตถ์,448745
2020,Apr,อุตรดิตถ์,448745
2020,May,อุตรดิตถ์,448745
2020,Jun,อุตรดิตถ์,448745
2020,Jul,อุตรดิตถ์,448745
2020,Aug,อุตรดิตถ์,448745
2020,Sep,อุตรดิตถ์,448745
2020,Oct,อุตรดิตถ์,448745
2020,Nov,อุตรดิตถ์,448745
2020,Dec,อุตรดิตถ์,448745
2020,Jan,แพร่,437350
2020,Feb,แพร่,437350
2020,Mar,แพร่,437350
2020,Apr,แพร่,437350
2020,May,แพร่,437350
2020,Jun,แพร่,437350
2020,Jul,แพร่,437350
2020,Aug,แพร่,437350
2020,Sep,แพร่,437350
2020,Oct,แพร่,437350
2020,Nov,แพร่,437350
2020,Dec,แพร่,437350
2020,Jan,น่าน,476727
2020,Feb,น่าน,476727
2020,Mar,น่าน,476727
2020,Apr,น่าน,476727
2020,May,น่าน,476727
2020,Jun,น่าน,476727
2020,Jul,น่าน,476727
2020,Aug,น่าน,476727
2020,Sep,น่าน,476727
2020,Oct,น่าน,476727
2020,Nov,น่าน,476727
2020,Dec,น่าน,476727
2020,Jan,พะเยา,467356
2020,Feb,พะเยา,467356
2020,Mar,พะเยา,467356
2020,Apr,พะเยา,467356
2020,May,พะเยา,467356
2020,Jun,พะเยา,467356
2020,Jul,พะเยา,467356
2020,Aug,พะเยา,467356
2020,Sep,พะเยา,467356
2020,Oct,พะเยา,467356
2020,Nov,พะเยา,467356
2020,Dec,พะเยา,467356
2020,Jan,เชียงราย,1295026
2020,Feb,เชียงราย,1295026
2020,Mar,เชียงราย,1295026
2020,Apr,เชียงราย,1295026
2020,May,เชียงราย,1295026
2020,Jun,เชียงราย,1295026
2020,Jul,เชียงราย,1295026
2020,Aug,เชียงราย,1295026
2020,Sep,เชียงราย,1295026
2020,Oct,เชียงราย,1295026
2020,Nov,เชียงราย,1295026
2020,Dec,เชียงราย,1295026
2020,Jan,แม่ฮ่องสอน,284549
2020,Feb,แม่ฮ่องสอน,284549
2020,Mar,แม่ฮ่องสอน,284549
2020,Apr,แม่ฮ่องสอน,284549
2020,May,แม่ฮ่องสอน,284549
2020,Jun,แม่ฮ่องสอน,284549
2020,Jul,แม่ฮ่องสอน,284549
2020,Aug,แม่ฮ่องสอน,284549
2020,Sep,แม่ฮ่องสอน,284549
2020,Oct,แม่ฮ่องสอน,284549
2020,Nov,แม่ฮ่องสอน,284549
2020,Dec,แม่ฮ่องสอน,284549
2020,Jan,นครสวรรค์,1040308
2020,Feb,นครสวรรค์,1040308
2020,Mar,นครสวรรค์,1040308
2020,Apr,นครสวรรค์,1040308
2020,May,นครสวรรค์,1040308
2020,Jun,นครสวรรค์,1040308
2020,Jul,นครสวรรค์,1040308
2020,Aug,นครสวรรค์,1040308
2020,Sep,นครสวรรค์,1040308
2020,Oct,นครสวรรค์,1040308
2020,Nov,นครสวรรค์,1040308
2020,Dec,นครสวรรค์,1040308
2020,Jan,อุทัยธานี,325868
2020,Feb,อุทัยธานี,325868
2020,Mar,อุทัยธานี,325868
2020,Apr,อุทัยธานี,325868
2020,May,อุทัยธานี,325868
2020,Jun,อุทัยธานี,325868
2020,Jul,อุทัยธานี,325868
2020,Aug,อุทัยธานี,325868
2020,Sep,อุทัยธานี,325868
2020,Oct,อุทัยธานี,325868
2020,Nov,อุทัยธานี,325868
2020,Dec,อุทัยธานี,325868
2020,Jan,กำแพงเพชร,714118
2020,Feb,กำแพงเพชร,714118
2020,Mar,กำแพงเพชร,714118
2020,Apr,กำแพงเพชร,714118
2020,May,กำแพงเพชร,714118
2020,Jun,กำแพงเพชร,714118
2020,Jul,กำแพงเพชร,714118
2020,Aug,กำแพงเพชร,714118
2020,Sep,กำแพงเพชร,714118
2020,Oct,กำแพงเพชร,714118
2020,Nov,กำแพงเพชร,714118
2020,Dec,กำแพงเพชร,714118
2020,Jan,ตาก,670265
2020,Feb,ตาก,670265
2020,Mar,ตาก,670265
2020,Apr,ตาก,670265
2020,May,ตาก,670265
2020,Jun,ตาก,670265
2020,Jul,ตาก,670265
2020,Aug,ตาก,670265
2020,Sep,ตาก,670265
2020,Oct,ตาก,670265
2020,Nov,ตาก,670265
2020,Dec,ตาก,670265
2020,Jan,สุโขทัย,587883
2020,Feb,สุโขทัย,587883
2020,Mar,สุโขทัย,587883
2020,Apr,สุโขทัย,587883
2020,May,สุโขทัย,587883
2020,Jun,สุโขทัย,587883
2020,Jul,สุโขทัย,587883
2020,Aug,สุโขทัย,587883
2020,Sep,สุโขทัย,587883
2020,Oct,สุโขทัย,587883
2020,Nov,สุโขทัย,587883
2020,Dec,สุโขทัย,587883
2020,Jan,พิษณุโลก,849481
2020,Feb,พิษณุโลก,849481
2020,Mar,พิษณุโลก,849481
2020,Apr,พิษณุโลก,849481
2020,May,พิษณุโลก,849481
2020,Jun,พิษณุโลก,849481
2020,Jul,พิษณุโลก,849481
2020,Aug,พิษณุโลก,849481
2020,Sep,พิษณุโลก,849481
2020,Oct,พิษณุโลก,849481
2020,Nov,พิษณุโลก,849481
2020,Dec,พิษณุโลก,849481
2020,Jan,พิจิตร,532310
2020,Feb,พิจิตร,532310
2020,Mar,พิจิตร,532310
2020,Apr,พิจิตร,532310
2020,May,พิจิตร,532310
2020,Jun,พิจิตร,532310
2020,Jul,พิจิตร,532310
2020,Aug,พิจิตร,532310
2020,Sep,พิจิตร,532310
2020,Oct,พิจิตร,532310
2020,Nov,พิจิตร,532310
2020,Dec,พิจิตร,532310
2020,Jan,เพชรบูรณ์,981940
2020,Feb,เพชรบูรณ์,981940
2020,Mar,เพชรบูรณ์,981940
2020,Apr,เพชรบูรณ์,981940
2020,May,เพชรบูรณ์,981940
2020,Jun,เพชรบูรณ์,981940
2020,Jul,เพชรบูรณ์,981940
2020,Aug,เพชรบูรณ์,981940
2020,Sep,เพชรบูรณ์,981940
2020,Oct,เพชรบูรณ์,981940
2020,Nov,เพชรบูรณ์,981940
2020,Dec,เพชรบูรณ์,981940
2020,Jan,ราชบุรี,869313
2020,Feb,ราชบุรี,869313
2020,Mar,ราชบุรี,869313
2020,Apr,ราชบุรี,869313
2020,May,ราชบุรี,869313
2020,Jun,ราชบุรี,869313
2020,Jul,ราชบุรี,869313
2020,Aug,ราชบุรี,869313
2020,Sep,ราชบุรี,869313
2020,Oct,ราชบุรี,869313
2020,Nov,ราชบุรี,869313
2020,Dec,ราชบุรี,869313
2020,Jan,กาญจนบุรี,891976
2020,Feb,กาญจนบุรี,891976
2020,Mar,กาญจนบุรี,891976
2020,Apr,กาญจนบุรี,891976
2020,May,กาญจนบุรี,891976
2020,Jun,กาญจนบุรี,891976
2020,Jul,กาญจนบุรี,891976
2020,Aug,กาญจนบุรี,891976
2020,Sep,กาญจนบุรี,891976
2020,Oct,กาญจนบุรี,891976
2020,Nov,กาญจนบุรี,891976
2020,Dec,กาญจนบุรี,891976
2020,Jan,สุพรรณบุรี,838628
2020,Feb,สุพรรณบุรี,838628
2020,Mar,สุพรรณบุรี,838628
2020,Apr,สุพรรณบุรี,838628
2020,May,สุพรรณบุรี,838628
2020,Jun,สุพรรณบุรี,838628
2020,Jul,สุพรรณบุรี,838628
2020,Aug,สุพรรณบุรี,838628
2020,Sep,สุพรรณบุรี,838628
2020,Oct,สุพรรณบุรี,838628
2020,Nov,สุพรรณบุรี,838628
2020,Dec,สุพรรณบุรี,838628
2020,Jan,นครปฐม,920729
2020,Feb,นครปฐม,920729
2020,Mar,นครปฐม,920729
2020,Apr,นครปฐม,920729
2020,May,นครปฐม,920729
2020,Jun,นครปฐม,920729
2020,Jul,นครปฐม,920729
2020,Aug,นครปฐม,920729
2020,Sep,นครปฐม,920729
2020,Oct,นครปฐม,920729
2020,Nov,นครปฐม,920729
2020,Dec,นครปฐม,920729
2020,Jan,สมุทรสาคร,586199
2020,Feb,สมุทรสาคร,586199
2020,Mar,สมุทรสาคร,586199
2020,Apr,สมุทรสาคร,586199
2020,May,สมุทรสาคร,586199
2020,Jun,สมุทรสาคร,586199
2020,Jul,สมุทรสาคร,586199
2020,Aug,สมุทรสาคร,586199
2020,Sep,สมุทรสาคร,586199
2020,Oct,สมุทรสาคร,586199
2020,Nov,สมุทรสาคร,586199
2020,Dec,สมุทรสาคร,586199
2020,Jan,สมุทรสงคราม,192052
2020,Feb,สมุทรสงคราม,192052
2020,Mar,สมุทรสงคราม,192052
2020,Apr,สมุทรสงคราม,192052
2020,May,สมุทรสงคราม,192052
2020,Jun,สมุทรสงคราม,192052
2020,Jul,สมุทรสงคราม,192052
2020,Aug,สมุทรสงคราม,192052
2020,Sep,สมุทรสงคราม,192052
2020,Oct,สมุทรสงคราม,192052
2020,Nov,สมุทรสงคราม,192052
2020,Dec,สมุทรสงคราม,192052
2020,Jan,เพชรบุรี,482193
2020,Feb,เพชรบุรี,482193
2020,Mar,เพชรบุรี,482193
2020,Apr,เพชรบุรี,482193
2020,May,เพชรบุรี,482193
2020,Jun,เพชรบุรี,482193
2020,Jul,เพชรบุรี,482193
2020,Aug,เพชรบุรี,482193
2020,Sep,เพชรบุรี,482193
2020,Oct,เพชรบุรี,482193
2020,Nov,เพชรบุรี,482193
2020,Dec,เพชรบุรี,482193
2020,Jan,ประจวบคีรีขันธ์,550678
2020,Feb,ประจวบคีรีขันธ์,550678
2020,Mar,ประจวบคีรีขันธ์,550678
2020,Apr,ประจวบคีรีขันธ์,550678
2020,May,ประจวบคีรีขันธ์,550678
2020,Jun,ประจวบคีรีขันธ์,550678
2020,Jul,ประจวบคีรีขันธ์,550678
2020,Aug,ประจวบคีรีขันธ์,550678
2020,Sep,ประจวบคีรีขันธ์,550678
2020,Oct,ประจวบคีรีขันธ์,550678
2020,Nov,ประจวบคีรีขันธ์,550678
2020,Dec,ประจวบคีรีขันธ์,550678
2020,Jan,นครศรีธรรมราช,1550721
2020,Feb,นครศรีธรรมราช,1550721
2020,Mar,นครศรีธรรมราช,1550721
2020,Apr,นครศรีธรรมราช,1550721
2020,May,นครศรีธรรมราช,1550721
2020,Jun,นครศรีธรรมราช,1550721
2020,Jul,นครศรีธรรมราช,1550721
2020,Aug,นครศรีธรรมราช,1550721
2020,Sep,นครศรีธรรมราช,1550721
2020,Oct,นครศรีธรรมราช,1550721
2020,Nov,นครศรีธรรมราช,1550721
2020,Dec,นครศรีธรรมราช,1550721
2020,Jan,กระบี่,477770
2020,Feb,กระบี่,477770
2020,Mar,กระบี่,477770
2020,Apr,กระบี่,477770
2020,May,กระบี่,477770
2020,Jun,กระบี่,477770
2020,Jul,กระบี่,477770
2020,Aug,กระบี่,477770
2020,Sep,กระบี่,477770
2020,Oct,กระบี่,477770
2020,Nov,กระบี่,477770
2020,Dec,กระบี่,477770
2020,Jan,พังงา,268229
2020,Feb,พังงา,268229
2020,Mar,พังงา,268229
2020,Apr,พังงา,268229
2020,May,พังงา,268229
2020,Jun,พังงา,268229
2020,Jul,พังงา,268229
2020,Aug,พังงา,268229
2020,Sep,พังงา,268229
2020,Oct,พังงา,268229
2020,Nov,พังงา,268229
2020,Dec,พังงา,268229
2020,Jan,ภูเก็ต,414471
2020,Feb,ภูเก็ต,414471
2020,Mar,ภูเก็ต,414471
2020,Apr,ภูเก็ต,414471
2020,May,ภูเก็ต,414471
2020,Jun,ภูเก็ต,414471
2020,Jul,ภูเก็ต,414471
2020,Aug,ภูเก็ต,414471
2020,Sep,ภูเก็ต,414471
2020,Oct,ภูเก็ต,414471
2020,Nov,ภูเก็ต,414471
2020,Dec,ภูเก็ต,414471
2020,Jan,สุราษฎร์ธานี,1067726
2020,Feb,สุราษฎร์ธานี,1067726
2020,Mar,สุราษฎร์ธานี,1067726
2020,Apr,สุราษฎร์ธานี,1067726
2020,May,สุราษฎร์ธานี,1067726
2020,Jun,สุราษฎร์ธานี,1067726
2020,Jul,สุราษฎร์ธานี,1067726
2020,Aug,สุราษฎร์ธานี,1067726
2020,Sep,สุราษฎร์ธานี,1067726
2020,Oct,สุราษฎร์ธานี,1067726
2020,Nov,สุราษฎร์ธานี,1067726
2020,Dec,สุราษฎร์ธานี,1067726
2020,Jan,ระนอง,194372
2020,Feb,ระนอง,194372
2020,Mar,ระนอง,194372
2020,Apr,ระนอง,194372
2020,May,ระนอง,194372
2020,Jun,ระนอง,194372
2020,Jul,ระนอง,194372
2020,Aug,ระนอง,194372
2020,Sep,ระนอง,194372
2020,Oct,ระนอง,194372
2020,Nov,ระนอง,194372
2020,Dec,ระนอง,194372
2020,Jan,ชุมพร,509208
2020,Feb,ชุมพร,509208
2020,Mar,ชุมพร,509208
2020,Apr,ชุมพร,509208
2020,May,ชุมพร,509208
2020,Jun,ชุมพร,509208
2020,Jul,ชุมพร,509208
2020,Aug,ชุมพร,509208
2020,Sep,ชุมพร,509208
2020,Oct,ชุมพร,509208
2020,Nov,ชุมพร,509208
2020,Dec,ชุมพร,509208
2020,Jan,สงขลา,1428609
2020,Feb,สงขลา,1428609
2020,Mar,สงขลา,1428609
2020,Apr,สงขลา,1428609
2020,May,สงขลา,1428609
2020,Jun,สงขลา,1428609
2020,Jul,สงขลา,1428609
2020,Aug,สงขลา,1428609
2020,Sep,สงขลา,1428609
2020,Oct,สงขลา,1428609
2020,Nov,สงขลา,1428609
2020,Dec,สงขลา,1428609
2020,Jan,สตูล,324098
2020,Feb,สตูล,324098
2020,Mar,สตูล,324098
2020,Apr,สตูล,324098
2020,May,สตูล,324098
2020,Jun,สตูล,324098
2020,Jul,สตูล,324098
2020,Aug,สตูล,324098
2020,Sep,สตูล,324098
2020,Oct,สตูล,324098
2020,Nov,สตูล,324098
2020,Dec,สตูล,324098
2020,Jan,ตรัง,640574
2020,Feb,ตรัง,640574
2020,Mar,ตรัง,640574
2020,Apr,ตรัง,640574
2020,May,ตรัง,640574
2020,Jun,ตรัง,640574
2020,Jul,ตรัง,640574
2020,Aug,ตรัง,640574
2020,Sep,ตรัง,640574
2020,Oct,ตรัง,640574
2020,Nov,ตรัง,640574
2020,Dec,ตรัง,640574
2020,Jan,พัทลุง,523077
2020,Feb,พัทลุง,523077
2020,Mar,พัทลุง,523077
2020,Apr,พัทลุง,523077
2020,May,พัทลุง,523077
2020,Jun,พัทลุง,523077
2020,Jul,พัทลุง,523077
2020,Aug,พัทลุง,523077
2020,Sep,พัทลุง,523077
2020,Oct,พัทลุง,523077
2020,Nov,พัทลุง,523077
2020,Dec,พัทลุง,523077
2020,Jan,ปัตตานี,726015
2020,Feb,ปัตตานี,726015
2020,Mar,ปัตตานี,726015
2020,Apr,ปัตตานี,726015
2020,May,ปัตตานี,726015
2020,Jun,ปัตตานี,726015
2020,Jul,ปัตตานี,726015
2020,Aug,ปัตตานี,726015
2020,Sep,ปัตตานี,726015
2020,Oct,ปัตตานี,726015
2020,Nov,ปัตตานี,726015
2020,Dec,ปัตตานี,726015
2020,Jan,ยะลา,538602
2020,Feb,ยะลา,538602
2020,Mar,ยะลา,538602
2020,Apr,ยะลา,538602
2020,May,ยะลา,538602
2020,Jun,ยะลา,538602
2020,Jul,ยะลา,538602
2020,Aug,ยะลา,538602
2020,Sep,ยะลา,538602
2020,Oct,ยะลา,538602
2020,Nov,ยะลา,538602
2020,Dec,ยะลา,538602
2020,Jan,นราธิวาส,804429
2020,Feb,นราธิวาส,804429
2020,Mar,นราธิวาส,804429
2020,Apr,นราธิวาส,804429
2020,May,นราธิวาส,804429
2020,Jun,นราธิวาส,804429
2020,Jul,นราธิวาส,804429
2020,Aug,นราธิวาส,804429
2020,Sep,นราธิวาส,804429
2020,Oct,นราธิวาส,804429
2020,Nov,นราธิวาส,804429
2020,Dec,นราธิวาส,804429
2021,Jan,กรุงเทพมหานคร,5588222
2021,Feb,กรุงเทพมหานคร,5588222
2021,Mar,กรุงเทพมหานคร,5588222
2021,Apr,กรุงเทพมหานคร,5588222
2021,May,กรุงเทพมหานคร,5588222
2021,Jun,กรุงเทพมหานคร,5588222
2021,Jul,กรุงเทพมหานคร,5588222
2021,Aug,กรุงเทพมหานคร,5588222
2021,Sep,กรุงเทพมหานคร,5588222
2021,Oct,กรุงเทพมหานคร,5588222
2021,Nov,กรุงเทพมหานคร,5588222
2021,Dec,กรุงเทพมหานคร,5588222
2021,Jan,สมุทรปราการ,1351479
2021,Feb,สมุทรปราการ,1351479
2021,Mar,สมุทรปราการ,1351479
2021,Apr,สมุทรปราการ,1351479
2021,May,สมุทรปราการ,1351479
2021,Jun,สมุทรปราการ,1351479
2021,Jul,สมุทรปราการ,1351479
2021,Aug,สมุทรปราการ,1351479
2021,Sep,สมุทรปราการ,1351479
2021,Oct,สมุทรปราการ,1351479
2021,Nov,สมุทรปราการ,1351479
2021,Dec,สมุทรปราการ,1351479
2021,Jan,นนทบุรี,1276745
2021,Feb,นนทบุรี,1276745
2021,Mar,นนทบุรี,1276745
2021,Apr,นนทบุรี,1276745
2021,May,นนทบุรี,1276745
2021,Jun,นนทบุรี,1276745
2021,Jul,นนทบุรี,1276745
2021,Aug,นนทบุรี,1276745
2021,Sep,นนทบุรี,1276745
2021,Oct,นนทบุรี,1276745
2021,Nov,นนทบุรี,1276745
2021,Dec,นนทบุรี,1276745
2021,Jan,ปทุมธานี,1176412
2021,Feb,ปทุมธานี,1176412
2021,Mar,ปทุมธานี,1176412
2021,Apr,ปทุมธานี,1176412
2021,May,ปทุมธานี,1176412
2021,Jun,ปทุมธานี,1176412
2021,Jul,ปทุมธานี,1176412
2021,Aug,ปทุมธานี,1176412
2021,Sep,ปทุมธานี,1176412
2021,Oct,ปทุมธานี,1176412
2021,Nov,ปทุมธานี,1176412
2021,Dec,ปทุมธานี,1176412
2021,Jan,พระนครศรีอยุธยา,819088
2021,Feb,พระนครศรีอยุธยา,819088
2021,Mar,พระนครศรีอยุธยา,819088
2021,Apr,พระนครศรีอยุธยา,819088
2021,May,พระนครศรีอยุธยา,819088
2021,Jun,พระนครศรีอยุธยา,819088
2021,Jul,พระนครศรีอยุธยา,819088
2021,Aug,พระนครศรีอยุธยา,819088
2021,Sep,พระนครศรีอยุธยา,819088
2021,Oct,พระนครศรีอยุธยา,819088
2021,Nov,พระนครศรีอยุธยา,819088
2021,Dec,พระนครศรีอยุธยา,819088
2021,Jan,อ่างทอง,276584
2021,Feb,อ่างทอง,276584
2021,Mar,อ่างทอง,276584
2021,Apr,อ่างทอง,276584
2021,May,อ่างทอง,276584
2021,Jun,อ่างทอง,276584
2021,Jul,อ่างทอง,276584
2021,Aug,อ่างทอง,276584
2021,Sep,อ่างทอง,276584
2021,Oct,อ่างทอง,276584
2021,Nov,อ่างทอง,276584
2021,Dec,อ่างทอง,276584
2021,Jan,ลพบุรี,742928
2021,Feb,ลพบุรี,742928
2021,Mar,ลพบุรี,742928
2021,Apr,ลพบุรี,742928
2021,May,ลพบุรี,742928
2021,Jun,ลพบุรี,742928
2021,Jul,ลพบุรี,742928
2021,Aug,ลพบุรี,742928
2021,Sep,ลพบุรี,742928
2021,Oct,ลพบุรี,742928
2021,Nov,ลพบุรี,742928
2021,Dec,ลพบุรี,742928
2021,Jan,สิงห์บุรี,205898
2021,Feb,สิงห์บุรี,205898
2021,Mar,สิงห์บุรี,205898
2021,Apr,สิงห์บุรี,205898
2021,May,สิงห์บุรี,205898
2021,Jun,สิงห์บุรี,205898
2021,Jul,สิงห์บุรี,205898
2021,Aug,สิงห์บุรี,205898
2021,Sep,สิงห์บุรี,205898
2021,Oct,สิงห์บุรี,205898
2021,Nov,สิงห์บุรี,205898
2021,Dec,สิงห์บุรี,205898
2021,Jan,ชัยนาท,322477
2021,Feb,ชัยนาท,322477
2021,Mar,ชัยนาท,322477
2021,Apr,ชัยนาท,322477
2021,May,ชัยนาท,322477
2021,Jun,ชัยนาท,322477
2021,Jul,ชัยนาท,322477
2021,Aug,ชัยนาท,322477
2021,Sep,ชัยนาท,322477
2021,Oct,ชัยนาท,322477
2021,Nov,ชัยนาท,322477
2021,Dec,ชัยนาท,322477
2021,Jan,สระบุรี,643828
2021,Feb,สระบุรี,643828
2021,Mar,สระบุรี,643828
2021,Apr,สระบุรี,643828
2021,May,สระบุรี,643828
2021,Jun,สระบุรี,643828
2021,Jul,สระบุรี,643828
2021,Aug,สระบุรี,643828
2021,Sep,สระบุรี,643828
2021,Oct,สระบุรี,643828
2021,Nov,สระบุรี,643828
2021,Dec,สระบุรี,643828
2021,Jan,ชลบุรี,1566885
2021,Feb,ชลบุรี,1566885
2021,Mar,ชลบุรี,1566885
2021,Apr,ชลบุรี,1566885
2021,May,ชลบุรี,1566885
2021,Jun,ชลบุรี,1566885
2021,Jul,ชลบุรี,1566885
2021,Aug,ชลบุรี,1566885
2021,Sep,ชลบุรี,1566885
2021,Oct,ชลบุรี,1566885
2021,Nov,ชลบุรี,1566885
2021,Dec,ชลบุรี,1566885
2021,Jan,ระยอง,741524
2021,Feb,ระยอง,741524
2021,Mar,ระยอง,741524
2021,Apr,ระยอง,741524
2021,May,ระยอง,741524
2021,Jun,ระยอง,741524
2021,Jul,ระยอง,741524
2021,Aug,ระยอง,741524
2021,Sep,ระยอง,741524
2021,Oct,ระยอง,741524
2021,Nov,ระยอง,741524
2021,Dec,ระยอง,741524
2021,Jan,จันทบุรี,535559
2021,Feb,จันทบุรี,535559
2021,Mar,จันทบุรี,535559
2021,Apr,จันทบุรี,535559
2021,May,จันทบุรี,535559
2021,Jun,จันทบุรี,535559
2021,Jul,จันทบุรี,535559
2021,Aug,จันทบุรี,535559
2021,Sep,จันทบุรี,535559
2021,Oct,จันทบุรี,535559
2021,Nov,จันทบุรี,535559
2021,Dec,จันทบุรี,535559
2021,Jan,ตราด,228536
2021,Feb,ตราด,228536
2021,Mar,ตราด,228536
2021,Apr,ตราด,228536
2021,May,ตราด,228536
2021,Jun,ตราด,228536
2021,Jul,ตราด,228536
2021,Aug,ตราด,228536
2021,Sep,ตราด,228536
2021,Oct,ตราด,228536
2021,Nov,ตราด,228536
2021,Dec,ตราด,228536
2021,Jan,ฉะเชิงเทรา,720718
2021,Feb,ฉะเชิงเทรา,720718
2021,Mar,ฉะเชิงเทรา,720718
2021,Apr,ฉะเชิงเทรา,720718
2021,May,ฉะเชิงเทรา,720718
2021,Jun,ฉะเชิงเทรา,720718
2021,Jul,ฉะเชิงเทรา,720718
2021,Aug,ฉะเชิงเทรา,720718
2021,Sep,ฉะเชิงเทรา,720718
2021,Oct,ฉะเชิงเทรา,720718
2021,Nov,ฉะเชิงเทรา,720718
2021,Dec,ฉะเชิงเทรา,720718
2021,Jan,ปราจีนบุรี,493670
2021,Feb,ปราจีนบุรี,493670
2021,Mar,ปราจีนบุรี,493670
2021,Apr,ปราจีนบุรี,493670
2021,May,ปราจีนบุรี,493670
2021,Jun,ปราจีนบุรี,493670
2021,Jul,ปราจีนบุรี,493670
2021,Aug,ปราจีนบุรี,493670
2021,Sep,ปราจีนบุรี,493670
2021,Oct,ปราจีนบุรี,493670
2021,Nov,ปราจีนบุรี,493670
2021,Dec,ปราจีนบุรี,493670
2021,Jan,นครนายก,260081
2021,Feb,นครนายก,260081
2021,Mar,นครนายก,260081
2021,Apr,นครนายก,260081
2021,May,นครนายก,260081
2021,Jun,นครนายก,260081
2021,Jul,นครนายก,260081
2021,Aug,นครนายก,260081
2021,Sep,นครนายก,260081
2021,Oct,นครนายก,260081
2021,Nov,นครนายก,260081
2021,Dec,นครนายก,260081
2021,Jan,สระแก้ว,560925
2021,Feb,สระแก้ว,560925
2021,Mar,สระแก้ว,560925
2021,Apr,สระแก้ว,560925
2021,May,สระแก้ว,560925
2021,Jun,สระแก้ว,560925
2021,Jul,สระแก้ว,560925
2021,Aug,สระแก้ว,560925
2021,Sep,สระแก้ว,560925
2021,Oct,สระแก้ว,560925
2021,Nov,สระแก้ว,560925
2021,Dec,สระแก้ว,560925
2021,Jan,นครราชสีมา,2633207
2021,Feb,นครราชสีมา,2633207
2021,Mar,นครราชสีมา,2633207
2021,Apr,นครราชสีมา,2633207
2021,May,นครราชสีมา,2633207
2021,Jun,นครราชสีมา,2633207
2021,Jul,นครราชสีมา,2633207
2021,Aug,นครราชสีมา,2633207
2021,Sep,นครราชสีมา,2633207
2021,Oct,นครราชสีมา,2633207
2021,Nov,นครราชสีมา,2633207
2021,Dec,นครราชสีมา,2633207
2021,Jan,บุรีรัมย์,1581184
2021,Feb,บุรีรัมย์,1581184
2021,Mar,บุรีรัมย์,1581184
2021,Apr,บุรีรัมย์,1581184
2021,May,บุรีรัมย์,1581184
2021,Jun,บุรีรัมย์,1581184
2021,Jul,บุรีรัมย์,1581184
2021,Aug,บุรีรัมย์,1581184
2021,Sep,บุรีรัมย์,1581184
2021,Oct,บุรีรัมย์,1581184
2021,Nov,บุรีรัมย์,1581184
2021,Dec,บุรีรัมย์,1581184
2021,Jan,สุรินทร์,1378221
2021,Feb,สุรินทร์,1378221
2021,Mar,สุรินทร์,1378221
2021,Apr,สุรินทร์,1378221
2021,May,สุรินทร์,1378221
2021,Jun,สุรินทร์,1378221
2021,Jul,สุรินทร์,1378221
2021,Aug,สุรินทร์,1378221
2021,Sep,สุรินทร์,1378221
2021,Oct,สุรินทร์,1378221
2021,Nov,สุรินทร์,1378221
2021,Dec,สุรินทร์,1378221
2021,Jan,ศรีสะเกษ,1458580
2021,Feb,ศรีสะเกษ,1458580
2021,Mar,ศรีสะเกษ,1458580
2021,Apr,ศรีสะเกษ,1458580
2021,May,ศรีสะเกษ,1458580
2021,Jun,ศรีสะเกษ,1458580
2021,Jul,ศรีสะเกษ,1458580
2021,Aug,ศรีสะเกษ,1458580
2021,Sep,ศรีสะเกษ,1458580
2021,Oct,ศรีสะเกษ,1458580
2021,Nov,ศรีสะเกษ,1458580
2021,Dec,ศรีสะเกษ,1458580
2021,Jan,อุบลราชธานี,1866697
2021,Feb,อุบลราชธานี,1866697
2021,Mar,อุบลราชธานี,1866697
2021,Apr,อุบลราชธานี,1866697
2021,May,อุบลราชธานี,1866697
2021,Jun,อุบลราชธานี,1866697
2021,Jul,อุบลราชธานี,1866697
2021,Aug,อุบลราชธานี,1866697
2021,Sep,อุบลราชธานี,1866697
2021,Oct,อุบลราชธานี,1866697
2021,Nov,อุบลราชธานี,1866697
2021,Dec,อุบลราชธานี,1866697
2021,Jan,ยโสธร,534500
2021,Feb,ยโสธร,534500
2021,Mar,ยโสธร,534500
2021,Apr,ยโสธร,534500
2021,May,ยโสธร,534500
2021,Jun,ยโสธร,534500
2021,Jul,ยโสธร,534500
2021,Aug,ยโสธร,534500
2021,Sep,ยโสธร,534500
2021,Oct,ยโสธร,534500
2021,Nov,ยโสธร,534500
2021,Dec,ยโสธร,534500
2021,Jan,ชัยภูมิ,1124924
2021,Feb,ชัยภูมิ,1124924
2021,Mar,ชัยภูมิ,1124924
2021,Apr,ชัยภูมิ,1124924
2021,May,ชัยภูมิ,1124924
2021,Jun,ชัยภูมิ,1124924
2021,Jul,ชัยภูมิ,1124924
2021,Aug,ชัยภูมิ,1124924
2021,Sep,ชัยภูมิ,1124924
2021,Oct,ชัยภูมิ,1124924
2021,Nov,ชัยภูมิ,1124924
2021,Dec,ชัยภูมิ,1124924
2021,Jan,อำนาจเจริญ,376195
2021,Feb,อำนาจเจริญ,376195
2021,Mar,อำนาจเจริญ,376195
2021,Apr,อำนาจเจริญ,376195
2021,May,อำนาจเจริญ,376195
2021,Jun,อำนาจเจริญ,376195
2021,Jul,อำนาจเจริญ,376195
2021,Aug,อำนาจเจริญ,376195
2021,Sep,อำนาจเจริญ,376195
2021,Oct,อำนาจเจริญ,376195
2021,Nov,อำนาจเจริญ,376195
2021,Dec,อำนาจเจริญ,376195
2021,Jan,บึงกาฬ,422042
2021,Feb,บึงกาฬ,422042
2021,Mar,บึงกาฬ,422042
2021,Apr,บึงกาฬ,422042
2021,May,บึงกาฬ,422042
2021,Jun,บึงกาฬ,422042
2021,Jul,บึงกาฬ,422042
2021,Aug,บึงกาฬ,422042
2021,Sep,บึงกาฬ,422042
2021,Oct,บึงกาฬ,422042
2021,Nov,บึงกาฬ,422042
2021,Dec,บึงกาฬ,422042
2021,Jan,หนองบัวลำภู,509470
2021,Feb,หนองบัวลำภู,509470
2021,Mar,หนองบัวลำภู,509470
2021,Apr,หนองบัวลำภู,509470
2021,May,หนองบัวลำภู,509470
2021,Jun,หนองบัวลำภู,509470
2021,Jul,หนองบัวลำภู,509470
2021,Aug,หนองบัวลำภู,509470
2021,Sep,หนองบัวลำภู,509470
2021,Oct,หนองบัวลำภู,509470
2021,Nov,หนองบัวลำภู,509470
2021,Dec,หนองบัวลำภู,509470
2021,Jan,ขอนแก่น,1794531
2021,Feb,ขอนแก่น,1794531
2021,Mar,ขอนแก่น,1794531
2021,Apr,ขอนแก่น,1794531
2021,May,ขอนแก่น,1794531
2021,Jun,ขอนแก่น,1794531
2021,Jul,ขอนแก่น,1794531
2021,Aug,ขอนแก่น,1794531
2021,Sep,ขอนแก่น,1794531
2021,Oct,ขอนแก่น,1794531
2021,Nov,ขอนแก่น,1794531
2021,Dec,ขอนแก่น,1794531
2021,Jan,อุดรธานี,1567983
2021,Feb,อุดรธานี,1567983
2021,Mar,อุดรธานี,1567983
2021,Apr,อุดรธานี,1567983
2021,May,อุดรธานี,1567983
2021,Jun,อุดรธานี,1567983
2021,Jul,อุดรธานี,1567983
2021,Aug,อุดรธานี,1567983
2021,Sep,อุดรธานี,1567983
2021,Oct,อุดรธานี,1567983
2021,Nov,อุดรธานี,1567983
2021,Dec,อุดรธานี,1567983
2021,Jan,เลย,638736
2021,Feb,เลย,638736
2021,Mar,เลย,638736
2021,Apr,เลย,638736
2021,May,เลย,638736
2021,Jun,เลย,638736
2021,Jul,เลย,638736
2021,Aug,เลย,638736
2021,Sep,เลย,638736
2021,Oct,เลย,638736
2021,Nov,เลย,638736
2021,Dec,เลย,638736
2021,Jan,หนองคาย,517435
2021,Feb,หนองคาย,517435
2021,Mar,หนองคาย,517435
2021,Apr,หนองคาย,517435
2021,May,หนองคาย,517435
2021,Jun,หนองคาย,517435
2021,Jul,หนองคาย,517435
2021,Aug,หนองคาย,517435
2021,Sep,หนองคาย,517435
2021,Oct,หนองคาย,517435
2021,Nov,หนองคาย,517435
2021,Dec,หนองคาย,517435
2021,Jan,มหาสารคาม,953660
2021,Feb,มหาสารคาม,953660
2021,Mar,มหาสารคาม,953660
2021,Apr,มหาสารคาม,953660
2021,May,มหาสารคาม,953660
2021,Jun,มหาสารคาม,953660
2021,Jul,มหาสารคาม,953660
2021,Aug,มหาสารคาม,953660
2021,Sep,มหาสารคาม,953660
2021,Oct,มหาสารคาม,953660
2021,Nov,มหาสารคาม,953660
2021,Dec,มหาสารคาม,953660
2021,Jan,ร้อยเอ็ด,1298640
2021,Feb,ร้อยเอ็ด,1298640
2021,Mar,ร้อยเอ็ด,1298640
2021,Apr,ร้อยเอ็ด,1298640
2021,May,ร้อยเอ็ด,1298640
2021,Jun,ร้อยเอ็ด,1298640
2021,Jul,ร้อยเอ็ด,1298640
2021,Aug,ร้อยเอ็ด,1298640
2021,Sep,ร้อยเอ็ด,1298640
2021,Oct,ร้อยเอ็ด,1298640
2021,Nov,ร้อยเอ็ด,1298640
2021,Dec,ร้อยเอ็ด,1298640
2021,Jan,กาฬสินธุ์,977175
2021,Feb,กาฬสินธุ์,977175
2021,Mar,กาฬสินธุ์,977175
2021,Apr,กาฬสินธุ์,977175
2021,May,กาฬสินธุ์,977175
2021,Jun,กาฬสินธุ์,977175
2021,Jul,กาฬสินธุ์,977175
2021,Aug,กาฬสินธุ์,977175
2021,Sep,กาฬสินธุ์,977175
2021,Oct,กาฬสินธุ์,977175
2021,Nov,กาฬสินธุ์,977175
2021,Dec,กาฬสินธุ์,977175
2021,Jan,สกลนคร,1146936
2021,Feb,สกลนคร,1146936
2021,Mar,สกลนคร,1146936
2021,Apr,สกลนคร,1146936
2021,May,สกลนคร,1146936
2021,Jun,สกลนคร,1146936
2021,Jul,สกลนคร,1146936
2021,Aug,สกลนคร,1146936
2021,Sep,สกลนคร,1146936
2021,Oct,สกลนคร,1146936
2021,Nov,สกลนคร,1146936
2021,Dec,สกลนคร,1146936
2021,Jan,นครพนม,717201
2021,Feb,นครพนม,717201
2021,Mar,นครพนม,717201
2021,Apr,นครพนม,717201
2021,May,นครพนม,717201
2021,Jun,นครพนม,717201
2021,Jul,นครพนม,717201
2021,Aug,นครพนม,717201
2021,Sep,นครพนม,717201
2021,Oct,นครพนม,717201
2021,Nov,นครพนม,717201
2021,Dec,นครพนม,717201
2021,Jan,มุกดาหาร,350911
2021,Feb,มุกดาหาร,350911
2021,Mar,มุกดาหาร,350911
2021,Apr,มุกดาหาร,350911
2021,May,มุกดาหาร,350911
2021,Jun,มุกดาหาร,350911
2021,Jul,มุกดาหาร,350911
2021,Aug,มุกดาหาร,350911
2021,Sep,มุกดาหาร,350911
2021,Oct,มุกดาหาร,350911
2021,Nov,มุกดาหาร,350911
2021,Dec,มุกดาหาร,350911
2021,Jan,เชียงใหม่,1784370
2021,Feb,เชียงใหม่,1784370
2021,Mar,เชียงใหม่,1784370
2021,Apr,เชียงใหม่,1784370
2021,May,เชียงใหม่,1784370
2021,Jun,เชียงใหม่,1784370
2021,Jul,เชียงใหม่,1784370
2021,Aug,เชียงใหม่,1784370
2021,Sep,เชียงใหม่,1784370
2021,Oct,เชียงใหม่,1784370
2021,Nov,เชียงใหม่,1784370
2021,Dec,เชียงใหม่,1784370
2021,Jan,ลำพูน,402011
2021,Feb,ลำพูน,402011
2021,Mar,ลำพูน,402011
2021,Apr,ลำพูน,402011
2021,May,ลำพูน,402011
2021,Jun,ลำพูน,402011
2021,Jul,ลำพูน,402011
2021,Aug,ลำพูน,402011
2021,Sep,ลำพูน,402011
2021,Oct,ลำพูน,402011
2021,Nov,ลำพูน,402011
2021,Dec,ลำพูน,402011
2021,Jan,ลำปาง,728964
2021,Feb,ลำปาง,728964
2021,Mar,ลำปาง,728964
2021,Apr,ลำปาง,728964
2021,May,ลำปาง,728964
2021,Jun,ลำปาง,728964
2021,Jul,ลำปาง,728964
2021,Aug,ลำปาง,728964
2021,Sep,ลำปาง,728964
2021,Oct,ลำปาง,728964
2021,Nov,ลำปาง,728964
2021,Dec,ลำปาง,728964
2021,Jan,อุตรดิตถ์,448745
2021,Feb,อุตรดิตถ์,448745
2021,Mar,อุตรดิตถ์,448745
2021,Apr,อุตรดิตถ์,448745
2021,May,อุตรดิตถ์,448745
2021,Jun,อุตรดิตถ์,448745
2021,Jul,อุตรดิตถ์,448745
2021,Aug,อุตรดิตถ์,448745
2021,Sep,อุตรดิตถ์,448745
2021,Oct,อุตรดิตถ์,448745
2021,Nov,อุตรดิตถ์,448745
2021,Dec,อุตรดิตถ์,448745
2021,Jan,แพร่,437350
2021,Feb,แพร่,437350
2021,Mar,แพร่,437350
2021,Apr,แพร่,437350
2021,May,แพร่,437350
2021,Jun,แพร่,437350
2021,Jul,แพร่,437350
2021,Aug,แพร่,437350
2021,Sep,แพร่,437350
2021,Oct,แพร่,437350
2021,Nov,แพร่,437350
2021,Dec,แพร่,437350
2021,Jan,น่าน,476727
2021,Feb,น่าน,476727
2021,Mar,น่าน,476727
2021,Apr,น่าน,476727
2021,May,น่าน,476727
2021,Jun,น่าน,476727
2021,Jul,น่าน,476727
2021,Aug,น่าน,476727
2021,Sep,น่าน,476727
2021,Oct,น่าน,476727
2021,Nov,น่าน,476727
2021,Dec,น่าน,476727
2021,Jan,พะเยา,467356
2021,Feb,พะเยา,467356
2021,Mar,พะเยา,467356
2021,Apr,พะเยา,467356
2021,May,พะเยา,467356
2021,Jun,พะเยา,467356
2021,Jul,พะเยา,467356
2021,Aug,พะเยา,467356
2021,Sep,พะเยา,467356
2021,Oct,พะเยา,467356
2021,Nov,พะเยา,467356
2021,Dec,พะเยา,467356
2021,Jan,เชียงราย,1295026
2021,Feb,เชียงราย,1295026
2021,Mar,เชียงราย,1295026
2021,Apr,เชียงราย,1295026
2021,May,เชียงราย,1295026
2021,Jun,เชียงราย,1295026
2021,Jul,เชียงราย,1295026
2021,Aug,เชียงราย,1295026
2021,Sep,เชียงราย,1295026
2021,Oct,เชียงราย,1295026
2021,Nov,เชียงราย,1295026
2021,Dec,เชียงราย,1295026
2021,Jan,แม่ฮ่องสอน,284549
2021,Feb,แม่ฮ่องสอน,284549
2021,Mar,แม่ฮ่องสอน,284549
2021,Apr,แม่ฮ่องสอน,284549
2021,May,แม่ฮ่องสอน,284549
2021,Jun,แม่ฮ่องสอน,284549
2021,Jul,แม่ฮ่องสอน,284549
2021,Aug,แม่ฮ่องสอน,284549
2021,Sep,แม่ฮ่องสอน,284549
2021,Oct,แม่ฮ่องสอน,284549
2021,Nov,แม่ฮ่องสอน,284549
2021,Dec,แม่ฮ่องสอน,284549
2021,Jan,นครสวรรค์,1040308
2021,Feb,นครสวรรค์,1040308
2021,Mar,นครสวรรค์,1040308
2021,Apr,นครสวรรค์,1040308
2021,May,นครสวรรค์,1040308
2021,Jun,นครสวรรค์,1040308
2021,Jul,นครสวรรค์,1040308
2021,Aug,นครสวรรค์,1040308
2021,Sep,นครสวรรค์,1040308
2021,Oct,นครสวรรค์,1040308
2021,Nov,นครสวรรค์,1040308
2021,Dec,นครสวรรค์,1040308
2021,Jan,อุทัยธานี,325868
2021,Feb,อุทัยธานี,325868
2021,Mar,อุทัยธานี,325868
2021,Apr,อุทัยธานี,325868
2021,May,อุทัยธานี,325868
2021,Jun,อุทัยธานี,325868
2021,Jul,อุทัยธานี,325868
2021,Aug,อุทัยธานี,325868
2021,Sep,อุทัยธานี,325868
2021,Oct,อุทัยธานี,325868
2021,Nov,อุทัยธานี,325868
2021,Dec,อุทัยธานี,325868
2021,Jan,กำแพงเพชร,714118
2021,Feb,กำแพงเพชร,714118
2021,Mar,กำแพงเพชร,714118
2021,Apr,กำแพงเพชร,714118
2021,May,กำแพงเพชร,714118
2021,Jun,กำแพงเพชร,714118
2021,Jul,กำแพงเพชร,714118
2021,Aug,กำแพงเพชร,714118
2021,Sep,กำแพงเพชร,714118
2021,Oct,กำแพงเพชร,714118
2021,Nov,กำแพงเพชร,714118
2021,Dec,กำแพงเพชร,714118
2021,Jan,ตาก,670265
2021,Feb,ตาก,670265
2021,Mar,ตาก,670265
2021,Apr,ตาก,670265
2021,May,ตาก,670265
2021,Jun,ตาก,670265
2021,Jul,ตาก,670265
2021,Aug,ตาก,670265
2021,Sep,ตาก,670265
2021,Oct,ตาก,670265
2021,Nov,ตาก,670265
2021,Dec,ตาก,670265
2021,Jan,สุโขทัย,587883
2021,Feb,สุโขทัย,587883
2021,Mar,สุโขทัย,587883
2021,Apr,สุโขทัย,587883
2021,May,สุโขทัย,587883
2021,Jun,สุโขทัย,587883
2021,Jul,สุโขทัย,587883
2021,Aug,สุโขทัย,587883
2021,Sep,สุโขทัย,587883
2021,Oct,สุโขทัย,587883
2021,Nov,สุโขทัย,587883
2021,Dec,สุโขทัย,587883
2021,Jan,พิษณุโลก,849481
2021,Feb,พิษณุโลก,849481
2021,Mar,พิษณุโลก,849481
2021,Apr,พิษณุโลก,849481
2021,May,พิษณุโลก,849481
2021,Jun,พิษณุโลก,849481
2021,Jul,พิษณุโลก,849481
2021,Aug,พิษณุโลก,849481
2021,Sep,พิษณุโลก,849481
2021,Oct,พิษณุโลก,849481
2021,Nov,พิษณุโลก,849481
2021,Dec,พิษณุโลก,849481
2021,Jan,พิจิตร,532310
2021,Feb,พิจิตร,532310
2021,Mar,พิจิตร,532310
2021,Apr,พิจิตร,532310
2021,May,พิจิตร,532310
2021,Jun,พิจิตร,532310
2021,Jul,พิจิตร,532310
2021,Aug,พิจิตร,532310
2021,Sep,พิจิตร,532310
2021,Oct,พิจิตร,532310
2021,Nov,พิจิตร,532310
2021,Dec,พิจิตร,532310
2021,Jan,เพชรบูรณ์,981940
2021,Feb,เพชรบูรณ์,981940
2021,Mar,เพชรบูรณ์,981940
2021,Apr,เพชรบูรณ์,981940
2021,May,เพชรบูรณ์,981940
2021,Jun,เพชรบูรณ์,981940
2021,Jul,เพชรบูรณ์,981940
2021,Aug,เพชรบูรณ์,981940
2021,Sep,เพชรบูรณ์,981940
2021,Oct,เพชรบูรณ์,981940
2021,Nov,เพชรบูรณ์,981940
2021,Dec,เพชรบูรณ์,981940
2021,Jan,ราชบุรี,869313
2021,Feb,ราชบุรี,869313
2021,Mar,ราชบุรี,869313
2021,Apr,ราชบุรี,869313
2021,May,ราชบุรี,869313
2021,Jun,ราชบุรี,869313
2021,Jul,ราชบุรี,869313
2021,Aug,ราชบุรี,869313
2021,Sep,ราชบุรี,869313
2021,Oct,ราชบุรี,869313
2021,Nov,ราชบุรี,869313
2021,Dec,ราชบุรี,869313
2021,Jan,กาญจนบุรี,891976
2021,Feb,กาญจนบุรี,891976
2021,Mar,กาญจนบุรี,891976
2021,Apr,กาญจนบุรี,891976
2021,May,กาญจนบุรี,891976
2021,Jun,กาญจนบุรี,891976
2021,Jul,กาญจนบุรี,891976
2021,Aug,กาญจนบุรี,891976
2021,Sep,กาญจนบุรี,891976
2021,Oct,กาญจนบุรี,891976
2021,Nov,กาญจนบุรี,891976
2021,Dec,กาญจนบุรี,891976
2021,Jan,สุพรรณบุรี,838628
2021,Feb,สุพรรณบุรี,838628
2021,Mar,สุพรรณบุรี,838628
2021,Apr,สุพรรณบุรี,838628
2021,May,สุพรรณบุรี,838628
2021,Jun,สุพรรณบุรี,838628
2021,Jul,สุพรรณบุรี,838628
2021,Aug,สุพรรณบุรี,838628
2021,Sep,สุพรรณบุรี,838628
2021,Oct,สุพรรณบุรี,838628
2021,Nov,สุพรรณบุรี,838628
2021,Dec,สุพรรณบุรี,838628
2021,Jan,นครปฐม,920729
2021,Feb,นครปฐม,920729
2021,Mar,นครปฐม,920729
2021,Apr,นครปฐม,920729
2021,May,นครปฐม,920729
2021,Jun,นครปฐม,920729
2021,Jul,นครปฐม,920729
2021,Aug,นครปฐม,920729
2021,Sep,นครปฐม,920729
2021,Oct,นครปฐม,920729
2021,Nov,นครปฐม,920729
2021,Dec,นครปฐม,920729
2021,Jan,สมุทรสาคร,586199
2021,Feb,สมุทรสาคร,586199
2021,Mar,สมุทรสาคร,586199
2021,Apr,สมุทรสาคร,586199
2021,May,สมุทรสาคร,586199
2021,Jun,สมุทรสาคร,586199
2021,Jul,สมุทรสาคร,586199
2021,Aug,สมุทรสาคร,586199
2021,Sep,สมุทรสาคร,586199
2021,Oct,สมุทรสาคร,586199
2021,Nov,สมุทรสาคร,586199
2021,Dec,สมุทรสาคร,586199
2021,Jan,สมุทรสงคราม,192052
2021,Feb,สมุทรสงคราม,192052
2021,Mar,สมุทรสงคราม,192052
2021,Apr,สมุทรสงคราม,192052
2021,May,สมุทรสงคราม,192052
2021,Jun,สมุทรสงคราม,192052
2021,Jul,สมุทรสงคราม,192052
2021,Aug,สมุทรสงคราม,192052
2021,Sep,สมุทรสงคราม,192052
2021,Oct,สมุทรสงคราม,192052
2021,Nov,สมุทรสงคราม,192052
2021,Dec,สมุทรสงคราม,192052
2021,Jan,เพชรบุรี,482193
2021,Feb,เพชรบุรี,482193
2021,Mar,เพชรบุรี,482193
2021,Apr,เพชรบุรี,482193
2021,May,เพชรบุรี,482193
2021,Jun,เพชรบุรี,482193
2021,Jul,เพชรบุรี,482193
2021,Aug,เพชรบุรี,482193
2021,Sep,เพชรบุรี,482193
2021,Oct,เพชรบุรี,482193
2021,Nov,เพชรบุรี,482193
2021,Dec,เพชรบุรี,482193
2021,Jan,ประจวบคีรีขันธ์,550678
2021,Feb,ประจวบคีรีขันธ์,550678
2021,Mar,ประจวบคีรีขันธ์,550678
2021,Apr,ประจวบคีรีขันธ์,550678
2021,May,ประจวบคีรีขันธ์,550678
2021,Jun,ประจวบคีรีขันธ์,550678
2021,Jul,ประจวบคีรีขันธ์,550678
2021,Aug,ประจวบคีรีขันธ์,550678
2021,Sep,ประจวบคีรีขันธ์,550678
2021,Oct,ประจวบคีรีขันธ์,550678
2021,Nov,ประจวบคีรีขันธ์,550678
2021,Dec,ประจวบคีรีขันธ์,550678
2021,Jan,นครศรีธรรมราช,1550721
2021,Feb,นครศรีธรรมราช,1550721
2021,Mar,นครศรีธรรมราช,1550721
2021,Apr,นครศรีธรรมราช,1550721
2021,May,นครศรีธรรมราช,1550721
2021,Jun,นครศรีธรรมราช,1550721
2021,Jul,นครศรีธรรมราช,1550721
2021,Aug,นครศรีธรรมราช,1550721
2021,Sep,นครศรีธรรมราช,1550721
2021,Oct,นครศรีธรรมราช,1550721
2021,Nov,นครศรีธรรมราช,1550721
2021,Dec,นครศรีธรรมราช,1550721
2021,Jan,กระบี่,477770
2021,Feb,กระบี่,477770
2021,Mar,กระบี่,477770
2021,Apr,กระบี่,477770
2021,May,กระบี่,477770
2021,Jun,กระบี่,477770
2021,Jul,กระบี่,477770
2021,Aug,กระบี่,477770
2021,Sep,กระบี่,477770
2021,Oct,กระบี่,477770
2021,Nov,กระบี่,477770
2021,Dec,กระบี่,477770
2021,Jan,พังงา,268229
2021,Feb,พังงา,268229
2021,Mar,พังงา,268229
2021,Apr,พังงา,268229
2021,May,พังงา,268229
2021,Jun,พังงา,268229
2021,Jul,พังงา,268229
2021,Aug,พังงา,268229
2021,Sep,พังงา,268229
2021,Oct,พังงา,268229
2021,Nov,พังงา,268229
2021,Dec,พังงา,268229
2021,Jan,ภูเก็ต,414471
2021,Feb,ภูเก็ต,414471
2021,Mar,ภูเก็ต,414471
2021,Apr,ภูเก็ต,414471
2021,May,ภูเก็ต,414471
2021,Jun,ภูเก็ต,414471
2021,Jul,ภูเก็ต,414471
2021,Aug,ภูเก็ต,414471
2021,Sep,ภูเก็ต,414471
2021,Oct,ภูเก็ต,414471
2021,Nov,ภูเก็ต,414471
2021,Dec,ภูเก็ต,414471
2021,Jan,สุราษฎร์ธานี,1067726
2021,Feb,สุราษฎร์ธานี,1067726
2021,Mar,สุราษฎร์ธานี,1067726
2021,Apr,สุราษฎร์ธานี,1067726
2021,May,สุราษฎร์ธานี,1067726
2021,Jun,สุราษฎร์ธานี,1067726
2021,Jul,สุราษฎร์ธานี,1067726
2021,Aug,สุราษฎร์ธานี,1067726
2021,Sep,สุราษฎร์ธานี,1067726
2021,Oct,สุราษฎร์ธานี,1067726
2021,Nov,สุราษฎร์ธานี,1067726
2021,Dec,สุราษฎร์ธานี,1067726
2021,Jan,ระนอง,194372
2021,Feb,ระนอง,194372
2021,Mar,ระนอง,194372
2021,Apr,ระนอง,194372
2021,May,ระนอง,194372
2021,Jun,ระนอง,194372
2021,Jul,ระนอง,194372
2021,Aug,ระนอง,194372
2021,Sep,ระนอง,194372
2021,Oct,ระนอง,194372
2021,Nov,ระนอง,194372
2021,Dec,ระนอง,194372
2021,Jan,ชุมพร,509208
2021,Feb,ชุมพร,509208
2021,Mar,ชุมพร,509208
2021,Apr,ชุมพร,509208
2021,May,ชุมพร,509208
2021,Jun,ชุมพร,509208
2021,Jul,ชุมพร,509208
2021,Aug,ชุมพร,509208
2021,Sep,ชุมพร,509208
2021,Oct,ชุมพร,509208
2021,Nov,ชุมพร,509208
2021,Dec,ชุมพร,509208
2021,Jan,สงขลา,1428609
2021,Feb,สงขลา,1428609
2021,Mar,สงขลา,1428609
2021,Apr,สงขลา,1428609
2021,May,สงขลา,1428609
2021,Jun,สงขลา,1428609
2021,Jul,สงขลา,1428609
2021,Aug,สงขลา,1428609
2021,Sep,สงขลา,1428609
2021,Oct,สงขลา,1428609
2021,Nov,สงขลา,1428609
2021,Dec,สงขลา,1428609
2021,Jan,สตูล,324098
2021,Feb,สตูล,324098
2021,Mar,สตูล,324098
2021,Apr,สตูล,324098
2021,May,สตูล,324098
2021,Jun,สตูล,324098
2021,Jul,สตูล,324098
2021,Aug,สตูล,324098
2021,Sep,สตูล,324098
2021,Oct,สตูล,324098
2021,Nov,สตูล,324098
2021,Dec,สตูล,324098
2021,Jan,ตรัง,640574
2021,Feb,ตรัง,640574
2021,Mar,ตรัง,640574
2021,Apr,ตรัง,640574
2021,May,ตรัง,640574
2021,Jun,ตรัง,640574
2021,Jul,ตรัง,640574
2021,Aug,ตรัง,640574
2021,Sep,ตรัง,640574
2021,Oct,ตรัง,640574
2021,Nov,ตรัง,640574
2021,Dec,ตรัง,640574
2021,Jan,พัทลุง,523077
2021,Feb,พัทลุง,523077
2021,Mar,พัทลุง,523077
2021,Apr,พัทลุง,523077
2021,May,พัทลุง,523077
2021,Jun,พัทลุง,523077
2021,Jul,พัทลุง,523077
2021,Aug,พัทลุง,523077
2021,Sep,พัทลุง,523077
2021,Oct,พัทลุง,523077
2021,Nov,พัทลุง,523077
2021,Dec,พัทลุง,523077
2021,Jan,ปัตตานี,726015
2021,Feb,ปัตตานี,726015
2021,Mar,ปัตตานี,726015
2021,Apr,ปัตตานี,726015
2021,May,ปัตตานี,726015
2021,Jun,ปัตตานี,726015
2021,Jul,ปัตตานี,726015
2021,Aug,ปัตตานี,726015
2021,Sep,ปัตตานี,726015
2021,Oct,ปัตตานี,726015
2021,Nov,ปัตตานี,726015
2021,Dec,ปัตตานี,726015
2021,Jan,ยะลา,538602
2021,Feb,ยะลา,538602
2021,Mar,ยะลา,538602
2021,Apr,ยะลา,538602
2021,May,ยะลา,538602
2021,Jun,ยะลา,538602
2021,Jul,ยะลา,538602
2021,Aug,ยะลา,538602
2021,Sep,ยะลา,538602
2021,Oct,ยะลา,538602
2021,Nov,ยะลา,538602
2021,Dec,ยะลา,538602
2021,Jan,นราธิวาส,804429
2021,Feb,นราธิวาส,804429
2021,Mar,นราธิวาส,804429
2021,Apr,นราธิวาส,804429
2021,May,นราธิวาส,804429
2021,Jun,นราธิวาส,804429
2021,Jul,นราธิวาส,804429
2021,Aug,นราธิวาส,804429
2021,Sep,นราธิวาส,804429
2021,Oct,นราธิวาส,804429
2021,Nov,นราธิวาส,804429
2021,Dec,นราธิวาส,804429
2023,Jan,กรุงเทพมหานคร,5471588
2023,Feb,กรุงเทพมหานคร,5471588
2023,Mar,กรุงเทพมหานคร,5471588
2023,Apr,กรุงเทพมหานคร,5471588
2023,May,กรุงเทพมหานคร,5471588
2023,Jun,กรุงเทพมหานคร,5471588
2023,Jul,กรุงเทพมหานคร,5471588
2023,Aug,กรุงเทพมหานคร,5471588
2023,Sep,กรุงเทพมหานคร,5471588
2023,Oct,กรุงเทพมหานคร,5471588
2023,Nov,กรุงเทพมหานคร,5471588
2023,Dec,กรุงเทพมหานคร,5471588
2023,Jan,สมุทรปราการ,1372970
2023,Feb,สมุทรปราการ,1372970
2023,Mar,สมุทรปราการ,1372970
2023,Apr,สมุทรปราการ,1372970
2023,May,สมุทรปราการ,1372970
2023,Jun,สมุทรปราการ,1372970
2023,Jul,สมุทรปราการ,1372970
2023,Aug,สมุทรปราการ,1372970
2023,Sep,สมุทรปราการ,1372970
2023,Oct,สมุทรปราการ,1372970
2023,Nov,สมุทรปราการ,1372970
2023,Dec,สมุทรปราการ,1372970
2023,Jan,นนทบุรี,1308092
2023,Feb,นนทบุรี,1308092
2023,Mar,นนทบุรี,1308092
2023,Apr,นนทบุรี,1308092
2023,May,นนทบุรี,1308092
2023,Jun,นนทบุรี,1308092
2023,Jul,นนทบุรี,1308092
2023,Aug,นนทบุรี,1308092
2023,Sep,นนทบุรี,1308092
2023,Oct,นนทบุรี,1308092
2023,Nov,นนทบุรี,1308092
2023,Dec,นนทบุรี,1308092
2023,Jan,ปทุมธานี,1219199
2023,Feb,ปทุมธานี,1219199
2023,Mar,ปทุมธานี,1219199
2023,Apr,ปทุมธานี,1219199
2023,May,ปทุมธานี,1219199
2023,Jun,ปทุมธานี,1219199
2023,Jul,ปทุมธานี,1219199
2023,Aug,ปทุมธานี,1219199
2023,Sep,ปทุมธานี,1219199
2023,Oct,ปทุมธานี,1219199
2023,Nov,ปทุมธานี,1219199
2023,Dec,ปทุมธานี,1219199
2023,Jan,พระนครศรีอยุธยา,822106
2023,Feb,พระนครศรีอยุธยา,822106
2023,Mar,พระนครศรีอยุธยา,822106
2023,Apr,พระนครศรีอยุธยา,822106
2023,May,พระนครศรีอยุธยา,822106
2023,Jun,พระนครศรีอยุธยา,822106
2023,Jul,พระนครศรีอยุธยา,822106
2023,Aug,พระนครศรีอยุธยา,822106
2023,Sep,พระนครศรีอยุธยา,822106
2023,Oct,พระนครศรีอยุธยา,822106
2023,Nov,พระนครศรีอยุธยา,822106
2023,Dec,พระนครศรีอยุธยา,822106
2023,Jan,อ่างทอง,270726
2023,Feb,อ่างทอง,270726
2023,Mar,อ่างทอง,270726
2023,Apr,อ่างทอง,270726
2023,May,อ่างทอง,270726
2023,Jun,อ่างทอง,270726
2023,Jul,อ่างทอง,270726
2023,Aug,อ่างทอง,270726
2023,Sep,อ่างทอง,270726
2023,Oct,อ่างทอง,270726
2023,Nov,อ่างทอง,270726
2023,Dec,อ่างทอง,270726
2023,Jan,ลพบุรี,729697
2023,Feb,ลพบุรี,729697
2023,Mar,ลพบุรี,729697
2023,Apr,ลพบุรี,729697
2023,May,ลพบุรี,729697
2023,Jun,ลพบุรี,729697
2023,Jul,ลพบุรี,729697
2023,Aug,ลพบุรี,729697
2023,Sep,ลพบุรี,729697
2023,Oct,ลพบุรี,729697
2023,Nov,ลพบุรี,729697
2023,Dec,ลพบุรี,729697
2023,Jan,สิงห์บุรี,201439
2023,Feb,สิงห์บุรี,201439
2023,Mar,สิงห์บุรี,201439
2023,Apr,สิงห์บุรี,201439
2023,May,สิงห์บุรี,201439
2023,Jun,สิงห์บุรี,201439
2023,Jul,สิงห์บุรี,201439
2023,Aug,สิงห์บุรี,201439
2023,Sep,สิงห์บุรี,201439
2023,Oct,สิงห์บุรี,201439
2023,Nov,สิงห์บุรี,201439
2023,Dec,สิงห์บุรี,201439
2023,Jan,ชัยนาท,316220
2023,Feb,ชัยนาท,316220
2023,Mar,ชัยนาท,316220
2023,Apr,ชัยนาท,316220
2023,May,ชัยนาท,316220
2023,Jun,ชัยนาท,316220
2023,Jul,ชัยนาท,316220
2023,Aug,ชัยนาท,316220
2023,Sep,ชัยนาท,316220
2023,Oct,ชัยนาท,316220
2023,Nov,ชัยนาท,316220
2023,Dec,ชัยนาท,316220
2023,Jan,สระบุรี,638826
2023,Feb,สระบุรี,638826
2023,Mar,สระบุรี,638826
2023,Apr,สระบุรี,638826
2023,May,สระบุรี,638826
2023,Jun,สระบุรี,638826
2023,Jul,สระบุรี,638826
2023,Aug,สระบุรี,638826
2023,Sep,สระบุรี,638826
2023,Oct,สระบุรี,638826
2023,Nov,สระบุรี,638826
2023,Dec,สระบุรี,638826
2023,Jan,ชลบุรี,1618066
2023,Feb,ชลบุรี,1618066
2023,Mar,ชลบุรี,1618066
2023,Apr,ชลบุรี,1618066
2023,May,ชลบุรี,1618066
2023,Jun,ชลบุรี,1618066
2023,Jul,ชลบุรี,1618066
2023,Aug,ชลบุรี,1618066
2023,Sep,ชลบุรี,1618066
2023,Oct,ชลบุรี,1618066
2023,Nov,ชลบุรี,1618066
2023,Dec,ชลบุรี,1618066
2023,Jan,ระยอง,771189
2023,Feb,ระยอง,771189
2023,Mar,ระยอง,771189
2023,Apr,ระยอง,771189
2023,May,ระยอง,771189
2023,Jun,ระยอง,771189
2023,Jul,ระยอง,771189
2023,Aug,ระยอง,771189
2023,Sep,ระยอง,771189
2023,Oct,ระยอง,771189
2023,Nov,ระยอง,771189
2023,Dec,ระยอง,771189
2023,Jan,จันทบุรี,536436
2023,Feb,จันทบุรี,536436
2023,Mar,จันทบุรี,536436
2023,Apr,จันทบุรี,536436
2023,May,จันทบุรี,536436
2023,Jun,จันทบุรี,536436
2023,Jul,จันทบุรี,536436
2023,Aug,จันทบุรี,536436
2023,Sep,จันทบุรี,536436
2023,Oct,จันทบุรี,536436
2023,Nov,จันทบุรี,536436
2023,Dec,จันทบุรี,536436
2023,Jan,ตราด,227052
2023,Feb,ตราด,227052
2023,Mar,ตราด,227052
2023,Apr,ตราด,227052
2023,May,ตราด,227052
2023,Jun,ตราด,227052
2023,Jul,ตราด,227052
2023,Aug,ตราด,227052
2023,Sep,ตราด,227052
2023,Oct,ตราด,227052
2023,Nov,ตราด,227052
2023,Dec,ตราด,227052
2023,Jan,ฉะเชิงเทรา,730543
2023,Feb,ฉะเชิงเทรา,730543
2023,Mar,ฉะเชิงเทรา,730543
2023,Apr,ฉะเชิงเทรา,730543
2023,May,ฉะเชิงเทรา,730543
2023,Jun,ฉะเชิงเทรา,730543
2023,Jul,ฉะเชิงเทรา,730543
2023,Aug,ฉะเชิงเทรา,730543
2023,Sep,ฉะเชิงเทรา,730543
2023,Oct,ฉะเชิงเทรา,730543
2023,Nov,ฉะเชิงเทรา,730543
2023,Dec,ฉะเชิงเทรา,730543
2023,Jan,ปราจีนบุรี,499563
2023,Feb,ปราจีนบุรี,499563
2023,Mar,ปราจีนบุรี,499563
2023,Apr,ปราจีนบุรี,499563
2023,May,ปราจีนบุรี,499563
2023,Jun,ปราจีนบุรี,499563
2023,Jul,ปราจีนบุรี,499563
2023,Aug,ปราจีนบุรี,499563
2023,Sep,ปราจีนบุรี,499563
2023,Oct,ปราจีนบุรี,499563
2023,Nov,ปราจีนบุรี,499563
2023,Dec,ปราจีนบุรี,499563
2023,Jan,นครนายก,260117
2023,Feb,นครนายก,260117
2023,Mar,นครนายก,260117
2023,Apr,นครนายก,260117
2023,May,นครนายก,260117
2023,Jun,นครนายก,260117
2023,Jul,นครนายก,260117
2023,Aug,นครนายก,260117
2023,Sep,นครนายก,260117
2023,Oct,นครนายก,260117
2023,Nov,นครนายก,260117
2023,Dec,นครนายก,260117
2023,Jan,สระแก้ว,562902
2023,Feb,สระแก้ว,562902
2023,Mar,สระแก้ว,562902
2023,Apr,สระแก้ว,562902
2023,May,สระแก้ว,562902
2023,Jun,สระแก้ว,562902
2023,Jul,สระแก้ว,562902
2023,Aug,สระแก้ว,562902
2023,Sep,สระแก้ว,562902
2023,Oct,สระแก้ว,562902
2023,Nov,สระแก้ว,562902
2023,Dec,สระแก้ว,562902
2023,Jan,นครราชสีมา,2625794
2023,Feb,นครราชสีมา,2625794
2023,Mar,นครราชสีมา,2625794
2023,Apr,นครราชสีมา,2625794
2023,May,นครราชสีมา,2625794
2023,Jun,นครราชสีมา,2625794
2023,Jul,นครราชสีมา,2625794
2023,Aug,นครราชสีมา,2625794
2023,Sep,นครราชสีมา,2625794
2023,Oct,นครราชสีมา,2625794
2023,Nov,นครราชสีมา,2625794
2023,Dec,นครราชสีมา,2625794
2023,Jan,บุรีรัมย์,1573230
2023,Feb,บุรีรัมย์,1573230
2023,Mar,บุรีรัมย์,1573230
2023,Apr,บุรีรัมย์,1573230
2023,May,บุรีรัมย์,1573230
2023,Jun,บุรีรัมย์,1573230
2023,Jul,บุรีรัมย์,1573230
2023,Aug,บุรีรัมย์,1573230
2023,Sep,บุรีรัมย์,1573230
2023,Oct,บุรีรัมย์,1573230
2023,Nov,บุรีรัมย์,1573230
2023,Dec,บุรีรัมย์,1573230
2023,Jan,สุรินทร์,1367842
2023,Feb,สุรินทร์,1367842
2023,Mar,สุรินทร์,1367842
2023,Apr,สุรินทร์,1367842
2023,May,สุรินทร์,1367842
2023,Jun,สุรินทร์,1367842
2023,Jul,สุรินทร์,1367842
2023,Aug,สุรินทร์,1367842
2023,Sep,สุรินทร์,1367842
2023,Oct,สุรินทร์,1367842
2023,Nov,สุรินทร์,1367842
2023,Dec,สุรินทร์,1367842
2023,Jan,ศรีสะเกษ,1450333
2023,Feb,ศรีสะเกษ,1450333
2023,Mar,ศรีสะเกษ,1450333
2023,Apr,ศรีสะเกษ,1450333
2023,May,ศรีสะเกษ,1450333
2023,Jun,ศรีสะเกษ,1450333
2023,Jul,ศรีสะเกษ,1450333
2023,Aug,ศรีสะเกษ,1450333
2023,Sep,ศรีสะเกษ,1450333
2023,Oct,ศรีสะเกษ,1450333
2023,Nov,ศรีสะเกษ,1450333
2023,Dec,ศรีสะเกษ,1450333
2023,Jan,อุบลราชธานี,1869608
2023,Feb,อุบลราชธานี,1869608
2023,Mar,อุบลราชธานี,1869608
2023,Apr,อุบลราชธานี,1869608
2023,May,อุบลราชธานี,1869608
2023,Jun,อุบลราชธานี,1869608
2023,Jul,อุบลราชธานี,1869608
2023,Aug,อุบลราชธานี,1869608
2023,Sep,อุบลราชธานี,1869608
2023,Oct,อุบลราชธานี,1869608
2023,Nov,อุบลราชธานี,1869608
2023,Dec,อุบลราชธานี,1869608
2023,Jan,ยโสธร,528878
2023,Feb,ยโสธร,528878
2023,Mar,ยโสธร,528878
2023,Apr,ยโสธร,528878
2023,May,ยโสธร,528878
2023,Jun,ยโสธร,528878
2023,Jul,ยโสธร,528878
2023,Aug,ยโสธร,528878
2023,Sep,ยโสธร,528878
2023,Oct,ยโสธร,528878
2023,Nov,ยโสธร,528878
2023,Dec,ยโสธร,528878
2023,Jan,ชัยภูมิ,1113378
2023,Feb,ชัยภูมิ,1113378
2023,Mar,ชัยภูมิ,1113378
2023,Apr,ชัยภูมิ,1113378
2023,May,ชัยภูมิ,1113378
2023,Jun,ชัยภูมิ,1113378
2023,Jul,ชัยภูมิ,1113378
2023,Aug,ชัยภูมิ,1113378
2023,Sep,ชัยภูมิ,1113378
2023,Oct,ชัยภูมิ,1113378
2023,Nov,ชัยภูมิ,1113378
2023,Dec,ชัยภูมิ,1113378
2023,Jan,อำนาจเจริญ,374137
2023,Feb,อำนาจเจริญ,374137
2023,Mar,อำนาจเจริญ,374137
2023,Apr,อำนาจเจริญ,374137
2023,May,อำนาจเจริญ,374137
2023,Jun,อำนาจเจริญ,374137
2023,Jul,อำนาจเจริญ,374137
2023,Aug,อำนาจเจริญ,374137
2023,Sep,อำนาจเจริญ,374137
2023,Oct,อำนาจเจริญ,374137
2023,Nov,อำนาจเจริญ,374137
2023,Dec,อำนาจเจริญ,374137
2023,Jan,บึงกาฬ,420487
2023,Feb,บึงกาฬ,420487
2023,Mar,บึงกาฬ,420487
2023,Apr,บึงกาฬ,420487
2023,May,บึงกาฬ,420487
2023,Jun,บึงกาฬ,420487
2023,Jul,บึงกาฬ,420487
2023,Aug,บึงกาฬ,420487
2023,Sep,บึงกาฬ,420487
2023,Oct,บึงกาฬ,420487
2023,Nov,บึงกาฬ,420487
2023,Dec,บึงกาฬ,420487
2023,Jan,หนองบัวลำภู,506872
2023,Feb,หนองบัวลำภู,506872
2023,Mar,หนองบัวลำภู,506872
2023,Apr,หนองบัวลำภู,506872
2023,May,หนองบัวลำภู,506872
2023,Jun,หนองบัวลำภู,506872
2023,Jul,หนองบัวลำภู,506872
2023,Aug,หนองบัวลำภู,506872
2023,Sep,หนองบัวลำภู,506872
2023,Oct,หนองบัวลำภู,506872
2023,Nov,หนองบัวลำภู,506872
2023,Dec,หนองบัวลำภู,506872
2023,Jan,ขอนแก่น,1779373
2023,Feb,ขอนแก่น,1779373
2023,Mar,ขอนแก่น,1779373
2023,Apr,ขอนแก่น,1779373
2023,May,ขอนแก่น,1779373
2023,Jun,ขอนแก่น,1779373
2023,Jul,ขอนแก่น,1779373
2023,Aug,ขอนแก่น,1779373
2023,Sep,ขอนแก่น,1779373
2023,Oct,ขอนแก่น,1779373
2023,Nov,ขอนแก่น,1779373
2023,Dec,ขอนแก่น,1779373
2023,Jan,อุดรธานี,1558528
2023,Feb,อุดรธานี,1558528
2023,Mar,อุดรธานี,1558528
2023,Apr,อุดรธานี,1558528
2023,May,อุดรธานี,1558528
2023,Jun,อุดรธานี,1558528
2023,Jul,อุดรธานี,1558528
2023,Aug,อุดรธานี,1558528
2023,Sep,อุดรธานี,1558528
2023,Oct,อุดรธานี,1558528
2023,Nov,อุดรธานี,1558528
2023,Dec,อุดรธานี,1558528
2023,Jan,เลย,635142
2023,Feb,เลย,635142
2023,Mar,เลย,635142
2023,Apr,เลย,635142
2023,May,เลย,635142
2023,Jun,เลย,635142
2023,Jul,เลย,635142
2023,Aug,เลย,635142
2023,Sep,เลย,635142
2023,Oct,เลย,635142
2023,Nov,เลย,635142
2023,Dec,เลย,635142
2023,Jan,หนองคาย,514021
2023,Feb,หนองคาย,514021
2023,Mar,หนองคาย,514021
2023,Apr,หนองคาย,514021
2023,May,หนองคาย,514021
2023,Jun,หนองคาย,514021
2023,Jul,หนองคาย,514021
2023,Aug,หนองคาย,514021
2023,Sep,หนองคาย,514021
2023,Oct,หนองคาย,514021
2023,Nov,หนองคาย,514021
2023,Dec,หนองคาย,514021
2023,Jan,มหาสารคาม,937915
2023,Feb,มหาสารคาม,937915
2023,Mar,มหาสารคาม,937915
2023,Apr,มหาสารคาม,937915
2023,May,มหาสารคาม,937915
2023,Jun,มหาสารคาม,937915
2023,Jul,มหาสารคาม,937915
2023,Aug,มหาสารคาม,937915
2023,Sep,มหาสารคาม,937915
2023,Oct,มหาสารคาม,937915
2023,Nov,มหาสารคาม,937915
2023,Dec,มหาสารคาม,937915
2023,Jan,ร้อยเอ็ด,1284836
2023,Feb,ร้อยเอ็ด,1284836
2023,Mar,ร้อยเอ็ด,1284836
2023,Apr,ร้อยเอ็ด,1284836
2023,May,ร้อยเอ็ด,1284836
2023,Jun,ร้อยเอ็ด,1284836
2023,Jul,ร้อยเอ็ด,1284836
2023,Aug,ร้อยเอ็ด,1284836
2023,Sep,ร้อยเอ็ด,1284836
2023,Oct,ร้อยเอ็ด,1284836
2023,Nov,ร้อยเอ็ด,1284836
2023,Dec,ร้อยเอ็ด,1284836
2023,Jan,กาฬสินธุ์,968065
2023,Feb,กาฬสินธุ์,968065
2023,Mar,กาฬสินธุ์,968065
2023,Apr,กาฬสินธุ์,968065
2023,May,กาฬสินธุ์,968065
2023,Jun,กาฬสินธุ์,968065
2023,Jul,กาฬสินธุ์,968065
2023,Aug,กาฬสินธุ์,968065
2023,Sep,กาฬสินธุ์,968065
2023,Oct,กาฬสินธุ์,968065
2023,Nov,กาฬสินธุ์,968065
2023,Dec,กาฬสินธุ์,968065
2023,Jan,สกลนคร,1142657
2023,Feb,สกลนคร,1142657
2023,Mar,สกลนคร,1142657
2023,Apr,สกลนคร,1142657
2023,May,สกลนคร,1142657
2023,Jun,สกลนคร,1142657
2023,Jul,สกลนคร,1142657
2023,Aug,สกลนคร,1142657
2023,Sep,สกลนคร,1142657
2023,Oct,สกลนคร,1142657
2023,Nov,สกลนคร,1142657
2023,Dec,สกลนคร,1142657
2023,Jan,นครพนม,714284
2023,Feb,นครพนม,714284
2023,Mar,นครพนม,714284
2023,Apr,นครพนม,714284
2023,May,นครพนม,714284
2023,Jun,นครพนม,714284
2023,Jul,นครพนม,714284
2023,Aug,นครพนม,714284
2023,Sep,นครพนม,714284
2023,Oct,นครพนม,714284
2023,Nov,นครพนม,714284
2023,Dec,นครพนม,714284
2023,Jan,มุกดาหาร,351595
2023,Feb,มุกดาหาร,351595
2023,Mar,มุกดาหาร,351595
2023,Apr,มุกดาหาร,351595
2023,May,มุกดาหาร,351595
2023,Jun,มุกดาหาร,351595
2023,Jul,มุกดาหาร,351595
2023,Aug,มุกดาหาร,351595
2023,Sep,มุกดาหาร,351595
2023,Oct,มุกดาหาร,351595
2023,Nov,มุกดาหาร,351595
2023,Dec,มุกดาหาร,351595
2023,Jan,เชียงใหม่,1797075
2023,Feb,เชียงใหม่,1797075
2023,Mar,เชียงใหม่,1797075
2023,Apr,เชียงใหม่,1797075
2023,May,เชียงใหม่,1797075
2023,Jun,เชียงใหม่,1797075
2023,Jul,เชียงใหม่,1797075
2023,Aug,เชียงใหม่,1797075
2023,Sep,เชียงใหม่,1797075
2023,Oct,เชียงใหม่,1797075
2023,Nov,เชียงใหม่,1797075
2023,Dec,เชียงใหม่,1797075
2023,Jan,ลำพูน,398440
2023,Feb,ลำพูน,398440
2023,Mar,ลำพูน,398440
2023,Apr,ลำพูน,398440
2023,May,ลำพูน,398440
2023,Jun,ลำพูน,398440
2023,Jul,ลำพูน,398440
2023,Aug,ลำพูน,398440
2023,Sep,ลำพูน,398440
2023,Oct,ลำพูน,398440
2023,Nov,ลำพูน,398440
2023,Dec,ลำพูน,398440
2023,Jan,ลำปาง,711478
2023,Feb,ลำปาง,711478
2023,Mar,ลำปาง,711478
2023,Apr,ลำปาง,711478
2023,May,ลำปาง,711478
2023,Jun,ลำปาง,711478
2023,Jul,ลำปาง,711478
2023,Aug,ลำปาง,711478
2023,Sep,ลำปาง,711478
2023,Oct,ลำปาง,711478
2023,Nov,ลำปาง,711478
2023,Dec,ลำปาง,711478
2023,Jan,อุตรดิตถ์,439629
2023,Feb,อุตรดิตถ์,439629
2023,Mar,อุตรดิตถ์,439629
2023,Apr,อุตรดิตถ์,439629
2023,May,อุตรดิตถ์,439629
2023,Jun,อุตรดิตถ์,439629
2023,Jul,อุตรดิตถ์,439629
2023,Aug,อุตรดิตถ์,439629
2023,Sep,อุตรดิตถ์,439629
2023,Oct,อุตรดิตถ์,439629
2023,Nov,อุตรดิตถ์,439629
2023,Dec,อุตรดิตถ์,439629
2023,Jan,แพร่,426331
2023,Feb,แพร่,426331
2023,Mar,แพร่,426331
2023,Apr,แพร่,426331
2023,May,แพร่,426331
2023,Jun,แพร่,426331
2023,Jul,แพร่,426331
2023,Aug,แพร่,426331
2023,Sep,แพร่,426331
2023,Oct,แพร่,426331
2023,Nov,แพร่,426331
2023,Dec,แพร่,426331
2023,Jan,น่าน,472722
2023,Feb,น่าน,472722
2023,Mar,น่าน,472722
2023,Apr,น่าน,472722
2023,May,น่าน,472722
2023,Jun,น่าน,472722
2023,Jul,น่าน,472722
2023,Aug,น่าน,472722
2023,Sep,น่าน,472722
2023,Oct,น่าน,472722
2023,Nov,น่าน,472722
2023,Dec,น่าน,472722
2023,Jan,พะเยา,458287
2023,Feb,พะเยา,458287
2023,Mar,พะเยา,458287
2023,Apr,พะเยา,458287
2023,May,พะเยา,458287
2023,Jun,พะเยา,458287
2023,Jul,พะเยา,458287
2023,Aug,พะเยา,458287
2023,Sep,พะเยา,458287
2023,Oct,พะเยา,458287
2023,Nov,พะเยา,458287
2023,Dec,พะเยา,458287
2023,Jan,เชียงราย,1298977
2023,Feb,เชียงราย,1298977
2023,Mar,เชียงราย,1298977
2023,Apr,เชียงราย,1298977
2023,May,เชียงราย,1298977
2023,Jun,เชียงราย,1298977
2023,Jul,เชียงราย,1298977
2023,Aug,เชียงราย,1298977
2023,Sep,เชียงราย,1298977
2023,Oct,เชียงราย,1298977
2023,Nov,เชียงราย,1298977
2023,Dec,เชียงราย,1298977
2023,Jan,แม่ฮ่องสอน,287644
2023,Feb,แม่ฮ่องสอน,287644
2023,Mar,แม่ฮ่องสอน,287644
2023,Apr,แม่ฮ่องสอน,287644
2023,May,แม่ฮ่องสอน,287644
2023,Jun,แม่ฮ่องสอน,287644
2023,Jul,แม่ฮ่องสอน,287644
2023,Aug,แม่ฮ่องสอน,287644
2023,Sep,แม่ฮ่องสอน,287644
2023,Oct,แม่ฮ่องสอน,287644
2023,Nov,แม่ฮ่องสอน,287644
2023,Dec,แม่ฮ่องสอน,287644
2023,Jan,นครสวรรค์,1021883
2023,Feb,นครสวรรค์,1021883
2023,Mar,นครสวรรค์,1021883
2023,Apr,นครสวรรค์,1021883
2023,May,นครสวรรค์,1021883
2023,Jun,นครสวรรค์,1021883
2023,Jul,นครสวรรค์,1021883
2023,Aug,นครสวรรค์,1021883
2023,Sep,นครสวรรค์,1021883
2023,Oct,นครสวรรค์,1021883
2023,Nov,นครสวรรค์,1021883
2023,Dec,นครสวรรค์,1021883
2023,Jan,อุทัยธานี,322273
2023,Feb,อุทัยธานี,322273
2023,Mar,อุทัยธานี,322273
2023,Apr,อุทัยธานี,322273
2023,May,อุทัยธานี,322273
2023,Jun,อุทัยธานี,322273
2023,Jul,อุทัยธานี,322273
2023,Aug,อุทัยธานี,322273
2023,Sep,อุทัยธานี,322273
2023,Oct,อุทัยธานี,322273
2023,Nov,อุทัยธานี,322273
2023,Dec,อุทัยธานี,322273
2023,Jan,กำแพงเพชร,704948
2023,Feb,กำแพงเพชร,704948
2023,Mar,กำแพงเพชร,704948
2023,Apr,กำแพงเพชร,704948
2023,May,กำแพงเพชร,704948
2023,Jun,กำแพงเพชร,704948
2023,Jul,กำแพงเพชร,704948
2023,Aug,กำแพงเพชร,704948
2023,Sep,กำแพงเพชร,704948
2023,Oct,กำแพงเพชร,704948
2023,Nov,กำแพงเพชร,704948
2023,Dec,กำแพงเพชร,704948
2023,Jan,ตาก,691714
2023,Feb,ตาก,691714
2023,Mar,ตาก,691714
2023,Apr,ตาก,691714
2023,May,ตาก,691714
2023,Jun,ตาก,691714
2023,Jul,ตาก,691714
2023,Aug,ตาก,691714
2023,Sep,ตาก,691714
2023,Oct,ตาก,691714
2023,Nov,ตาก,691714
2023,Dec,ตาก,691714
2023,Jan,สุโขทัย,577866
2023,Feb,สุโขทัย,577866
2023,Mar,สุโขทัย,577866
2023,Apr,สุโขทัย,577866
2023,May,สุโขทัย,577866
2023,Jun,สุโขทัย,577866
2023,Jul,สุโขทัย,577866
2023,Aug,สุโขทัย,577866
2023,Sep,สุโขทัย,577866
2023,Oct,สุโขทัย,577866
2023,Nov,สุโขทัย,577866
2023,Dec,สุโขทัย,577866
2023,Jan,พิษณุโลก,841729
2023,Feb,พิษณุโลก,841729
2023,Mar,พิษณุโลก,841729
2023,Apr,พิษณุโลก,841729
2023,May,พิษณุโลก,841729
2023,Jun,พิษณุโลก,841729
2023,Jul,พิษณุโลก,841729
2023,Aug,พิษณุโลก,841729
2023,Sep,พิษณุโลก,841729
2023,Oct,พิษณุโลก,841729
2023,Nov,พิษณุโลก,841729
2023,Dec,พิษณุโลก,841729
2023,Jan,พิจิตร,521907
2023,Feb,พิจิตร,521907
2023,Mar,พิจิตร,521907
2023,Apr,พิจิตร,521907
2023,May,พิจิตร,521907
2023,Jun,พิจิตร,521907
2023,Jul,พิจิตร,521907
2023,Aug,พิจิตร,521907
2023,Sep,พิจิตร,521907
2023,Oct,พิจิตร,521907
2023,Nov,พิจิตร,521907
2023,Dec,พิจิตร,521907
2023,Jan,เพชรบูรณ์,967421
2023,Feb,เพชรบูรณ์,967421
2023,Mar,เพชรบูรณ์,967421
2023,Apr,เพชรบูรณ์,967421
2023,May,เพชรบูรณ์,967421
2023,Jun,เพชรบูรณ์,967421
2023,Jul,เพชรบูรณ์,967421
2023,Aug,เพชรบูรณ์,967421
2023,Sep,เพชรบูรณ์,967421
2023,Oct,เพชรบูรณ์,967421
2023,Nov,เพชรบูรณ์,967421
2023,Dec,เพชรบูรณ์,967421
2023,Jan,ราชบุรี,864746
2023,Feb,ราชบุรี,864746
2023,Mar,ราชบุรี,864746
2023,Apr,ราชบุรี,864746
2023,May,ราชบุรี,864746
2023,Jun,ราชบุรี,864746
2023,Jul,ราชบุรี,864746
2023,Aug,ราชบุรี,864746
2023,Sep,ราชบุรี,864746
2023,Oct,ราชบุรี,864746
2023,Nov,ราชบุรี,864746
2023,Dec,ราชบุรี,864746
2023,Jan,กาญจนบุรี,895281
2023,Feb,กาญจนบุรี,895281
2023,Mar,กาญจนบุรี,895281
2023,Apr,กาญจนบุรี,895281
2023,May,กาญจนบุรี,895281
2023,Jun,กาญจนบุรี,895281
2023,Jul,กาญจนบุรี,895281
2023,Aug,กาญจนบุรี,895281
2023,Sep,กาญจนบุรี,895281
2023,Oct,กาญจนบุรี,895281
2023,Nov,กาญจนบุรี,895281
2023,Dec,กาญจนบุรี,895281
2023,Jan,สุพรรณบุรี,826391
2023,Feb,สุพรรณบุรี,826391
2023,Mar,สุพรรณบุรี,826391
2023,Apr,สุพรรณบุรี,826391
2023,May,สุพรรณบุรี,826391
2023,Jun,สุพรรณบุรี,826391
2023,Jul,สุพรรณบุรี,826391
2023,Aug,สุพรรณบุรี,826391
2023,Sep,สุพรรณบุรี,826391
2023,Oct,สุพรรณบุรี,826391
2023,Nov,สุพรรณบุรี,826391
2023,Dec,สุพรรณบุรี,826391
2023,Jan,นครปฐม,924521
2023,Feb,นครปฐม,924521
2023,Mar,นครปฐม,924521
2023,Apr,นครปฐม,924521
2023,May,นครปฐม,924521
2023,Jun,นครปฐม,924521
2023,Jul,นครปฐม,924521
2023,Aug,นครปฐม,924521
2023,Sep,นครปฐม,924521
2023,Oct,นครปฐม,924521
2023,Nov,นครปฐม,924521
2023,Dec,นครปฐม,924521
2023,Jan,สมุทรสาคร,592033
2023,Feb,สมุทรสาคร,592033
2023,Mar,สมุทรสาคร,592033
2023,Apr,สมุทรสาคร,592033
2023,May,สมุทรสาคร,592033
2023,Jun,สมุทรสาคร,592033
2023,Jul,สมุทรสาคร,592033
2023,Aug,สมุทรสาคร,592033
2023,Sep,สมุทรสาคร,592033
2023,Oct,สมุทรสาคร,592033
2023,Nov,สมุทรสาคร,592033
2023,Dec,สมุทรสาคร,592033
2023,Jan,สมุทรสงคราม,187993
2023,Feb,สมุทรสงคราม,187993
2023,Mar,สมุทรสงคราม,187993
2023,Apr,สมุทรสงคราม,187993
2023,May,สมุทรสงคราม,187993
2023,Jun,สมุทรสงคราม,187993
2023,Jul,สมุทรสงคราม,187993
2023,Aug,สมุทรสงคราม,187993
2023,Sep,สมุทรสงคราม,187993
2023,Oct,สมุทรสงคราม,187993
2023,Nov,สมุทรสงคราม,187993
2023,Dec,สมุทรสงคราม,187993
2023,Jan,เพชรบุรี,483668
2023,Feb,เพชรบุรี,483668
2023,Mar,เพชรบุรี,483668
2023,Apr,เพชรบุรี,483668
2023,May,เพชรบุรี,483668
2023,Jun,เพชรบุรี,483668
2023,Jul,เพชรบุรี,483668
2023,Aug,เพชรบุรี,483668
2023,Sep,เพชรบุรี,483668
2023,Oct,เพชรบุรี,483668
2023,Nov,เพชรบุรี,483668
2023,Dec,เพชรบุรี,483668
2023,Jan,ประจวบคีรีขันธ์,550977
2023,Feb,ประจวบคีรีขันธ์,550977
2023,Mar,ประจวบคีรีขันธ์,550977
2023,Apr,ประจวบคีรีขันธ์,550977
2023,May,ประจวบคีรีขันธ์,550977
2023,Jun,ประจวบคีรีขันธ์,550977
2023,Jul,ประจวบคีรีขันธ์,550977
2023,Aug,ประจวบคีรีขันธ์,550977
2023,Sep,ประจวบคีรีขันธ์,550977
2023,Oct,ประจวบคีรีขันธ์,550977
2023,Nov,ประจวบคีรีขันธ์,550977
2023,Dec,ประจวบคีรีขันธ์,550977
2023,Jan,นครศรีธรรมราช,1540953
2023,Feb,นครศรีธรรมราช,1540953
2023,Mar,นครศรีธรรมราช,1540953
2023,Apr,นครศรีธรรมราช,1540953
2023,May,นครศรีธรรมราช,1540953
2023,Jun,นครศรีธรรมราช,1540953
2023,Jul,นครศรีธรรมราช,1540953
2023,Aug,นครศรีธรรมราช,1540953
2023,Sep,นครศรีธรรมราช,1540953
2023,Oct,นครศรีธรรมราช,1540953
2023,Nov,นครศรีธรรมราช,1540953
2023,Dec,นครศรีธรรมราช,1540953
2023,Jan,กระบี่,482121
2023,Feb,กระบี่,482121
2023,Mar,กระบี่,482121
2023,Apr,กระบี่,482121
2023,May,กระบี่,482121
2023,Jun,กระบี่,482121
2023,Jul,กระบี่,482121
2023,Aug,กระบี่,482121
2023,Sep,กระบี่,482121
2023,Oct,กระบี่,482121
2023,Nov,กระบี่,482121
2023,Dec,กระบี่,482121
2023,Jan,พังงา,267057
2023,Feb,พังงา,267057
2023,Mar,พังงา,267057
2023,Apr,พังงา,267057
2023,May,พังงา,267057
2023,Jun,พังงา,267057
2023,Jul,พังงา,267057
2023,Aug,พังงา,267057
2023,Sep,พังงา,267057
2023,Oct,พังงา,267057
2023,Nov,พังงา,267057
2023,Dec,พังงา,267057
2023,Jan,ภูเก็ต,423599
2023,Feb,ภูเก็ต,423599
2023,Mar,ภูเก็ต,423599
2023,Apr,ภูเก็ต,423599
2023,May,ภูเก็ต,423599
2023,Jun,ภูเก็ต,423599
2023,Jul,ภูเก็ต,423599
2023,Aug,ภูเก็ต,423599
2023,Sep,ภูเก็ต,423599
2023,Oct,ภูเก็ต,423599
2023,Nov,ภูเก็ต,423599
2023,Dec,ภูเก็ต,423599
2023,Jan,สุราษฎร์ธานี,1075788
2023,Feb,สุราษฎร์ธานี,1075788
2023,Mar,สุราษฎร์ธานี,1075788
2023,Apr,สุราษฎร์ธานี,1075788
2023,May,สุราษฎร์ธานี,1075788
2023,Jun,สุราษฎร์ธานี,1075788
2023,Jul,สุราษฎร์ธานี,1075788
2023,Aug,สุราษฎร์ธานี,1075788
2023,Sep,สุราษฎร์ธานี,1075788
2023,Oct,สุราษฎร์ธานี,1075788
2023,Nov,สุราษฎร์ธานี,1075788
2023,Dec,สุราษฎร์ธานี,1075788
2023,Jan,ระนอง,193371
2023,Feb,ระนอง,193371
2023,Mar,ระนอง,193371
2023,Apr,ระนอง,193371
2023,May,ระนอง,193371
2023,Jun,ระนอง,193371
2023,Jul,ระนอง,193371
2023,Aug,ระนอง,193371
2023,Sep,ระนอง,193371
2023,Oct,ระนอง,193371
2023,Nov,ระนอง,193371
2023,Dec,ระนอง,193371
2023,Jan,ชุมพร,508857
2023,Feb,ชุมพร,508857
2023,Mar,ชุมพร,508857
2023,Apr,ชุมพร,508857
2023,May,ชุมพร,508857
2023,Jun,ชุมพร,508857
2023,Jul,ชุมพร,508857
2023,Aug,ชุมพร,508857
2023,Sep,ชุมพร,508857
2023,Oct,ชุมพร,508857
2023,Nov,ชุมพร,508857
2023,Dec,ชุมพร,508857
2023,Jan,สงขลา,1431959
2023,Feb,สงขลา,1431959
2023,Mar,สงขลา,1431959
2023,Apr,สงขลา,1431959
2023,May,สงขลา,1431959
2023,Jun,สงขลา,1431959
2023,Jul,สงขลา,1431959
2023,Aug,สงขลา,1431959
2023,Sep,สงขลา,1431959
2023,Oct,สงขลา,1431959
2023,Nov,สงขลา,1431959
2023,Dec,สงขลา,1431959
2023,Jan,สตูล,325470
2023,Feb,สตูล,325470
2023,Mar,สตูล,325470
2023,Apr,สตูล,325470
2023,May,สตูล,325470
2023,Jun,สตูล,325470
2023,Jul,สตูล,325470
2023,Aug,สตูล,325470
2023,Sep,สตูล,325470
2023,Oct,สตูล,325470
2023,Nov,สตูล,325470
2023,Dec,สตูล,325470
2023,Jan,ตรัง,637017
2023,Feb,ตรัง,637017
2023,Mar,ตรัง,637017
2023,Apr,ตรัง,637017
2023,May,ตรัง,637017
2023,Jun,ตรัง,637017
2023,Jul,ตรัง,637017
2023,Aug,ตรัง,637017
2023,Sep,ตรัง,637017
2023,Oct,ตรัง,637017
2023,Nov,ตรัง,637017
2023,Dec,ตรัง,637017
2023,Jan,พัทลุง,520598
2023,Feb,พัทลุง,520598
2023,Mar,พัทลุง,520598
2023,Apr,พัทลุง,520598
2023,May,พัทลุง,520598
2023,Jun,พัทลุง,520598
2023,Jul,พัทลุง,520598
2023,Aug,พัทลุง,520598
2023,Sep,พัทลุง,520598
2023,Oct,พัทลุง,520598
2023,Nov,พัทลุง,520598
2023,Dec,พัทลุง,520598
2023,Jan,ปัตตานี,737077
2023,Feb,ปัตตานี,737077
2023,Mar,ปัตตานี,737077
2023,Apr,ปัตตานี,737077
2023,May,ปัตตานี,737077
2023,Jun,ปัตตานี,737077
2023,Jul,ปัตตานี,737077
2023,Aug,ปัตตานี,737077
2023,Sep,ปัตตานี,737077
2023,Oct,ปัตตานี,737077
2023,Nov,ปัตตานี,737077
2023,Dec,ปัตตานี,737077
2023,Jan,ยะลา,549946
2023,Feb,ยะลา,549946
2023,Mar,ยะลา,549946
2023,Apr,ยะลา,549946
2023,May,ยะลา,549946
2023,Jun,ยะลา,549946
2023,Jul,ยะลา,549946
2023,Aug,ยะลา,549946
2023,Sep,ยะลา,549946
2023,Oct,ยะลา,549946
2023,Nov,ยะลา,549946
2023,Dec,ยะลา,549946
2023,Jan,นราธิวาส,819162
2023,Feb,นราธิวาส,819162
2023,Mar,นราธิวาส,819162
2023,Apr,นราธิวาส,819162
2023,May,นราธิวาส,819162
2023,Jun,นราธิวาส,819162
2023,Jul,นราธิวาส,819162
2023,Aug,นราธิวาส,819162
2023,Sep,นราธิวาส,819162
2023,Oct,นราธิวาส,819162
2023,Nov,นราธิวาส,819162
2023,Dec,นราธิวาส,819162
2024,Jan,กรุงเทพมหานคร,5455020
2024,Feb,กรุงเทพมหานคร,5455020
2024,Mar,กรุงเทพมหานคร,5455020
2024,Apr,กรุงเทพมหานคร,5455020
2024,May,กรุงเทพมหานคร,5455020
2024,Jun,กรุงเทพมหานคร,5455020
2024,Jul,กรุงเทพมหานคร,5455020
2024,Aug,กรุงเทพมหานคร,5455020
2024,Sep,กรุงเทพมหานคร,5455020
2024,Oct,กรุงเทพมหานคร,5455020
2024,Nov,กรุงเทพมหานคร,5455020
2024,Dec,กรุงเทพมหานคร,5455020
2024,Jan,สมุทรปราการ,1380826
2024,Feb,สมุทรปราการ,1380826
2024,Mar,สมุทรปราการ,1380826
2024,Apr,สมุทรปราการ,1380826
2024,May,สมุทรปราการ,1380826
2024,Jun,สมุทรปราการ,1380826
2024,Jul,สมุทรปราการ,1380826
2024,Aug,สมุทรปราการ,1380826
2024,Sep,สมุทรปราการ,1380826
2024,Oct,สมุทรปราการ,1380826
2024,Nov,สมุทรปราการ,1380826
2024,Dec,สมุทรปราการ,1380826
2024,Jan,นนทบุรี,1317919
2024,Feb,นนทบุรี,1317919
2024,Mar,นนทบุรี,1317919
2024,Apr,นนทบุรี,1317919
2024,May,นนทบุรี,1317919
2024,Jun,นนทบุรี,1317919
2024,Jul,นนทบุรี,1317919
2024,Aug,นนทบุรี,1317919
2024,Sep,นนทบุรี,1317919
2024,Oct,นนทบุรี,1317919
2024,Nov,นนทบุรี,1317919
2024,Dec,นนทบุรี,1317919
2024,Jan,ปทุมธานี,1236471
2024,Feb,ปทุมธานี,1236471
2024,Mar,ปทุมธานี,1236471
2024,Apr,ปทุมธานี,1236471
2024,May,ปทุมธานี,1236471
2024,Jun,ปทุมธานี,1236471
2024,Jul,ปทุมธานี,1236471
2024,Aug,ปทุมธานี,1236471
2024,Sep,ปทุมธานี,1236471
2024,Oct,ปทุมธานี,1236471
2024,Nov,ปทุมธานี,1236471
2024,Dec,ปทุมธานี,1236471
2024,Jan,พระนครศรีอยุธยา,822720
2024,Feb,พระนครศรีอยุธยา,822720
2024,Mar,พระนครศรีอยุธยา,822720
2024,Apr,พระนครศรีอยุธยา,822720
2024,May,พระนครศรีอยุธยา,822720
2024,Jun,พระนครศรีอยุธยา,822720
2024,Jul,พระนครศรีอยุธยา,822720
2024,Aug,พระนครศรีอยุธยา,822720
2024,Sep,พระนครศรีอยุธยา,822720
2024,Oct,พระนครศรีอยุธยา,822720
2024,Nov,พระนครศรีอยุธยา,822720
2024,Dec,พระนครศรีอยุธยา,822720
2024,Jan,อ่างทอง,268875
2024,Feb,อ่างทอง,268875
2024,Mar,อ่างทอง,268875
2024,Apr,อ่างทอง,268875
2024,May,อ่างทอง,268875
2024,Jun,อ่างทอง,268875
2024,Jul,อ่างทอง,268875
2024,Aug,อ่างทอง,268875
2024,Sep,อ่างทอง,268875
2024,Oct,อ่างทอง,268875
2024,Nov,อ่างทอง,268875
2024,Dec,อ่างทอง,268875
2024,Jan,ลพบุรี,725266
2024,Feb,ลพบุรี,725266
2024,Mar,ลพบุรี,725266
2024,Apr,ลพบุรี,725266
2024,May,ลพบุรี,725266
2024,Jun,ลพบุรี,725266
2024,Jul,ลพบุรี,725266
2024,Aug,ลพบุรี,725266
2024,Sep,ลพบุรี,725266
2024,Oct,ลพบุรี,725266
2024,Nov,ลพบุรี,725266
2024,Dec,ลพบุรี,725266
2024,Jan,สิงห์บุรี,199803
2024,Feb,สิงห์บุรี,199803
2024,Mar,สิงห์บุรี,199803
2024,Apr,สิงห์บุรี,199803
2024,May,สิงห์บุรี,199803
2024,Jun,สิงห์บุรี,199803
2024,Jul,สิงห์บุรี,199803
2024,Aug,สิงห์บุรี,199803
2024,Sep,สิงห์บุรี,199803
2024,Oct,สิงห์บุรี,199803
2024,Nov,สิงห์บุรี,199803
2024,Dec,สิงห์บุรี,199803
2024,Jan,ชัยนาท,313759
2024,Feb,ชัยนาท,313759
2024,Mar,ชัยนาท,313759
2024,Apr,ชัยนาท,313759
2024,May,ชัยนาท,313759
2024,Jun,ชัยนาท,313759
2024,Jul,ชัยนาท,313759
2024,Aug,ชัยนาท,313759
2024,Sep,ชัยนาท,313759
2024,Oct,ชัยนาท,313759
2024,Nov,ชัยนาท,313759
2024,Dec,ชัยนาท,313759
2024,Jan,สระบุรี,639165
2024,Feb,สระบุรี,639165
2024,Mar,สระบุรี,639165
2024,Apr,สระบุรี,639165
2024,May,สระบุรี,639165
2024,Jun,สระบุรี,639165
2024,Jul,สระบุรี,639165
2024,Aug,สระบุรี,639165
2024,Sep,สระบุรี,639165
2024,Oct,สระบุรี,639165
2024,Nov,สระบุรี,639165
2024,Dec,สระบุรี,639165
2024,Jan,ชลบุรี,1635525
2024,Feb,ชลบุรี,1635525
2024,Mar,ชลบุรี,1635525
2024,Apr,ชลบุรี,1635525
2024,May,ชลบุรี,1635525
2024,Jun,ชลบุรี,1635525
2024,Jul,ชลบุรี,1635525
2024,Aug,ชลบุรี,1635525
2024,Sep,ชลบุรี,1635525
2024,Oct,ชลบุรี,1635525
2024,Nov,ชลบุรี,1635525
2024,Dec,ชลบุรี,1635525
2024,Jan,ระยอง,782171
2024,Feb,ระยอง,782171
2024,Mar,ระยอง,782171
2024,Apr,ระยอง,782171
2024,May,ระยอง,782171
2024,Jun,ระยอง,782171
2024,Jul,ระยอง,782171
2024,Aug,ระยอง,782171
2024,Sep,ระยอง,782171
2024,Oct,ระยอง,782171
2024,Nov,ระยอง,782171
2024,Dec,ระยอง,782171
2024,Jan,จันทบุรี,536388
2024,Feb,จันทบุรี,536388
2024,Mar,จันทบุรี,536388
2024,Apr,จันทบุรี,536388
2024,May,จันทบุรี,536388
2024,Jun,จันทบุรี,536388
2024,Jul,จันทบุรี,536388
2024,Aug,จันทบุรี,536388
2024,Sep,จันทบุรี,536388
2024,Oct,จันทบุรี,536388
2024,Nov,จันทบุรี,536388
2024,Dec,จันทบุรี,536388
2024,Jan,ตราด,226517
2024,Feb,ตราด,226517
2024,Mar,ตราด,226517
2024,Apr,ตราด,226517
2024,May,ตราด,226517
2024,Jun,ตราด,226517
2024,Jul,ตราด,226517
2024,Aug,ตราด,226517
2024,Sep,ตราด,226517
2024,Oct,ตราด,226517
2024,Nov,ตราด,226517
2024,Dec,ตราด,226517
2024,Jan,ฉะเชิงเทรา,733131
2024,Feb,ฉะเชิงเทรา,733131
2024,Mar,ฉะเชิงเทรา,733131
2024,Apr,ฉะเชิงเทรา,733131
2024,May,ฉะเชิงเทรา,733131
2024,Jun,ฉะเชิงเทรา,733131
2024,Jul,ฉะเชิงเทรา,733131
2024,Aug,ฉะเชิงเทรา,733131
2024,Sep,ฉะเชิงเทรา,733131
2024,Oct,ฉะเชิงเทรา,733131
2024,Nov,ฉะเชิงเทรา,733131
2024,Dec,ฉะเชิงเทรา,733131
2024,Jan,ปราจีนบุรี,500607
2024,Feb,ปราจีนบุรี,500607
2024,Mar,ปราจีนบุรี,500607
2024,Apr,ปราจีนบุรี,500607
2024,May,ปราจีนบุรี,500607
2024,Jun,ปราจีนบุรี,500607
2024,Jul,ปราจีนบุรี,500607
2024,Aug,ปราจีนบุรี,500607
2024,Sep,ปราจีนบุรี,500607
2024,Oct,ปราจีนบุรี,500607
2024,Nov,ปราจีนบุรี,500607
2024,Dec,ปราจีนบุรี,500607
2024,Jan,นครนายก,259770
2024,Feb,นครนายก,259770
2024,Mar,นครนายก,259770
2024,Apr,นครนายก,259770
2024,May,นครนายก,259770
2024,Jun,นครนายก,259770
2024,Jul,นครนายก,259770
2024,Aug,นครนายก,259770
2024,Sep,นครนายก,259770
2024,Oct,นครนายก,259770
2024,Nov,นครนายก,259770
2024,Dec,นครนายก,259770
2024,Jan,สระแก้ว,562242
2024,Feb,สระแก้ว,562242
2024,Mar,สระแก้ว,562242
2024,Apr,สระแก้ว,562242
2024,May,สระแก้ว,562242
2024,Jun,สระแก้ว,562242
2024,Jul,สระแก้ว,562242
2024,Aug,สระแก้ว,562242
2024,Sep,สระแก้ว,562242
2024,Oct,สระแก้ว,562242
2024,Nov,สระแก้ว,562242
2024,Dec,สระแก้ว,562242
2024,Jan,นครราชสีมา,2620172
2024,Feb,นครราชสีมา,2620172
2024,Mar,นครราชสีมา,2620172
2024,Apr,นครราชสีมา,2620172
2024,May,นครราชสีมา,2620172
2024,Jun,นครราชสีมา,2620172
2024,Jul,นครราชสีมา,2620172
2024,Aug,นครราชสีมา,2620172
2024,Sep,นครราชสีมา,2620172
2024,Oct,นครราชสีมา,2620172
2024,Nov,นครราชสีมา,2620172
2024,Dec,นครราชสีมา,2620172
2024,Jan,บุรีรัมย์,1566308
2024,Feb,บุรีรัมย์,1566308
2024,Mar,บุรีรัมย์,1566308
2024,Apr,บุรีรัมย์,1566308
2024,May,บุรีรัมย์,1566308
2024,Jun,บุรีรัมย์,1566308
2024,Jul,บุรีรัมย์,1566308
2024,Aug,บุรีรัมย์,1566308
2024,Sep,บุรีรัมย์,1566308
2024,Oct,บุรีรัมย์,1566308
2024,Nov,บุรีรัมย์,1566308
2024,Dec,บุรีรัมย์,1566308
2024,Jan,สุรินทร์,1360245
2024,Feb,สุรินทร์,1360245
2024,Mar,สุรินทร์,1360245
2024,Apr,สุรินทร์,1360245
2024,May,สุรินทร์,1360245
2024,Jun,สุรินทร์,1360245
2024,Jul,สุรินทร์,1360245
2024,Aug,สุรินทร์,1360245
2024,Sep,สุรินทร์,1360245
2024,Oct,สุรินทร์,1360245
2024,Nov,สุรินทร์,1360245
2024,Dec,สุรินทร์,1360245
2024,Jan,ศรีสะเกษ,1442013
2024,Feb,ศรีสะเกษ,1442013
2024,Mar,ศรีสะเกษ,1442013
2024,Apr,ศรีสะเกษ,1442013
2024,May,ศรีสะเกษ,1442013
2024,Jun,ศรีสะเกษ,1442013
2024,Jul,ศรีสะเกษ,1442013
2024,Aug,ศรีสะเกษ,1442013
2024,Sep,ศรีสะเกษ,1442013
2024,Oct,ศรีสะเกษ,1442013
2024,Nov,ศรีสะเกษ,1442013
2024,Dec,ศรีสะเกษ,1442013
2024,Jan,อุบลราชธานี,1867942
2024,Feb,อุบลราชธานี,1867942
2024,Mar,อุบลราชธานี,1867942
2024,Apr,อุบลราชธานี,1867942
2024,May,อุบลราชธานี,1867942
2024,Jun,อุบลราชธานี,1867942
2024,Jul,อุบลราชธานี,1867942
2024,Aug,อุบลราชธานี,1867942
2024,Sep,อุบลราชธานี,1867942
2024,Oct,อุบลราชธานี,1867942
2024,Nov,อุบลราชธานี,1867942
2024,Dec,อุบลราชธานี,1867942
2024,Jan,ยโสธร,525325
2024,Feb,ยโสธร,525325
2024,Mar,ยโสธร,525325
2024,Apr,ยโสธร,525325
2024,May,ยโสธร,525325
2024,Jun,ยโสธร,525325
2024,Jul,ยโสธร,525325
2024,Aug,ยโสธร,525325
2024,Sep,ยโสธร,525325
2024,Oct,ยโสธร,525325
2024,Nov,ยโสธร,525325
2024,Dec,ยโสธร,525325
2024,Jan,ชัยภูมิ,1106404
2024,Feb,ชัยภูมิ,1106404
2024,Mar,ชัยภูมิ,1106404
2024,Apr,ชัยภูมิ,1106404
2024,May,ชัยภูมิ,1106404
2024,Jun,ชัยภูมิ,1106404
2024,Jul,ชัยภูมิ,1106404
2024,Aug,ชัยภูมิ,1106404
2024,Sep,ชัยภูมิ,1106404
2024,Oct,ชัยภูมิ,1106404
2024,Nov,ชัยภูมิ,1106404
2024,Dec,ชัยภูมิ,1106404
2024,Jan,อำนาจเจริญ,372183
2024,Feb,อำนาจเจริญ,372183
2024,Mar,อำนาจเจริญ,372183
2024,Apr,อำนาจเจริญ,372183
2024,May,อำนาจเจริญ,372183
2024,Jun,อำนาจเจริญ,372183
2024,Jul,อำนาจเจริญ,372183
2024,Aug,อำนาจเจริญ,372183
2024,Sep,อำนาจเจริญ,372183
2024,Oct,อำนาจเจริญ,372183
2024,Nov,อำนาจเจริญ,372183
2024,Dec,อำนาจเจริญ,372183
2024,Jan,บึงกาฬ,418733
2024,Feb,บึงกาฬ,418733
2024,Mar,บึงกาฬ,418733
2024,Apr,บึงกาฬ,418733
2024,May,บึงกาฬ,418733
2024,Jun,บึงกาฬ,418733
2024,Jul,บึงกาฬ,418733
2024,Aug,บึงกาฬ,418733
2024,Sep,บึงกาฬ,418733
2024,Oct,บึงกาฬ,418733
2024,Nov,บึงกาฬ,418733
2024,Dec,บึงกาฬ,418733
2024,Jan,หนองบัวลำภู,504379
2024,Feb,หนองบัวลำภู,504379
2024,Mar,หนองบัวลำภู,504379
2024,Apr,หนองบัวลำภู,504379
2024,May,หนองบัวลำภู,504379
2024,Jun,หนองบัวลำภู,504379
2024,Jul,หนองบัวลำภู,504379
2024,Aug,หนองบัวลำภู,504379
2024,Sep,หนองบัวลำภู,504379
2024,Oct,หนองบัวลำภู,504379
2024,Nov,หนองบัวลำภู,504379
2024,Dec,หนองบัวลำภู,504379
2024,Jan,ขอนแก่น,1772381
2024,Feb,ขอนแก่น,1772381
2024,Mar,ขอนแก่น,1772381
2024,Apr,ขอนแก่น,1772381
2024,May,ขอนแก่น,1772381
2024,Jun,ขอนแก่น,1772381
2024,Jul,ขอนแก่น,1772381
2024,Aug,ขอนแก่น,1772381
2024,Sep,ขอนแก่น,1772381
2024,Oct,ขอนแก่น,1772381
2024,Nov,ขอนแก่น,1772381
2024,Dec,ขอนแก่น,1772381
2024,Jan,อุดรธานี,1552135
2024,Feb,อุดรธานี,1552135
2024,Mar,อุดรธานี,1552135
2024,Apr,อุดรธานี,1552135
2024,May,อุดรธานี,1552135
2024,Jun,อุดรธานี,1552135
2024,Jul,อุดรธานี,1552135
2024,Aug,อุดรธานี,1552135
2024,Sep,อุดรธานี,1552135
2024,Oct,อุดรธานี,1552135
2024,Nov,อุดรธานี,1552135
2024,Dec,อุดรธานี,1552135
2024,Jan,เลย,632187
2024,Feb,เลย,632187
2024,Mar,เลย,632187
2024,Apr,เลย,632187
2024,May,เลย,632187
2024,Jun,เลย,632187
2024,Jul,เลย,632187
2024,Aug,เลย,632187
2024,Sep,เลย,632187
2024,Oct,เลย,632187
2024,Nov,เลย,632187
2024,Dec,เลย,632187
2024,Jan,หนองคาย,511706
2024,Feb,หนองคาย,511706
2024,Mar,หนองคาย,511706
2024,Apr,หนองคาย,511706
2024,May,หนองคาย,511706
2024,Jun,หนองคาย,511706
2024,Jul,หนองคาย,511706
2024,Aug,หนองคาย,511706
2024,Sep,หนองคาย,511706
2024,Oct,หนองคาย,511706
2024,Nov,หนองคาย,511706
2024,Dec,หนองคาย,511706
2024,Jan,มหาสารคาม,929952
2024,Feb,มหาสารคาม,929952
2024,Mar,มหาสารคาม,929952
2024,Apr,มหาสารคาม,929952
2024,May,มหาสารคาม,929952
2024,Jun,มหาสารคาม,929952
2024,Jul,มหาสารคาม,929952
2024,Aug,มหาสารคาม,929952
2024,Sep,มหาสารคาม,929952
2024,Oct,มหาสารคาม,929952
2024,Nov,มหาสารคาม,929952
2024,Dec,มหาสารคาม,929952
2024,Jan,ร้อยเอ็ด,1275519
2024,Feb,ร้อยเอ็ด,1275519
2024,Mar,ร้อยเอ็ด,1275519
2024,Apr,ร้อยเอ็ด,1275519
2024,May,ร้อยเอ็ด,1275519
2024,Jun,ร้อยเอ็ด,1275519
2024,Jul,ร้อยเอ็ด,1275519
2024,Aug,ร้อยเอ็ด,1275519
2024,Sep,ร้อยเอ็ด,1275519
2024,Oct,ร้อยเอ็ด,1275519
2024,Nov,ร้อยเอ็ด,1275519
2024,Dec,ร้อยเอ็ด,1275519
2024,Jan,กาฬสินธุ์,962444
2024,Feb,กาฬสินธุ์,962444
2024,Mar,กาฬสินธุ์,962444
2024,Apr,กาฬสินธุ์,962444
2024,May,กาฬสินธุ์,962444
2024,Jun,กาฬสินธุ์,962444
2024,Jul,กาฬสินธุ์,962444
2024,Aug,กาฬสินธุ์,962444
2024,Sep,กาฬสินธุ์,962444
2024,Oct,กาฬสินธุ์,962444
2024,Nov,กาฬสินธุ์,962444
2024,Dec,กาฬสินธุ์,962444
2024,Jan,สกลนคร,1137772
2024,Feb,สกลนคร,1137772
2024,Mar,สกลนคร,1137772
2024,Apr,สกลนคร,1137772
2024,May,สกลนคร,1137772
2024,Jun,สกลนคร,1137772
2024,Jul,สกลนคร,1137772
2024,Aug,สกลนคร,1137772
2024,Sep,สกลนคร,1137772
2024,Oct,สกลนคร,1137772
2024,Nov,สกลนคร,1137772
2024,Dec,สกลนคร,1137772
2024,Jan,นครพนม,710740
2024,Feb,นครพนม,710740
2024,Mar,นครพนม,710740
2024,Apr,นครพนม,710740
2024,May,นครพนม,710740
2024,Jun,นครพนม,710740
2024,Jul,นครพนม,710740
2024,Aug,นครพนม,710740
2024,Sep,นครพนม,710740
2024,Oct,นครพนม,710740
2024,Nov,นครพนม,710740
2024,Dec,นครพนม,710740
2024,Jan,มุกดาหาร,350510
2024,Feb,มุกดาหาร,350510
2024,Mar,มุกดาหาร,350510
2024,Apr,มุกดาหาร,350510
2024,May,มุกดาหาร,350510
2024,Jun,มุกดาหาร,350510
2024,Jul,มุกดาหาร,350510
2024,Aug,มุกดาหาร,350510
2024,Sep,มุกดาหาร,350510
2024,Oct,มุกดาหาร,350510
2024,Nov,มุกดาหาร,350510
2024,Dec,มุกดาหาร,350510
2024,Jan,เชียงใหม่,1799019
2024,Feb,เชียงใหม่,1799019
2024,Mar,เชียงใหม่,1799019
2024,Apr,เชียงใหม่,1799019
2024,May,เชียงใหม่,1799019
2024,Jun,เชียงใหม่,1799019
2024,Jul,เชียงใหม่,1799019
2024,Aug,เชียงใหม่,1799019
2024,Sep,เชียงใหม่,1799019
2024,Oct,เชียงใหม่,1799019
2024,Nov,เชียงใหม่,1799019
2024,Dec,เชียงใหม่,1799019
2024,Jan,ลำพูน,396753
2024,Feb,ลำพูน,396753
2024,Mar,ลำพูน,396753
2024,Apr,ลำพูน,396753
2024,May,ลำพูน,396753
2024,Jun,ลำพูน,396753
2024,Jul,ลำพูน,396753
2024,Aug,ลำพูน,396753
2024,Sep,ลำพูน,396753
2024,Oct,ลำพูน,396753
2024,Nov,ลำพูน,396753
2024,Dec,ลำพูน,396753
2024,Jan,ลำปาง,704126
2024,Feb,ลำปาง,704126
2024,Mar,ลำปาง,704126
2024,Apr,ลำปาง,704126
2024,May,ลำปาง,704126
2024,Jun,ลำปาง,704126
2024,Jul,ลำปาง,704126
2024,Aug,ลำปาง,704126
2024,Sep,ลำปาง,704126
2024,Oct,ลำปาง,704126
2024,Nov,ลำปาง,704126
2024,Dec,ลำปาง,704126
2024,Jan,อุตรดิตถ์,436283
2024,Feb,อุตรดิตถ์,436283
2024,Mar,อุตรดิตถ์,436283
2024,Apr,อุตรดิตถ์,436283
2024,May,อุตรดิตถ์,436283
2024,Jun,อุตรดิตถ์,436283
2024,Jul,อุตรดิตถ์,436283
2024,Aug,อุตรดิตถ์,436283
2024,Sep,อุตรดิตถ์,436283
2024,Oct,อุตรดิตถ์,436283
2024,Nov,อุตรดิตถ์,436283
2024,Dec,อุตรดิตถ์,436283
2024,Jan,แพร่,421745
2024,Feb,แพร่,421745
2024,Mar,แพร่,421745
2024,Apr,แพร่,421745
2024,May,แพร่,421745
2024,Jun,แพร่,421745
2024,Jul,แพร่,421745
2024,Aug,แพร่,421745
2024,Sep,แพร่,421745
2024,Oct,แพร่,421745
2024,Nov,แพร่,421745
2024,Dec,แพร่,421745
2024,Jan,น่าน,470507
2024,Feb,น่าน,470507
2024,Mar,น่าน,470507
2024,Apr,น่าน,470507
2024,May,น่าน,470507
2024,Jun,น่าน,470507
2024,Jul,น่าน,470507
2024,Aug,น่าน,470507
2024,Sep,น่าน,470507
2024,Oct,น่าน,470507
2024,Nov,น่าน,470507
2024,Dec,น่าน,470507
2024,Jan,พะเยา,454764
2024,Feb,พะเยา,454764
2024,Mar,พะเยา,454764
2024,Apr,พะเยา,454764
2024,May,พะเยา,454764
2024,Jun,พะเยา,454764
2024,Jul,พะเยา,454764
2024,Aug,พะเยา,454764
2024,Sep,พะเยา,454764
2024,Oct,พะเยา,454764
2024,Nov,พะเยา,454764
2024,Dec,พะเยา,454764
2024,Jan,เชียงราย,1297657
2024,Feb,เชียงราย,1297657
2024,Mar,เชียงราย,1297657
2024,Apr,เชียงราย,1297657
2024,May,เชียงราย,1297657
2024,Jun,เชียงราย,1297657
2024,Jul,เชียงราย,1297657
2024,Aug,เชียงราย,1297657
2024,Sep,เชียงราย,1297657
2024,Oct,เชียงราย,1297657
2024,Nov,เชียงราย,1297657
2024,Dec,เชียงราย,1297657
2024,Jan,แม่ฮ่องสอน,288082
2024,Feb,แม่ฮ่องสอน,288082
2024,Mar,แม่ฮ่องสอน,288082
2024,Apr,แม่ฮ่องสอน,288082
2024,May,แม่ฮ่องสอน,288082
2024,Jun,แม่ฮ่องสอน,288082
2024,Jul,แม่ฮ่องสอน,288082
2024,Aug,แม่ฮ่องสอน,288082
2024,Sep,แม่ฮ่องสอน,288082
2024,Oct,แม่ฮ่องสอน,288082
2024,Nov,แม่ฮ่องสอน,288082
2024,Dec,แม่ฮ่องสอน,288082
2024,Jan,นครสวรรค์,1014401
2024,Feb,นครสวรรค์,1014401
2024,Mar,นครสวรรค์,1014401
2024,Apr,นครสวรรค์,1014401
2024,May,นครสวรรค์,1014401
2024,Jun,นครสวรรค์,1014401
2024,Jul,นครสวรรค์,1014401
2024,Aug,นครสวรรค์,1014401
2024,Sep,นครสวรรค์,1014401
2024,Oct,นครสวรรค์,1014401
2024,Nov,นครสวรรค์,1014401
2024,Dec,นครสวรรค์,1014401
2024,Jan,อุทัยธานี,320445
2024,Feb,อุทัยธานี,320445
2024,Mar,อุทัยธานี,320445
2024,Apr,อุทัยธานี,320445
2024,May,อุทัยธานี,320445
2024,Jun,อุทัยธานี,320445
2024,Jul,อุทัยธานี,320445
2024,Aug,อุทัยธานี,320445
2024,Sep,อุทัยธานี,320445
2024,Oct,อุทัยธานี,320445
2024,Nov,อุทัยธานี,320445
2024,Dec,อุทัยธานี,320445
2024,Jan,กำแพงเพชร,700862
2024,Feb,กำแพงเพชร,700862
2024,Mar,กำแพงเพชร,700862
2024,Apr,กำแพงเพชร,700862
2024,May,กำแพงเพชร,700862
2024,Jun,กำแพงเพชร,700862
2024,Jul,กำแพงเพชร,700862
2024,Aug,กำแพงเพชร,700862
2024,Sep,กำแพงเพชร,700862
2024,Oct,กำแพงเพชร,700862
2024,Nov,กำแพงเพชร,700862
2024,Dec,กำแพงเพชร,700862
2024,Jan,ตาก,698597
2024,Feb,ตาก,698597
2024,Mar,ตาก,698597
2024,Apr,ตาก,698597
2024,May,ตาก,698597
2024,Jun,ตาก,698597
2024,Jul,ตาก,698597
2024,Aug,ตาก,698597
2024,Sep,ตาก,698597
2024,Oct,ตาก,698597
2024,Nov,ตาก,698597
2024,Dec,ตาก,698597
2024,Jan,สุโขทัย,573388
2024,Feb,สุโขทัย,573388
2024,Mar,สุโขทัย,573388
2024,Apr,สุโขทัย,573388
2024,May,สุโขทัย,573388
2024,Jun,สุโขทัย,573388
2024,Jul,สุโขทัย,573388
2024,Aug,สุโขทัย,573388
2024,Sep,สุโขทัย,573388
2024,Oct,สุโขทัย,573388
2024,Nov,สุโขทัย,573388
2024,Dec,สุโขทัย,573388
2024,Jan,พิษณุโลก,839116
2024,Feb,พิษณุโลก,839116
2024,Mar,พิษณุโลก,839116
2024,Apr,พิษณุโลก,839116
2024,May,พิษณุโลก,839116
2024,Jun,พิษณุโลก,839116
2024,Jul,พิษณุโลก,839116
2024,Aug,พิษณุโลก,839116
2024,Sep,พิษณุโลก,839116
2024,Oct,พิษณุโลก,839116
2024,Nov,พิษณุโลก,839116
2024,Dec,พิษณุโลก,839116
2024,Jan,พิจิตร,517308
2024,Feb,พิจิตร,517308
2024,Mar,พิจิตร,517308
2024,Apr,พิจิตร,517308
2024,May,พิจิตร,517308
2024,Jun,พิจิตร,517308
2024,Jul,พิจิตร,517308
2024,Aug,พิจิตร,517308
2024,Sep,พิจิตร,517308
2024,Oct,พิจิตร,517308
2024,Nov,พิจิตร,517308
2024,Dec,พิจิตร,517308
2024,Jan,เพชรบูรณ์,960718
2024,Feb,เพชรบูรณ์,960718
2024,Mar,เพชรบูรณ์,960718
2024,Apr,เพชรบูรณ์,960718
2024,May,เพชรบูรณ์,960718
2024,Jun,เพชรบูรณ์,960718
2024,Jul,เพชรบูรณ์,960718
2024,Aug,เพชรบูรณ์,960718
2024,Sep,เพชรบูรณ์,960718
2024,Oct,เพชรบูรณ์,960718
2024,Nov,เพชรบูรณ์,960718
2024,Dec,เพชรบูรณ์,960718
2024,Jan,ราชบุรี,864037
2024,Feb,ราชบุรี,864037
2024,Mar,ราชบุรี,864037
2024,Apr,ราชบุรี,864037
2024,May,ราชบุรี,864037
2024,Jun,ราชบุรี,864037
2024,Jul,ราชบุรี,864037
2024,Aug,ราชบุรี,864037
2024,Sep,ราชบุรี,864037
2024,Oct,ราชบุรี,864037
2024,Nov,ราชบุรี,864037
2024,Dec,ราชบุรี,864037
2024,Jan,กาญจนบุรี,896351
2024,Feb,กาญจนบุรี,896351
2024,Mar,กาญจนบุรี,896351
2024,Apr,กาญจนบุรี,896351
2024,May,กาญจนบุรี,896351
2024,Jun,กาญจนบุรี,896351
2024,Jul,กาญจนบุรี,896351
2024,Aug,กาญจนบุรี,896351
2024,Sep,กาญจนบุรี,896351
2024,Oct,กาญจนบุรี,896351
2024,Nov,กาญจนบุรี,896351
2024,Dec,กาญจนบุรี,896351
2024,Jan,สุพรรณบุรี,822211
2024,Feb,สุพรรณบุรี,822211
2024,Mar,สุพรรณบุรี,822211
2024,Apr,สุพรรณบุรี,822211
2024,May,สุพรรณบุรี,822211
2024,Jun,สุพรรณบุรี,822211
2024,Jul,สุพรรณบุรี,822211
2024,Aug,สุพรรณบุรี,822211
2024,Sep,สุพรรณบุรี,822211
2024,Oct,สุพรรณบุรี,822211
2024,Nov,สุพรรณบุรี,822211
2024,Dec,สุพรรณบุรี,822211
2024,Jan,นครปฐม,925758
2024,Feb,นครปฐม,925758
2024,Mar,นครปฐม,925758
2024,Apr,นครปฐม,925758
2024,May,นครปฐม,925758
2024,Jun,นครปฐม,925758
2024,Jul,นครปฐม,925758
2024,Aug,นครปฐม,925758
2024,Sep,นครปฐม,925758
2024,Oct,นครปฐม,925758
2024,Nov,นครปฐม,925758
2024,Dec,นครปฐม,925758
2024,Jan,สมุทรสาคร,590867
2024,Feb,สมุทรสาคร,590867
2024,Mar,สมุทรสาคร,590867
2024,Apr,สมุทรสาคร,590867
2024,May,สมุทรสาคร,590867
2024,Jun,สมุทรสาคร,590867
2024,Jul,สมุทรสาคร,590867
2024,Aug,สมุทรสาคร,590867
2024,Sep,สมุทรสาคร,590867
2024,Oct,สมุทรสาคร,590867
2024,Nov,สมุทรสาคร,590867
2024,Dec,สมุทรสาคร,590867
2024,Jan,สมุทรสงคราม,186784
2024,Feb,สมุทรสงคราม,186784
2024,Mar,สมุทรสงคราม,186784
2024,Apr,สมุทรสงคราม,186784
2024,May,สมุทรสงคราม,186784
2024,Jun,สมุทรสงคราม,186784
2024,Jul,สมุทรสงคราม,186784
2024,Aug,สมุทรสงคราม,186784
2024,Sep,สมุทรสงคราม,186784
2024,Oct,สมุทรสงคราม,186784
2024,Nov,สมุทรสงคราม,186784
2024,Dec,สมุทรสงคราม,186784
2024,Jan,เพชรบุรี,484145
2024,Feb,เพชรบุรี,484145
2024,Mar,เพชรบุรี,484145
2024,Apr,เพชรบุรี,484145
2024,May,เพชรบุรี,484145
2024,Jun,เพชรบุรี,484145
2024,Jul,เพชรบุรี,484145
2024,Aug,เพชรบุรี,484145
2024,Sep,เพชรบุรี,484145
2024,Oct,เพชรบุรี,484145
2024,Nov,เพชรบุรี,484145
2024,Dec,เพชรบุรี,484145
2024,Jan,ประจวบคีรีขันธ์,551769
2024,Feb,ประจวบคีรีขันธ์,551769
2024,Mar,ประจวบคีรีขันธ์,551769
2024,Apr,ประจวบคีรีขันธ์,551769
2024,May,ประจวบคีรีขันธ์,551769
2024,Jun,ประจวบคีรีขันธ์,551769
2024,Jul,ประจวบคีรีขันธ์,551769
2024,Aug,ประจวบคีรีขันธ์,551769
2024,Sep,ประจวบคีรีขันธ์,551769
2024,Oct,ประจวบคีรีขันธ์,551769
2024,Nov,ประจวบคีรีขันธ์,551769
2024,Dec,ประจวบคีรีขันธ์,551769
2024,Jan,นครศรีธรรมราช,1534653
2024,Feb,นครศรีธรรมราช,1534653
2024,Mar,นครศรีธรรมราช,1534653
2024,Apr,นครศรีธรรมราช,1534653
2024,May,นครศรีธรรมราช,1534653
2024,Jun,นครศรีธรรมราช,1534653
2024,Jul,นครศรีธรรมราช,1534653
2024,Aug,นครศรีธรรมราช,1534653
2024,Sep,นครศรีธรรมราช,1534653
2024,Oct,นครศรีธรรมราช,1534653
2024,Nov,นครศรีธรรมราช,1534653
2024,Dec,นครศรีธรรมราช,1534653
2024,Jan,กระบี่,483855
2024,Feb,กระบี่,483855
2024,Mar,กระบี่,483855
2024,Apr,กระบี่,483855
2024,May,กระบี่,483855
2024,Jun,กระบี่,483855
2024,Jul,กระบี่,483855
2024,Aug,กระบี่,483855
2024,Sep,กระบี่,483855
2024,Oct,กระบี่,483855
2024,Nov,กระบี่,483855
2024,Dec,กระบี่,483855
2024,Jan,พังงา,266296
2024,Feb,พังงา,266296
2024,Mar,พังงา,266296
2024,Apr,พังงา,266296
2024,May,พังงา,266296
2024,Jun,พังงา,266296
2024,Jul,พังงา,266296
2024,Aug,พังงา,266296
2024,Sep,พังงา,266296
2024,Oct,พังงา,266296
2024,Nov,พังงา,266296
2024,Dec,พังงา,266296
2024,Jan,ภูเก็ต,429583
2024,Feb,ภูเก็ต,429583
2024,Mar,ภูเก็ต,429583
2024,Apr,ภูเก็ต,429583
2024,May,ภูเก็ต,429583
2024,Jun,ภูเก็ต,429583
2024,Jul,ภูเก็ต,429583
2024,Aug,ภูเก็ต,429583
2024,Sep,ภูเก็ต,429583
2024,Oct,ภูเก็ต,429583
2024,Nov,ภูเก็ต,429583
2024,Dec,ภูเก็ต,429583
2024,Jan,สุราษฎร์ธานี,1076666
2024,Feb,สุราษฎร์ธานี,1076666
2024,Mar,สุราษฎร์ธานี,1076666
2024,Apr,สุราษฎร์ธานี,1076666
2024,May,สุราษฎร์ธานี,1076666
2024,Jun,สุราษฎร์ธานี,1076666
2024,Jul,สุราษฎร์ธานี,1076666
2024,Aug,สุราษฎร์ธานี,1076666
2024,Sep,สุราษฎร์ธานี,1076666
2024,Oct,สุราษฎร์ธานี,1076666
2024,Nov,สุราษฎร์ธานี,1076666
2024,Dec,สุราษฎร์ธานี,1076666
2024,Jan,ระนอง,192927
2024,Feb,ระนอง,192927
2024,Mar,ระนอง,192927
2024,Apr,ระนอง,192927
2024,May,ระนอง,192927
2024,Jun,ระนอง,192927
2024,Jul,ระนอง,192927
2024,Aug,ระนอง,192927
2024,Sep,ระนอง,192927
2024,Oct,ระนอง,192927
2024,Nov,ระนอง,192927
2024,Dec,ระนอง,192927
2024,Jan,ชุมพร,508053
2024,Feb,ชุมพร,508053
2024,Mar,ชุมพร,508053
2024,Apr,ชุมพร,508053
2024,May,ชุมพร,508053
2024,Jun,ชุมพร,508053
2024,Jul,ชุมพร,508053
2024,Aug,ชุมพร,508053
2024,Sep,ชุมพร,508053
2024,Oct,ชุมพร,508053
2024,Nov,ชุมพร,508053
2024,Dec,ชุมพร,508053
2024,Jan,สงขลา,1431107
2024,Feb,สงขลา,1431107
2024,Mar,สงขลา,1431107
2024,Apr,สงขลา,1431107
2024,May,สงขลา,1431107
2024,Jun,สงขลา,1431107
2024,Jul,สงขลา,1431107
2024,Aug,สงขลา,1431107
2024,Sep,สงขลา,1431107
2024,Oct,สงขลา,1431107
2024,Nov,สงขลา,1431107
2024,Dec,สงขลา,1431107
2024,Jan,สตูล,324879
2024,Feb,สตูล,324879
2024,Mar,สตูล,324879
2024,Apr,สตูล,324879
2024,May,สตูล,324879
2024,Jun,สตูล,324879
2024,Jul,สตูล,324879
2024,Aug,สตูล,324879
2024,Sep,สตูล,324879
2024,Oct,สตูล,324879
2024,Nov,สตูล,324879
2024,Dec,สตูล,324879
2024,Jan,ตรัง,634959
2024,Feb,ตรัง,634959
2024,Mar,ตรัง,634959
2024,Apr,ตรัง,634959
2024,May,ตรัง,634959
2024,Jun,ตรัง,634959
2024,Jul,ตรัง,634959
2024,Aug,ตรัง,634959
2024,Sep,ตรัง,634959
2024,Oct,ตรัง,634959
2024,Nov,ตรัง,634959
2024,Dec,ตรัง,634959
2024,Jan,พัทลุง,519440
2024,Feb,พัทลุง,519440
2024,Mar,พัทลุง,519440
2024,Apr,พัทลุง,519440
2024,May,พัทลุง,519440
2024,Jun,พัทลุง,519440
2024,Jul,พัทลุง,519440
2024,Aug,พัทลุง,519440
2024,Sep,พัทลุง,519440
2024,Oct,พัทลุง,519440
2024,Nov,พัทลุง,519440
2024,Dec,พัทลุง,519440
2024,Jan,ปัตตานี,740904
2024,Feb,ปัตตานี,740904
2024,Mar,ปัตตานี,740904
2024,Apr,ปัตตานี,740904
2024,May,ปัตตานี,740904
2024,Jun,ปัตตานี,740904
2024,Jul,ปัตตานี,740904
2024,Aug,ปัตตานี,740904
2024,Sep,ปัตตานี,740904
2024,Oct,ปัตตานี,740904
2024,Nov,ปัตตานี,740904
2024,Dec,ปัตตานี,740904
2024,Jan,ยะลา,552974
2024,Feb,ยะลา,552974
2024,Mar,ยะลา,552974
2024,Apr,ยะลา,552974
2024,May,ยะลา,552974
2024,Jun,ยะลา,552974
2024,Jul,ยะลา,552974
2024,Aug,ยะลา,552974
2024,Sep,ยะลา,552974
2024,Oct,ยะลา,552974
2024,Nov,ยะลา,552974
2024,Dec,ยะลา,552974
2024,Jan,นราธิวาส,823996
2024,Feb,นราธิวาส,823996
2024,Mar,นราธิวาส,823996
2024,Apr,นราธิวาส,823996
2024,May,นราธิวาส,823996
2024,Jun,นราธิวาส,823996
2024,Jul,นราธิวาส,823996
2024,Aug,นราธิวาส,823996
2024,Sep,นราธิวาส,823996
2024,Oct,นราธิวาส,823996
2024,Nov,นราธิวาส,823996
2024,Dec,นราธิวาส,823996
