Year,Month,Province,PM2.5
2020,Jan,กรุงเทพมหานคร,40.583333333333336
2020,Jan,นนทบุรี,42.0
2020,Jan,ปทุมธานี,41.0
2020,Jan,สมุทรปราการ,40.6
2020,Jan,สมุทรสาคร,44.0
2020,Jan,นครปฐม,42.0
2020,Jan,พระนครศรีอยุธยา,49.0
2020,Jan,สระบุรี,58.0
2020,Jan,ลพบุรี,37.5
2020,Jan,สิงห์บุรี,42.0
2020,Jan,อ่างทอง,32.039337995337995
2020,Jan,ชัยนาท,32.039337995337995
2020,Jan,สมุทรสงคราม,40.25
2020,Jan,นครสวรรค์,50.0
2020,Jan,อุทัยธานี,42.5
2020,Jan,เชียงราย,33.0
2020,Jan,เชียงใหม่,43.0
2020,Jan,น่าน,42.0
2020,Jan,พะเยา,55.0
2020,Jan,พิษณุโลก,42.75
2020,Jan,แพร่,78.0
2020,Jan,แม่ฮ่องสอน,29.0
2020,Jan,ลำปาง,78.0
2020,Jan,ลำพูน,46.0
2020,Jan,ตาก,53.0
2020,Jan,อุตรดิตถ์,35.666666666666664
2020,Jan,สุโขทัย,47.0
2020,Jan,พิจิตร,35.0
2020,Jan,เพชรบูรณ์,30.5
2020,Jan,กำแพงเพชร,33.5
2020,Jan,ขอนแก่น,43.0
2020,Jan,นครราชสีมา,48.0
2020,Jan,นครพนม,28.25
2020,Jan,เลย,40.0
2020,Jan,หนองคาย,40.0
2020,Jan,อุบลราชธานี,27.0
2020,Jan,สกลนคร,18.666666666666668
2020,Jan,อุดรธานี,24.333333333333332
2020,Jan,บุรีรัมย์,24.5
2020,Jan,มุกดาหาร,24.5
2020,Jan,บึงกาฬ,14.0
2020,Jan,กาฬสินธุ์,28.0
2020,Jan,ชัยภูมิ,26.0
2020,Jan,ยโสธร,24.0
2020,Jan,อำนาจเจริญ,17.0
2020,Jan,สุรินทร์,27.0
2020,Jan,ศรีสะเกษ,20.0
2020,Jan,ร้อยเอ็ด,32.039337995337995
2020,Jan,มหาสารคาม,32.039337995337995
2020,Jan,หนองบัวลำภู,32.039337995337995
2020,Jan,ฉะเชิงเทรา,37.0
2020,Jan,ชลบุรี,38.0
2020,Jan,ตราด,23.75
2020,Jan,ระยอง,34.4
2020,Jan,สระแก้ว,46.0
2020,Jan,ปราจีนบุรี,50.0
2020,Jan,จันทบุรี,23.0
2020,Jan,นครนายก,26.0
2020,Jan,กาญจนบุรี,66.0
2020,Jan,ราชบุรี,58.0
2020,Jan,สุพรรณบุรี,37.75
2020,Jan,ประจวบคีรีขันธ์,33.5
2020,Jan,เพชรบุรี,32.039337995337995
2020,Jan,นราธิวาส,17.0
2020,Jan,นครศรีธรรมราช,19.5
2020,Jan,ภูเก็ต,16.0
2020,Jan,ยะลา,15.5
2020,Jan,สงขลา,16.0
2020,Jan,สุราษฎร์ธานี,21.0
2020,Jan,สตูล,13.0
2020,Jan,ตรัง,15.0
2020,Jan,ชุมพร,32.039337995337995
2020,Jan,กระบี่,32.039337995337995
2020,Jan,พัทลุง,32.039337995337995
2020,Jan,ปัตตานี,32.039337995337995
2020,Jan,ระนอง,32.039337995337995
2020,Jan,พังงา,32.039337995337995
2020,Feb,กรุงเทพมหานคร,40.41666666666666
2020,Feb,นนทบุรี,42.5
2020,Feb,ปทุมธานี,42.0
2020,Feb,สมุทรปราการ,43.2
2020,Feb,สมุทรสาคร,42.5
2020,Feb,นครปฐม,41.0
2020,Feb,พระนครศรีอยุธยา,49.0
2020,Feb,สระบุรี,59.0
2020,Feb,ลพบุรี,42.0
2020,Feb,สิงห์บุรี,43.0
2020,Feb,อ่างทอง,39.20553846153846
2020,Feb,ชัยนาท,39.20553846153846
2020,Feb,สมุทรสงคราม,32.0
2020,Feb,นครสวรรค์,45.0
2020,Feb,อุทัยธานี,50.0
2020,Feb,เชียงราย,56.5
2020,Feb,เชียงใหม่,54.0
2020,Feb,น่าน,50.5
2020,Feb,พะเยา,61.0
2020,Feb,พิษณุโลก,51.5
2020,Feb,แพร่,64.0
2020,Feb,แม่ฮ่องสอน,86.0
2020,Feb,ลำปาง,51.5
2020,Feb,ลำพูน,39.0
2020,Feb,ตาก,60.0
2020,Feb,อุตรดิตถ์,43.666666666666664
2020,Feb,สุโขทัย,80.5
2020,Feb,พิจิตร,43.0
2020,Feb,เพชรบูรณ์,46.5
2020,Feb,กำแพงเพชร,50.0
2020,Feb,ขอนแก่น,45.0
2020,Feb,นครราชสีมา,50.0
2020,Feb,นครพนม,38.25
2020,Feb,เลย,46.0
2020,Feb,หนองคาย,49.0
2020,Feb,อุบลราชธานี,46.0
2020,Feb,สกลนคร,27.333333333333332
2020,Feb,อุดรธานี,32.333333333333336
2020,Feb,บุรีรัมย์,38.0
2020,Feb,มุกดาหาร,44.5
2020,Feb,บึงกาฬ,29.0
2020,Feb,กาฬสินธุ์,51.0
2020,Feb,ชัยภูมิ,45.0
2020,Feb,ยโสธร,49.0
2020,Feb,อำนาจเจริญ,41.0
2020,Feb,สุรินทร์,45.0
2020,Feb,ศรีสะเกษ,42.0
2020,Feb,ร้อยเอ็ด,39.20553846153846
2020,Feb,มหาสารคาม,39.20553846153846
2020,Feb,หนองบัวลำภู,39.20553846153846
2020,Feb,ฉะเชิงเทรา,40.0
2020,Feb,ชลบุรี,38.333333333333336
2020,Feb,ตราด,30.0
2020,Feb,ระยอง,38.8
2020,Feb,สระแก้ว,42.0
2020,Feb,ปราจีนบุรี,56.0
2020,Feb,จันทบุรี,26.0
2020,Feb,นครนายก,30.0
2020,Feb,กาญจนบุรี,59.0
2020,Feb,ราชบุรี,51.0
2020,Feb,สุพรรณบุรี,36.333333333333336
2020,Feb,ประจวบคีรีขันธ์,31.0
2020,Feb,เพชรบุรี,39.20553846153846
2020,Feb,นราธิวาส,16.0
2020,Feb,นครศรีธรรมราช,20.0
2020,Feb,ภูเก็ต,15.0
2020,Feb,ยะลา,14.0
2020,Feb,สงขลา,17.0
2020,Feb,สุราษฎร์ธานี,19.0
2020,Feb,สตูล,12.0
2020,Feb,ตรัง,13.666666666666666
2020,Feb,ชุมพร,39.20553846153846
2020,Feb,กระบี่,39.20553846153846
2020,Feb,พัทลุง,39.20553846153846
2020,Feb,ปัตตานี,39.20553846153846
2020,Feb,ระนอง,39.20553846153846
2020,Feb,พังงา,39.20553846153846
2020,Mar,กรุงเทพมหานคร,22.5
2020,Mar,นนทบุรี,21.0
2020,Mar,ปทุมธานี,23.0
2020,Mar,สมุทรปราการ,22.0
2020,Mar,สมุทรสาคร,20.5
2020,Mar,นครปฐม,22.0
2020,Mar,พระนครศรีอยุธยา,30.0
2020,Mar,สระบุรี,35.0
2020,Mar,ลพบุรี,43.5
2020,Mar,สิงห์บุรี,38.0
2020,Mar,อ่างทอง,41.57794871794872
2020,Mar,ชัยนาท,41.57794871794872
2020,Mar,สมุทรสงคราม,22.0
2020,Mar,นครสวรรค์,39.0
2020,Mar,อุทัยธานี,52.0
2020,Mar,เชียงราย,108.0
2020,Mar,เชียงใหม่,81.0
2020,Mar,น่าน,86.0
2020,Mar,พะเยา,94.0
2020,Mar,พิษณุโลก,54.25
2020,Mar,แพร่,62.0
2020,Mar,แม่ฮ่องสอน,121.5
2020,Mar,ลำปาง,59.66666666666666
2020,Mar,ลำพูน,63.0
2020,Mar,ตาก,63.0
2020,Mar,อุตรดิตถ์,53.333333333333336
2020,Mar,สุโขทัย,79.0
2020,Mar,พิจิตร,49.0
2020,Mar,เพชรบูรณ์,51.0
2020,Mar,กำแพงเพชร,58.0
2020,Mar,ขอนแก่น,45.75
2020,Mar,นครราชสีมา,43.0
2020,Mar,นครพนม,58.25
2020,Mar,เลย,48.0
2020,Mar,หนองคาย,54.0
2020,Mar,อุบลราชธานี,57.5
2020,Mar,สกลนคร,34.666666666666664
2020,Mar,อุดรธานี,41.0
2020,Mar,บุรีรัมย์,39.0
2020,Mar,มุกดาหาร,50.0
2020,Mar,บึงกาฬ,37.0
2020,Mar,กาฬสินธุ์,55.0
2020,Mar,ชัยภูมิ,36.0
2020,Mar,ยโสธร,48.0
2020,Mar,อำนาจเจริญ,41.0
2020,Mar,สุรินทร์,37.0
2020,Mar,ศรีสะเกษ,41.0
2020,Mar,ร้อยเอ็ด,41.57794871794872
2020,Mar,มหาสารคาม,41.57794871794872
2020,Mar,หนองบัวลำภู,41.57794871794872
2020,Mar,ฉะเชิงเทรา,22.0
2020,Mar,ชลบุรี,18.0
2020,Mar,ตราด,23.5
2020,Mar,ระยอง,17.666666666666668
2020,Mar,สระแก้ว,30.25
2020,Mar,ปราจีนบุรี,37.0
2020,Mar,จันทบุรี,25.5
2020,Mar,นครนายก,28.0
2020,Mar,กาญจนบุรี,41.0
2020,Mar,ราชบุรี,34.5
2020,Mar,สุพรรณบุรี,34.25
2020,Mar,ประจวบคีรีขันธ์,30.0
2020,Mar,เพชรบุรี,41.57794871794872
2020,Mar,นราธิวาส,16.0
2020,Mar,นครศรีธรรมราช,17.5
2020,Mar,ภูเก็ต,14.0
2020,Mar,ยะลา,14.0
2020,Mar,สงขลา,17.75
2020,Mar,สุราษฎร์ธานี,19.0
2020,Mar,สตูล,13.0
2020,Mar,ตรัง,14.666666666666666
2020,Mar,ชุมพร,41.57794871794872
2020,Mar,กระบี่,41.57794871794872
2020,Mar,พัทลุง,41.57794871794872
2020,Mar,ปัตตานี,41.57794871794872
2020,Mar,ระนอง,41.57794871794872
2020,Mar,พังงา,41.57794871794872
2020,Apr,กรุงเทพมหานคร,20.846153846153847
2020,Apr,นนทบุรี,19.0
2020,Apr,ปทุมธานี,23.0
2020,Apr,สมุทรปราการ,21.2
2020,Apr,สมุทรสาคร,19.0
2020,Apr,นครปฐม,19.0
2020,Apr,พระนครศรีอยุธยา,24.0
2020,Apr,สระบุรี,29.5
2020,Apr,ลพบุรี,45.0
2020,Apr,สิงห์บุรี,41.0
2020,Apr,อ่างทอง,38.42352662721893
2020,Apr,ชัยนาท,38.42352662721893
2020,Apr,สมุทรสงคราม,22.5
2020,Apr,นครสวรรค์,30.0
2020,Apr,อุทัยธานี,55.5
2020,Apr,เชียงราย,76.0
2020,Apr,เชียงใหม่,60.0
2020,Apr,น่าน,65.0
2020,Apr,พะเยา,56.0
2020,Apr,พิษณุโลก,47.5
2020,Apr,แพร่,45.0
2020,Apr,แม่ฮ่องสอน,73.0
2020,Apr,ลำปาง,47.75
2020,Apr,ลำพูน,41.0
2020,Apr,ตาก,48.0
2020,Apr,อุตรดิตถ์,57.333333333333336
2020,Apr,สุโขทัย,59.0
2020,Apr,พิจิตร,52.5
2020,Apr,เพชรบูรณ์,49.0
2020,Apr,กำแพงเพชร,59.5
2020,Apr,ขอนแก่น,38.0
2020,Apr,นครราชสีมา,30.0
2020,Apr,นครพนม,49.0
2020,Apr,เลย,33.0
2020,Apr,หนองคาย,45.5
2020,Apr,อุบลราชธานี,50.0
2020,Apr,สกลนคร,38.333333333333336
2020,Apr,อุดรธานี,45.0
2020,Apr,บุรีรัมย์,29.5
2020,Apr,มุกดาหาร,51.5
2020,Apr,บึงกาฬ,58.0
2020,Apr,กาฬสินธุ์,65.0
2020,Apr,ชัยภูมิ,41.0
2020,Apr,ยโสธร,50.0
2020,Apr,อำนาจเจริญ,50.0
2020,Apr,สุรินทร์,31.0
2020,Apr,ศรีสะเกษ,36.0
2020,Apr,ร้อยเอ็ด,38.42352662721893
2020,Apr,มหาสารคาม,38.42352662721893
2020,Apr,หนองบัวลำภู,38.42352662721893
2020,Apr,ฉะเชิงเทรา,19.0
2020,Apr,ชลบุรี,17.0
2020,Apr,ตราด,18.25
2020,Apr,ระยอง,17.6
2020,Apr,สระแก้ว,18.0
2020,Apr,ปราจีนบุรี,25.0
2020,Apr,จันทบุรี,22.0
2020,Apr,นครนายก,29.0
2020,Apr,กาญจนบุรี,35.0
2020,Apr,ราชบุรี,25.0
2020,Apr,สุพรรณบุรี,37.0
2020,Apr,ประจวบคีรีขันธ์,32.0
2020,Apr,เพชรบุรี,38.42352662721893
2020,Apr,นราธิวาส,12.0
2020,Apr,นครศรีธรรมราช,16.0
2020,Apr,ภูเก็ต,10.0
2020,Apr,ยะลา,9.5
2020,Apr,สงขลา,12.0
2020,Apr,สุราษฎร์ธานี,14.0
2020,Apr,สตูล,9.0
2020,Apr,ตรัง,17.0
2020,Apr,ชุมพร,38.42352662721893
2020,Apr,กระบี่,38.42352662721893
2020,Apr,พัทลุง,38.42352662721893
2020,Apr,ปัตตานี,38.42352662721893
2020,Apr,ระนอง,38.42352662721893
2020,Apr,พังงา,38.42352662721893
2020,May,กรุงเทพมหานคร,16.5
2020,May,นนทบุรี,13.0
2020,May,ปทุมธานี,17.0
2020,May,สมุทรปราการ,16.0
2020,May,สมุทรสาคร,15.5
2020,May,นครปฐม,14.0
2020,May,พระนครศรีอยุธยา,16.0
2020,May,สระบุรี,21.5
2020,May,ลพบุรี,24.0
2020,May,สิงห์บุรี,23.0
2020,May,อ่างทอง,19.42876923076923
2020,May,ชัยนาท,19.42876923076923
2020,May,สมุทรสงคราม,11.75
2020,May,นครสวรรค์,18.0
2020,May,อุทัยธานี,26.0
2020,May,เชียงราย,22.0
2020,May,เชียงใหม่,19.0
2020,May,น่าน,21.5
2020,May,พะเยา,21.0
2020,May,พิษณุโลก,18.0
2020,May,แพร่,23.0
2020,May,แม่ฮ่องสอน,18.0
2020,May,ลำปาง,20.5
2020,May,ลำพูน,17.0
2020,May,ตาก,18.0
2020,May,อุตรดิตถ์,25.333333333333332
2020,May,สุโขทัย,23.5
2020,May,พิจิตร,21.5
2020,May,เพชรบูรณ์,25.0
2020,May,กำแพงเพชร,22.5
2020,May,ขอนแก่น,26.0
2020,May,นครราชสีมา,21.0
2020,May,นครพนม,24.0
2020,May,เลย,20.0
2020,May,หนองคาย,20.25
2020,May,อุบลราชธานี,25.5
2020,May,สกลนคร,18.0
2020,May,อุดรธานี,20.0
2020,May,บุรีรัมย์,17.0
2020,May,มุกดาหาร,32.5
2020,May,บึงกาฬ,24.0
2020,May,กาฬสินธุ์,29.0
2020,May,ชัยภูมิ,18.0
2020,May,ยโสธร,22.0
2020,May,อำนาจเจริญ,25.0
2020,May,สุรินทร์,17.0
2020,May,ศรีสะเกษ,23.0
2020,May,ร้อยเอ็ด,19.42876923076923
2020,May,มหาสารคาม,19.42876923076923
2020,May,หนองบัวลำภู,19.42876923076923
2020,May,ฉะเชิงเทรา,13.0
2020,May,ชลบุรี,13.0
2020,May,ตราด,12.5
2020,May,ระยอง,14.0
2020,May,สระแก้ว,11.0
2020,May,ปราจีนบุรี,19.0
2020,May,จันทบุรี,15.0
2020,May,นครนายก,19.0
2020,May,กาญจนบุรี,15.0
2020,May,ราชบุรี,16.0
2020,May,สุพรรณบุรี,17.5
2020,May,ประจวบคีรีขันธ์,17.5
2020,May,เพชรบุรี,19.42876923076923
2020,May,นราธิวาส,21.0
2020,May,นครศรีธรรมราช,12.25
2020,May,ภูเก็ต,11.0
2020,May,ยะลา,11.0
2020,May,สงขลา,18.0
2020,May,สุราษฎร์ธานี,13.0
2020,May,สตูล,9.0
2020,May,ตรัง,11.333333333333334
2020,May,ชุมพร,19.42876923076923
2020,May,กระบี่,19.42876923076923
2020,May,พัทลุง,19.42876923076923
2020,May,ปัตตานี,19.42876923076923
2020,May,ระนอง,19.42876923076923
2020,May,พังงา,19.42876923076923
2020,Jun,กรุงเทพมหานคร,13.0
2020,Jun,นนทบุรี,8.0
2020,Jun,ปทุมธานี,12.0
2020,Jun,สมุทรปราการ,12.4
2020,Jun,สมุทรสาคร,12.5
2020,Jun,นครปฐม,7.0
2020,Jun,พระนครศรีอยุธยา,9.0
2020,Jun,สระบุรี,14.0
2020,Jun,ลพบุรี,13.5
2020,Jun,สิงห์บุรี,11.0
2020,Jun,อ่างทอง,11.659692307692309
2020,Jun,ชัยนาท,11.659692307692309
2020,Jun,สมุทรสงคราม,9.0
2020,Jun,นครสวรรค์,13.0
2020,Jun,อุทัยธานี,13.0
2020,Jun,เชียงราย,9.0
2020,Jun,เชียงใหม่,7.0
2020,Jun,น่าน,7.0
2020,Jun,พะเยา,8.0
2020,Jun,พิษณุโลก,9.25
2020,Jun,แพร่,9.0
2020,Jun,แม่ฮ่องสอน,6.75
2020,Jun,ลำปาง,7.0
2020,Jun,ลำพูน,9.75
2020,Jun,ตาก,8.0
2020,Jun,อุตรดิตถ์,11.75
2020,Jun,สุโขทัย,7.333333333333333
2020,Jun,พิจิตร,9.0
2020,Jun,เพชรบูรณ์,12.5
2020,Jun,กำแพงเพชร,8.5
2020,Jun,ขอนแก่น,16.0
2020,Jun,นครราชสีมา,13.0
2020,Jun,นครพนม,13.5
2020,Jun,เลย,10.0
2020,Jun,หนองคาย,12.5
2020,Jun,อุบลราชธานี,12.0
2020,Jun,สกลนคร,10.0
2020,Jun,อุดรธานี,10.5
2020,Jun,บุรีรัมย์,8.0
2020,Jun,มุกดาหาร,20.5
2020,Jun,บึงกาฬ,11.0
2020,Jun,กาฬสินธุ์,17.0
2020,Jun,ชัยภูมิ,11.0
2020,Jun,ยโสธร,15.0
2020,Jun,อำนาจเจริญ,11.0
2020,Jun,สุรินทร์,8.0
2020,Jun,ศรีสะเกษ,8.0
2020,Jun,ร้อยเอ็ด,11.659692307692309
2020,Jun,มหาสารคาม,11.659692307692309
2020,Jun,หนองบัวลำภู,11.659692307692309
2020,Jun,ฉะเชิงเทรา,8.0
2020,Jun,ชลบุรี,10.0
2020,Jun,ตราด,9.0
2020,Jun,ระยอง,9.333333333333334
2020,Jun,สระแก้ว,9.0
2020,Jun,ปราจีนบุรี,17.25
2020,Jun,จันทบุรี,9.5
2020,Jun,นครนายก,12.0
2020,Jun,กาญจนบุรี,8.0
2020,Jun,ราชบุรี,12.75
2020,Jun,สุพรรณบุรี,9.25
2020,Jun,ประจวบคีรีขันธ์,11.0
2020,Jun,เพชรบุรี,11.659692307692309
2020,Jun,นราธิวาส,11.0
2020,Jun,นครศรีธรรมราช,12.25
2020,Jun,ภูเก็ต,14.0
2020,Jun,ยะลา,16.0
2020,Jun,สงขลา,16.5
2020,Jun,สุราษฎร์ธานี,13.0
2020,Jun,สตูล,11.0
2020,Jun,ตรัง,10.5
2020,Jun,ชุมพร,11.659692307692309
2020,Jun,กระบี่,11.659692307692309
2020,Jun,พัทลุง,11.659692307692309
2020,Jun,ปัตตานี,11.659692307692309
2020,Jun,ระนอง,11.659692307692309
2020,Jun,พังงา,11.659692307692309
2020,Jul,กรุงเทพมหานคร,13.75
2020,Jul,นนทบุรี,9.5
2020,Jul,ปทุมธานี,11.0
2020,Jul,สมุทรปราการ,13.2
2020,Jul,สมุทรสาคร,13.5
2020,Jul,นครปฐม,8.0
2020,Jul,พระนครศรีอยุธยา,10.0
2020,Jul,สระบุรี,15.0
2020,Jul,ลพบุรี,12.333333333333334
2020,Jul,สิงห์บุรี,12.0
2020,Jul,อ่างทอง,10.675179487179488
2020,Jul,ชัยนาท,10.675179487179488
2020,Jul,สมุทรสงคราม,8.25
2020,Jul,นครสวรรค์,15.0
2020,Jul,อุทัยธานี,13.333333333333334
2020,Jul,เชียงราย,9.0
2020,Jul,เชียงใหม่,7.0
2020,Jul,น่าน,8.5
2020,Jul,พะเยา,8.0
2020,Jul,พิษณุโลก,9.25
2020,Jul,แพร่,10.0
2020,Jul,แม่ฮ่องสอน,4.0
2020,Jul,ลำปาง,8.25
2020,Jul,ลำพูน,17.0
2020,Jul,ตาก,6.0
2020,Jul,อุตรดิตถ์,10.5
2020,Jul,สุโขทัย,8.0
2020,Jul,พิจิตร,9.666666666666666
2020,Jul,เพชรบูรณ์,11.666666666666666
2020,Jul,กำแพงเพชร,8.0
2020,Jul,ขอนแก่น,16.0
2020,Jul,นครราชสีมา,14.0
2020,Jul,นครพนม,10.0
2020,Jul,เลย,10.0
2020,Jul,หนองคาย,11.5
2020,Jul,อุบลราชธานี,9.5
2020,Jul,สกลนคร,7.5
2020,Jul,อุดรธานี,8.5
2020,Jul,บุรีรัมย์,7.333333333333333
2020,Jul,มุกดาหาร,12.666666666666666
2020,Jul,บึงกาฬ,9.0
2020,Jul,กาฬสินธุ์,16.0
2020,Jul,ชัยภูมิ,9.0
2020,Jul,ยโสธร,9.0
2020,Jul,อำนาจเจริญ,7.0
2020,Jul,สุรินทร์,7.0
2020,Jul,ศรีสะเกษ,7.0
2020,Jul,ร้อยเอ็ด,10.675179487179488
2020,Jul,มหาสารคาม,10.675179487179488
2020,Jul,หนองบัวลำภู,10.675179487179488
2020,Jul,ฉะเชิงเทรา,11.0
2020,Jul,ชลบุรี,11.0
2020,Jul,ตราด,8.25
2020,Jul,ระยอง,9.6
2020,Jul,สระแก้ว,7.0
2020,Jul,ปราจีนบุรี,13.0
2020,Jul,จันทบุรี,8.666666666666666
2020,Jul,นครนายก,12.0
2020,Jul,กาญจนบุรี,8.0
2020,Jul,ราชบุรี,10.0
2020,Jul,สุพรรณบุรี,9.0
2020,Jul,ประจวบคีรีขันธ์,9.333333333333334
2020,Jul,เพชรบุรี,10.675179487179488
2020,Jul,นราธิวาส,11.0
2020,Jul,นครศรีธรรมราช,12.0
2020,Jul,ภูเก็ต,14.0
2020,Jul,ยะลา,10.0
2020,Jul,สงขลา,19.0
2020,Jul,สุราษฎร์ธานี,14.0
2020,Jul,สตูล,9.0
2020,Jul,ตรัง,12.0
2020,Jul,ชุมพร,10.675179487179488
2020,Jul,กระบี่,10.675179487179488
2020,Jul,พัทลุง,10.675179487179488
2020,Jul,ปัตตานี,10.675179487179488
2020,Jul,ระนอง,10.675179487179488
2020,Jul,พังงา,10.675179487179488
2020,Aug,กรุงเทพมหานคร,14.166666666666666
2020,Aug,นนทบุรี,10.5
2020,Aug,ปทุมธานี,13.0
2020,Aug,สมุทรปราการ,14.2
2020,Aug,สมุทรสาคร,14.5
2020,Aug,นครปฐม,8.0
2020,Aug,พระนครศรีอยุธยา,12.0
2020,Aug,สระบุรี,17.0
2020,Aug,ลพบุรี,15.0
2020,Aug,สิงห์บุรี,13.0
2020,Aug,อ่างทอง,11.643538461538462
2020,Aug,ชัยนาท,11.643538461538462
2020,Aug,สมุทรสงคราม,9.0
2020,Aug,นครสวรรค์,12.0
2020,Aug,อุทัยธานี,13.333333333333334
2020,Aug,เชียงราย,8.5
2020,Aug,เชียงใหม่,9.0
2020,Aug,น่าน,7.5
2020,Aug,พะเยา,7.0
2020,Aug,พิษณุโลก,12.0
2020,Aug,แพร่,9.0
2020,Aug,แม่ฮ่องสอน,5.0
2020,Aug,ลำปาง,7.0
2020,Aug,ลำพูน,19.0
2020,Aug,ตาก,7.0
2020,Aug,อุตรดิตถ์,12.25
2020,Aug,สุโขทัย,9.0
2020,Aug,พิจิตร,11.0
2020,Aug,เพชรบูรณ์,12.333333333333334
2020,Aug,กำแพงเพชร,9.0
2020,Aug,ขอนแก่น,16.0
2020,Aug,นครราชสีมา,15.0
2020,Aug,นครพนม,12.0
2020,Aug,เลย,9.0
2020,Aug,หนองคาย,11.75
2020,Aug,อุบลราชธานี,10.25
2020,Aug,สกลนคร,9.25
2020,Aug,อุดรธานี,10.5
2020,Aug,บุรีรัมย์,8.333333333333334
2020,Aug,มุกดาหาร,15.333333333333334
2020,Aug,บึงกาฬ,9.0
2020,Aug,กาฬสินธุ์,18.0
2020,Aug,ชัยภูมิ,11.0
2020,Aug,ยโสธร,13.0
2020,Aug,อำนาจเจริญ,15.0
2020,Aug,สุรินทร์,7.0
2020,Aug,ศรีสะเกษ,8.0
2020,Aug,ร้อยเอ็ด,11.643538461538462
2020,Aug,มหาสารคาม,11.643538461538462
2020,Aug,หนองบัวลำภู,11.643538461538462
2020,Aug,ฉะเชิงเทรา,11.0
2020,Aug,ชลบุรี,11.666666666666666
2020,Aug,ตราด,10.25
2020,Aug,ระยอง,10.0
2020,Aug,สระแก้ว,8.0
2020,Aug,ปราจีนบุรี,14.0
2020,Aug,จันทบุรี,8.333333333333334
2020,Aug,นครนายก,12.0
2020,Aug,กาญจนบุรี,9.0
2020,Aug,ราชบุรี,10.0
2020,Aug,สุพรรณบุรี,11.5
2020,Aug,ประจวบคีรีขันธ์,9.666666666666666
2020,Aug,เพชรบุรี,11.643538461538462
2020,Aug,นราธิวาส,16.0
2020,Aug,นครศรีธรรมราช,12.25
2020,Aug,ภูเก็ต,16.0
2020,Aug,ยะลา,14.5
2020,Aug,สงขลา,21.0
2020,Aug,สุราษฎร์ธานี,13.0
2020,Aug,สตูล,12.0
2020,Aug,ตรัง,9.5
2020,Aug,ชุมพร,11.643538461538462
2020,Aug,กระบี่,11.643538461538462
2020,Aug,พัทลุง,11.643538461538462
2020,Aug,ปัตตานี,11.643538461538462
2020,Aug,ระนอง,11.643538461538462
2020,Aug,พังงา,11.643538461538462
2020,Sep,กรุงเทพมหานคร,14.083333333333334
2020,Sep,นนทบุรี,9.5
2020,Sep,ปทุมธานี,12.0
2020,Sep,สมุทรปราการ,13.8
2020,Sep,สมุทรสาคร,13.0
2020,Sep,นครปฐม,8.0
2020,Sep,พระนครศรีอยุธยา,11.0
2020,Sep,สระบุรี,17.0
2020,Sep,ลพบุรี,14.333333333333334
2020,Sep,สิงห์บุรี,16.0
2020,Sep,อ่างทอง,11.182065268065267
2020,Sep,ชัยนาท,11.182065268065267
2020,Sep,สมุทรสงคราม,9.25
2020,Sep,นครสวรรค์,13.0
2020,Sep,อุทัยธานี,12.666666666666666
2020,Sep,เชียงราย,10.5
2020,Sep,เชียงใหม่,10.0
2020,Sep,น่าน,9.0
2020,Sep,พะเยา,10.0
2020,Sep,พิษณุโลก,8.0
2020,Sep,แพร่,11.0
2020,Sep,แม่ฮ่องสอน,5.0
2020,Sep,ลำปาง,8.75
2020,Sep,ลำพูน,19.0
2020,Sep,ตาก,6.0
2020,Sep,อุตรดิตถ์,10.5
2020,Sep,สุโขทัย,7.333333333333333
2020,Sep,พิจิตร,8.666666666666666
2020,Sep,เพชรบูรณ์,10.333333333333334
2020,Sep,กำแพงเพชร,7.333333333333333
2020,Sep,ขอนแก่น,17.0
2020,Sep,นครราชสีมา,15.0
2020,Sep,นครพนม,10.0
2020,Sep,เลย,9.0
2020,Sep,หนองคาย,9.5
2020,Sep,อุบลราชธานี,9.5
2020,Sep,สกลนคร,7.75
2020,Sep,อุดรธานี,9.25
2020,Sep,บุรีรัมย์,7.0
2020,Sep,มุกดาหาร,13.0
2020,Sep,บึงกาฬ,10.0
2020,Sep,กาฬสินธุ์,15.0
2020,Sep,ชัยภูมิ,13.0
2020,Sep,ยโสธร,15.0
2020,Sep,อำนาจเจริญ,13.0
2020,Sep,สุรินทร์,8.0
2020,Sep,ศรีสะเกษ,7.0
2020,Sep,ร้อยเอ็ด,11.182065268065267
2020,Sep,มหาสารคาม,11.182065268065267
2020,Sep,หนองบัวลำภู,11.182065268065267
2020,Sep,ฉะเชิงเทรา,10.0
2020,Sep,ชลบุรี,11.666666666666666
2020,Sep,ตราด,10.25
2020,Sep,ระยอง,8.6
2020,Sep,สระแก้ว,7.0
2020,Sep,ปราจีนบุรี,14.0
2020,Sep,จันทบุรี,8.0
2020,Sep,นครนายก,13.0
2020,Sep,กาญจนบุรี,8.0
2020,Sep,ราชบุรี,8.0
2020,Sep,สุพรรณบุรี,9.5
2020,Sep,ประจวบคีรีขันธ์,9.333333333333334
2020,Sep,เพชรบุรี,11.182065268065267
2020,Sep,นราธิวาส,14.0
2020,Sep,นครศรีธรรมราช,12.0
2020,Sep,ภูเก็ต,13.0
2020,Sep,ยะลา,11.0
2020,Sep,สงขลา,22.0
2020,Sep,สุราษฎร์ธานี,10.0
2020,Sep,สตูล,7.0
2020,Sep,ตรัง,9.75
2020,Sep,ชุมพร,11.182065268065267
2020,Sep,กระบี่,11.182065268065267
2020,Sep,พัทลุง,11.182065268065267
2020,Sep,ปัตตานี,11.182065268065267
2020,Sep,ระนอง,11.182065268065267
2020,Sep,พังงา,11.182065268065267
2020,Oct,กรุงเทพมหานคร,19.58333333333333
2020,Oct,นนทบุรี,15.0
2020,Oct,ปทุมธานี,15.0
2020,Oct,สมุทรปราการ,20.0
2020,Oct,สมุทรสาคร,22.0
2020,Oct,นครปฐม,14.0
2020,Oct,พระนครศรีอยุธยา,14.0
2020,Oct,สระบุรี,19.5
2020,Oct,ลพบุรี,20.333333333333332
2020,Oct,สิงห์บุรี,18.5
2020,Oct,อ่างทอง,15.50441958041958
2020,Oct,ชัยนาท,15.50441958041958
2020,Oct,สมุทรสงคราม,17.5
2020,Oct,นครสวรรค์,14.0
2020,Oct,อุทัยธานี,19.333333333333332
2020,Oct,เชียงราย,11.0
2020,Oct,เชียงใหม่,9.0
2020,Oct,น่าน,10.5
2020,Oct,พะเยา,11.0
2020,Oct,พิษณุโลก,13.25
2020,Oct,แพร่,11.0
2020,Oct,แม่ฮ่องสอน,7.0
2020,Oct,ลำปาง,9.25
2020,Oct,ลำพูน,20.0
2020,Oct,ตาก,9.0
2020,Oct,อุตรดิตถ์,13.75
2020,Oct,สุโขทัย,13.0
2020,Oct,พิจิตร,13.666666666666666
2020,Oct,เพชรบูรณ์,15.666666666666666
2020,Oct,กำแพงเพชร,12.0
2020,Oct,ขอนแก่น,19.0
2020,Oct,นครราชสีมา,18.0
2020,Oct,นครพนม,18.5
2020,Oct,เลย,10.0
2020,Oct,หนองคาย,17.75
2020,Oct,อุบลราชธานี,16.0
2020,Oct,สกลนคร,15.25
2020,Oct,อุดรธานี,16.0
2020,Oct,บุรีรัมย์,14.333333333333334
2020,Oct,มุกดาหาร,19.333333333333332
2020,Oct,บึงกาฬ,12.0
2020,Oct,กาฬสินธุ์,25.0
2020,Oct,ชัยภูมิ,19.0
2020,Oct,ยโสธร,17.5
2020,Oct,อำนาจเจริญ,20.0
2020,Oct,สุรินทร์,15.0
2020,Oct,ศรีสะเกษ,14.0
2020,Oct,ร้อยเอ็ด,15.50441958041958
2020,Oct,มหาสารคาม,15.50441958041958
2020,Oct,หนองบัวลำภู,15.50441958041958
2020,Oct,ฉะเชิงเทรา,14.0
2020,Oct,ชลบุรี,15.0
2020,Oct,ตราด,12.75
2020,Oct,ระยอง,15.8
2020,Oct,สระแก้ว,12.0
2020,Oct,ปราจีนบุรี,16.0
2020,Oct,จันทบุรี,12.0
2020,Oct,นครนายก,14.0
2020,Oct,กาญจนบุรี,14.0
2020,Oct,ราชบุรี,14.0
2020,Oct,สุพรรณบุรี,14.25
2020,Oct,ประจวบคีรีขันธ์,16.0
2020,Oct,เพชรบุรี,15.50441958041958
2020,Oct,นราธิวาส,12.0
2020,Oct,นครศรีธรรมราช,10.75
2020,Oct,ภูเก็ต,14.0
2020,Oct,ยะลา,10.0
2020,Oct,สงขลา,22.0
2020,Oct,สุราษฎร์ธานี,9.0
2020,Oct,สตูล,6.0
2020,Oct,ตรัง,8.75
2020,Oct,ชุมพร,15.50441958041958
2020,Oct,กระบี่,15.50441958041958
2020,Oct,พัทลุง,15.50441958041958
2020,Oct,ปัตตานี,15.50441958041958
2020,Oct,ระนอง,15.50441958041958
2020,Oct,พังงา,15.50441958041958
2020,Nov,กรุงเทพมหานคร,27.58333333333333
2020,Nov,นนทบุรี,24.5
2020,Nov,ปทุมธานี,24.0
2020,Nov,สมุทรปราการ,27.4
2020,Nov,สมุทรสาคร,38.5
2020,Nov,นครปฐม,28.0
2020,Nov,พระนครศรีอยุธยา,24.0
2020,Nov,สระบุรี,28.0
2020,Nov,ลพบุรี,23.333333333333332
2020,Nov,สิงห์บุรี,26.0
2020,Nov,อ่างทอง,19.794564102564102
2020,Nov,ชัยนาท,19.794564102564102
2020,Nov,สมุทรสงคราม,23.5
2020,Nov,นครสวรรค์,26.0
2020,Nov,อุทัยธานี,27.333333333333332
2020,Nov,เชียงราย,16.5
2020,Nov,เชียงใหม่,17.0
2020,Nov,น่าน,17.0
2020,Nov,พะเยา,20.0
2020,Nov,พิษณุโลก,25.0
2020,Nov,แพร่,22.0
2020,Nov,แม่ฮ่องสอน,11.0
2020,Nov,ลำปาง,15.25
2020,Nov,ลำพูน,29.0
2020,Nov,ตาก,18.0
2020,Nov,อุตรดิตถ์,20.5
2020,Nov,สุโขทัย,24.0
2020,Nov,พิจิตร,25.0
2020,Nov,เพชรบูรณ์,22.333333333333332
2020,Nov,กำแพงเพชร,18.666666666666668
2020,Nov,ขอนแก่น,28.0
2020,Nov,นครราชสีมา,26.0
2020,Nov,นครพนม,20.75
2020,Nov,เลย,17.0
2020,Nov,หนองคาย,20.75
2020,Nov,อุบลราชธานี,18.25
2020,Nov,สกลนคร,17.25
2020,Nov,อุดรธานี,18.75
2020,Nov,บุรีรัมย์,14.333333333333334
2020,Nov,มุกดาหาร,19.666666666666668
2020,Nov,บึงกาฬ,14.5
2020,Nov,กาฬสินธุ์,29.0
2020,Nov,ชัยภูมิ,21.0
2020,Nov,ยโสธร,23.5
2020,Nov,อำนาจเจริญ,18.5
2020,Nov,สุรินทร์,17.0
2020,Nov,ศรีสะเกษ,13.0
2020,Nov,ร้อยเอ็ด,19.794564102564102
2020,Nov,มหาสารคาม,19.794564102564102
2020,Nov,หนองบัวลำภู,19.794564102564102
2020,Nov,ฉะเชิงเทรา,19.0
2020,Nov,ชลบุรี,20.666666666666668
2020,Nov,ตราด,15.25
2020,Nov,ระยอง,21.0
2020,Nov,สระแก้ว,19.0
2020,Nov,ปราจีนบุรี,22.0
2020,Nov,จันทบุรี,13.666666666666666
2020,Nov,นครนายก,15.5
2020,Nov,กาญจนบุรี,27.0
2020,Nov,ราชบุรี,28.0
2020,Nov,สุพรรณบุรี,21.75
2020,Nov,ประจวบคีรีขันธ์,23.666666666666668
2020,Nov,เพชรบุรี,19.794564102564102
2020,Nov,นราธิวาส,17.0
2020,Nov,นครศรีธรรมราช,10.25
2020,Nov,ภูเก็ต,18.0
2020,Nov,ยะลา,11.0
2020,Nov,สงขลา,25.0
2020,Nov,สุราษฎร์ธานี,14.0
2020,Nov,สตูล,9.0
2020,Nov,ตรัง,8.25
2020,Nov,ชุมพร,19.794564102564102
2020,Nov,กระบี่,19.794564102564102
2020,Nov,พัทลุง,19.794564102564102
2020,Nov,ปัตตานี,19.794564102564102
2020,Nov,ระนอง,19.794564102564102
2020,Nov,พังงา,19.794564102564102
2020,Dec,กรุงเทพมหานคร,34.916666666666664
2020,Dec,นนทบุรี,31.5
2020,Dec,ปทุมธานี,30.0
2020,Dec,สมุทรปราการ,32.8
2020,Dec,สมุทรสาคร,45.0
2020,Dec,นครปฐม,34.0
2020,Dec,พระนครศรีอยุธยา,28.0
2020,Dec,สระบุรี,32.0
2020,Dec,ลพบุรี,27.666666666666668
2020,Dec,สิงห์บุรี,35.0
2020,Dec,อ่างทอง,25.621179487179486
2020,Dec,ชัยนาท,25.621179487179486
2020,Dec,สมุทรสงคราม,35.0
2020,Dec,นครสวรรค์,30.0
2020,Dec,อุทัยธานี,35.0
2020,Dec,เชียงราย,27.0
2020,Dec,เชียงใหม่,24.0
2020,Dec,น่าน,23.0
2020,Dec,พะเยา,35.0
2020,Dec,พิษณุโลก,41.0
2020,Dec,แพร่,27.0
2020,Dec,แม่ฮ่องสอน,18.0
2020,Dec,ลำปาง,23.25
2020,Dec,ลำพูน,24.0
2020,Dec,ตาก,32.0
2020,Dec,อุตรดิตถ์,28.75
2020,Dec,สุโขทัย,34.666666666666664
2020,Dec,พิจิตร,34.666666666666664
2020,Dec,เพชรบูรณ์,27.0
2020,Dec,กำแพงเพชร,26.333333333333332
2020,Dec,ขอนแก่น,37.0
2020,Dec,นครราชสีมา,31.0
2020,Dec,นครพนม,28.0
2020,Dec,เลย,23.0
2020,Dec,หนองคาย,30.5
2020,Dec,อุบลราชธานี,19.0
2020,Dec,สกลนคร,21.0
2020,Dec,อุดรธานี,23.75
2020,Dec,บุรีรัมย์,19.333333333333332
2020,Dec,มุกดาหาร,20.333333333333332
2020,Dec,บึงกาฬ,17.0
2020,Dec,กาฬสินธุ์,33.0
2020,Dec,ชัยภูมิ,25.0
2020,Dec,ยโสธร,26.0
2020,Dec,อำนาจเจริญ,20.0
2020,Dec,สุรินทร์,18.0
2020,Dec,ศรีสะเกษ,15.5
2020,Dec,ร้อยเอ็ด,25.621179487179486
2020,Dec,มหาสารคาม,25.621179487179486
2020,Dec,หนองบัวลำภู,25.621179487179486
2020,Dec,ฉะเชิงเทรา,22.0
2020,Dec,ชลบุรี,24.0
2020,Dec,ตราด,17.5
2020,Dec,ระยอง,22.4
2020,Dec,สระแก้ว,19.0
2020,Dec,ปราจีนบุรี,26.0
2020,Dec,จันทบุรี,16.0
2020,Dec,นครนายก,18.5
2020,Dec,กาญจนบุรี,31.0
2020,Dec,ราชบุรี,18.0
2020,Dec,สุพรรณบุรี,29.0
2020,Dec,ประจวบคีรีขันธ์,28.0
2020,Dec,เพชรบุรี,25.621179487179486
2020,Dec,นราธิวาส,12.0
2020,Dec,นครศรีธรรมราช,14.0
2020,Dec,ภูเก็ต,20.0
2020,Dec,ยะลา,9.5
2020,Dec,สงขลา,26.0
2020,Dec,สุราษฎร์ธานี,17.0
2020,Dec,สตูล,10.0
2020,Dec,ตรัง,11.0
2020,Dec,ชุมพร,25.621179487179486
2020,Dec,กระบี่,25.621179487179486
2020,Dec,พัทลุง,25.621179487179486
2020,Dec,ปัตตานี,25.621179487179486
2020,Dec,ระนอง,25.621179487179486
2020,Dec,พังงา,25.621179487179486
2021,Jan,กรุงเทพมหานคร,43.41666666666666
2021,Jan,นนทบุรี,37.0
2021,Jan,ปทุมธานี,46.0
2021,Jan,สมุทรปราการ,44.8
2021,Jan,สมุทรสาคร,53.0
2021,Jan,นครปฐม,45.0
2021,Jan,พระนครศรีอยุธยา,40.0
2021,Jan,สระบุรี,54.5
2021,Jan,ลพบุรี,37.5
2021,Jan,สิงห์บุรี,42.0
2021,Jan,อ่างทอง,32.039337995337995
2021,Jan,ชัยนาท,32.039337995337995
2021,Jan,สมุทรสงคราม,34.0
2021,Jan,นครสวรรค์,39.0
2021,Jan,อุทัยธานี,42.5
2021,Jan,เชียงราย,48.5
2021,Jan,เชียงใหม่,43.0
2021,Jan,น่าน,33.0
2021,Jan,พะเยา,52.0
2021,Jan,พิษณุโลก,56.0
2021,Jan,แพร่,44.0
2021,Jan,แม่ฮ่องสอน,34.0
2021,Jan,ลำปาง,47.25
2021,Jan,ลำพูน,34.0
2021,Jan,ตาก,52.0
2021,Jan,อุตรดิตถ์,35.666666666666664
2021,Jan,สุโขทัย,47.0
2021,Jan,พิจิตร,35.0
2021,Jan,เพชรบูรณ์,30.5
2021,Jan,กำแพงเพชร,33.5
2021,Jan,ขอนแก่น,49.0
2021,Jan,นครราชสีมา,44.0
2021,Jan,นครพนม,30.0
2021,Jan,เลย,31.75
2021,Jan,หนองคาย,60.0
2021,Jan,อุบลราชธานี,31.0
2021,Jan,สกลนคร,18.666666666666668
2021,Jan,อุดรธานี,24.33333333333333
2021,Jan,บุรีรัมย์,24.5
2021,Jan,มุกดาหาร,24.5
2021,Jan,บึงกาฬ,14.0
2021,Jan,กาฬสินธุ์,28.0
2021,Jan,ชัยภูมิ,26.0
2021,Jan,ยโสธร,24.0
2021,Jan,อำนาจเจริญ,17.0
2021,Jan,สุรินทร์,27.0
2021,Jan,ศรีสะเกษ,20.0
2021,Jan,ร้อยเอ็ด,32.039337995337995
2021,Jan,มหาสารคาม,32.039337995337995
2021,Jan,หนองบัวลำภู,32.039337995337995
2021,Jan,ฉะเชิงเทรา,44.0
2021,Jan,ชลบุรี,36.333333333333336
2021,Jan,ตราด,27.0
2021,Jan,ระยอง,35.4
2021,Jan,สระแก้ว,33.0
2021,Jan,ปราจีนบุรี,44.0
2021,Jan,จันทบุรี,23.0
2021,Jan,นครนายก,26.0
2021,Jan,กาญจนบุรี,42.0
2021,Jan,ราชบุรี,36.0
2021,Jan,สุพรรณบุรี,43.0
2021,Jan,ประจวบคีรีขันธ์,33.5
2021,Jan,เพชรบุรี,32.039337995337995
2021,Jan,นราธิวาส,20.0
2021,Jan,นครศรีธรรมราช,21.0
2021,Jan,ภูเก็ต,26.0
2021,Jan,ยะลา,13.0
2021,Jan,สงขลา,17.0
2021,Jan,สุราษฎร์ธานี,22.0
2021,Jan,สตูล,14.0
2021,Jan,ตรัง,15.0
2021,Jan,ชุมพร,32.039337995337995
2021,Jan,กระบี่,32.039337995337995
2021,Jan,พัทลุง,32.039337995337995
2021,Jan,ปัตตานี,32.039337995337995
2021,Jan,ระนอง,32.039337995337995
2021,Jan,พังงา,32.039337995337995
2021,Feb,กรุงเทพมหานคร,43.75
2021,Feb,นนทบุรี,38.0
2021,Feb,ปทุมธานี,47.0
2021,Feb,สมุทรปราการ,44.0
2021,Feb,สมุทรสาคร,48.0
2021,Feb,นครปฐม,44.0
2021,Feb,พระนครศรีอยุธยา,45.0
2021,Feb,สระบุรี,45.0
2021,Feb,ลพบุรี,42.0
2021,Feb,สิงห์บุรี,43.0
2021,Feb,อ่างทอง,39.20553846153846
2021,Feb,ชัยนาท,39.20553846153846
2021,Feb,สมุทรสงคราม,30.0
2021,Feb,นครสวรรค์,40.0
2021,Feb,อุทัยธานี,50.0
2021,Feb,เชียงราย,41.0
2021,Feb,เชียงใหม่,43.0
2021,Feb,น่าน,38.0
2021,Feb,พะเยา,44.0
2021,Feb,พิษณุโลก,56.0
2021,Feb,แพร่,48.0
2021,Feb,แม่ฮ่องสอน,44.0
2021,Feb,ลำปาง,58.75
2021,Feb,ลำพูน,46.0
2021,Feb,ตาก,64.0
2021,Feb,อุตรดิตถ์,43.66666666666666
2021,Feb,สุโขทัย,80.5
2021,Feb,พิจิตร,43.0
2021,Feb,เพชรบูรณ์,46.5
2021,Feb,กำแพงเพชร,50.0
2021,Feb,ขอนแก่น,46.0
2021,Feb,นครราชสีมา,44.0
2021,Feb,นครพนม,31.0
2021,Feb,เลย,42.75
2021,Feb,หนองคาย,52.0
2021,Feb,อุบลราชธานี,55.0
2021,Feb,สกลนคร,27.33333333333333
2021,Feb,อุดรธานี,32.333333333333336
2021,Feb,บุรีรัมย์,38.0
2021,Feb,มุกดาหาร,44.5
2021,Feb,บึงกาฬ,29.0
2021,Feb,กาฬสินธุ์,51.0
2021,Feb,ชัยภูมิ,45.0
2021,Feb,ยโสธร,49.0
2021,Feb,อำนาจเจริญ,41.0
2021,Feb,สุรินทร์,45.0
2021,Feb,ศรีสะเกษ,42.0
2021,Feb,ร้อยเอ็ด,39.20553846153846
2021,Feb,มหาสารคาม,39.20553846153846
2021,Feb,หนองบัวลำภู,39.20553846153846
2021,Feb,ฉะเชิงเทรา,49.0
2021,Feb,ชลบุรี,38.0
2021,Feb,ตราด,40.0
2021,Feb,ระยอง,40.0
2021,Feb,สระแก้ว,41.0
2021,Feb,ปราจีนบุรี,50.0
2021,Feb,จันทบุรี,26.0
2021,Feb,นครนายก,30.0
2021,Feb,กาญจนบุรี,46.0
2021,Feb,ราชบุรี,51.0
2021,Feb,สุพรรณบุรี,45.0
2021,Feb,ประจวบคีรีขันธ์,31.0
2021,Feb,เพชรบุรี,39.20553846153846
2021,Feb,นราธิวาส,23.0
2021,Feb,นครศรีธรรมราช,26.0
2021,Feb,ภูเก็ต,27.0
2021,Feb,ยะลา,15.5
2021,Feb,สงขลา,20.0
2021,Feb,สุราษฎร์ธานี,24.0
2021,Feb,สตูล,17.0
2021,Feb,ตรัง,13.666666666666666
2021,Feb,ชุมพร,39.20553846153846
2021,Feb,กระบี่,39.20553846153846
2021,Feb,พัทลุง,39.20553846153846
2021,Feb,ปัตตานี,39.20553846153846
2021,Feb,ระนอง,39.20553846153846
2021,Feb,พังงา,39.20553846153846
2021,Mar,กรุงเทพมหานคร,28.0
2021,Mar,นนทบุรี,23.5
2021,Mar,ปทุมธานี,30.0
2021,Mar,สมุทรปราการ,26.2
2021,Mar,สมุทรสาคร,27.5
2021,Mar,นครปฐม,26.0
2021,Mar,พระนครศรีอยุธยา,32.0
2021,Mar,สระบุรี,34.5
2021,Mar,ลพบุรี,43.5
2021,Mar,สิงห์บุรี,38.0
2021,Mar,อ่างทอง,41.57794871794872
2021,Mar,ชัยนาท,41.57794871794872
2021,Mar,สมุทรสงคราม,15.0
2021,Mar,นครสวรรค์,36.0
2021,Mar,อุทัยธานี,52.0
2021,Mar,เชียงราย,71.0
2021,Mar,เชียงใหม่,78.0
2021,Mar,น่าน,55.0
2021,Mar,พะเยา,67.0
2021,Mar,พิษณุโลก,48.0
2021,Mar,แพร่,59.0
2021,Mar,แม่ฮ่องสอน,146.0
2021,Mar,ลำปาง,59.0
2021,Mar,ลำพูน,62.0
2021,Mar,ตาก,69.0
2021,Mar,อุตรดิตถ์,53.333333333333336
2021,Mar,สุโขทัย,79.0
2021,Mar,พิจิตร,49.0
2021,Mar,เพชรบูรณ์,51.0
2021,Mar,กำแพงเพชร,58.0
2021,Mar,ขอนแก่น,51.0
2021,Mar,นครราชสีมา,46.0
2021,Mar,นครพนม,49.0
2021,Mar,เลย,56.0
2021,Mar,หนองคาย,51.0
2021,Mar,อุบลราชธานี,87.0
2021,Mar,สกลนคร,34.666666666666664
2021,Mar,อุดรธานี,41.0
2021,Mar,บุรีรัมย์,39.0
2021,Mar,มุกดาหาร,50.0
2021,Mar,บึงกาฬ,37.0
2021,Mar,กาฬสินธุ์,55.0
2021,Mar,ชัยภูมิ,36.0
2021,Mar,ยโสธร,48.0
2021,Mar,อำนาจเจริญ,41.0
2021,Mar,สุรินทร์,37.0
2021,Mar,ศรีสะเกษ,41.0
2021,Mar,ร้อยเอ็ด,41.57794871794872
2021,Mar,มหาสารคาม,41.57794871794872
2021,Mar,หนองบัวลำภู,41.57794871794872
2021,Mar,ฉะเชิงเทรา,32.0
2021,Mar,ชลบุรี,19.666666666666668
2021,Mar,ตราด,20.0
2021,Mar,ระยอง,20.6
2021,Mar,สระแก้ว,28.0
2021,Mar,ปราจีนบุรี,36.0
2021,Mar,จันทบุรี,25.5
2021,Mar,นครนายก,28.0
2021,Mar,กาญจนบุรี,26.0
2021,Mar,ราชบุรี,31.0
2021,Mar,สุพรรณบุรี,34.0
2021,Mar,ประจวบคีรีขันธ์,30.0
2021,Mar,เพชรบุรี,41.57794871794872
2021,Mar,นราธิวาส,17.0
2021,Mar,นครศรีธรรมราช,18.0
2021,Mar,ภูเก็ต,23.0
2021,Mar,ยะลา,13.5
2021,Mar,สงขลา,15.0
2021,Mar,สุราษฎร์ธานี,26.0
2021,Mar,สตูล,13.0
2021,Mar,ตรัง,14.666666666666666
2021,Mar,ชุมพร,41.57794871794872
2021,Mar,กระบี่,41.57794871794872
2021,Mar,พัทลุง,41.57794871794872
2021,Mar,ปัตตานี,41.57794871794872
2021,Mar,ระนอง,41.57794871794872
2021,Mar,พังงา,41.57794871794872
2021,Apr,กรุงเทพมหานคร,21.416666666666668
2021,Apr,นนทบุรี,16.5
2021,Apr,ปทุมธานี,21.0
2021,Apr,สมุทรปราการ,22.4
2021,Apr,สมุทรสาคร,22.0
2021,Apr,นครปฐม,17.0
2021,Apr,พระนครศรีอยุธยา,21.0
2021,Apr,สระบุรี,24.0
2021,Apr,ลพบุรี,45.0
2021,Apr,สิงห์บุรี,41.0
2021,Apr,อ่างทอง,38.42352662721893
2021,Apr,ชัยนาท,38.42352662721893
2021,Apr,สมุทรสงคราม,9.0
2021,Apr,นครสวรรค์,25.0
2021,Apr,อุทัยธานี,55.5
2021,Apr,เชียงราย,62.5
2021,Apr,เชียงใหม่,36.0
2021,Apr,น่าน,30.0
2021,Apr,พะเยา,31.0
2021,Apr,พิษณุโลก,25.0
2021,Apr,แพร่,28.0
2021,Apr,แม่ฮ่องสอน,50.0
2021,Apr,ลำปาง,27.5
2021,Apr,ลำพูน,27.0
2021,Apr,ตาก,22.0
2021,Apr,อุตรดิตถ์,57.333333333333336
2021,Apr,สุโขทัย,59.0
2021,Apr,พิจิตร,52.5
2021,Apr,เพชรบูรณ์,49.0
2021,Apr,กำแพงเพชร,59.5
2021,Apr,ขอนแก่น,31.0
2021,Apr,นครราชสีมา,24.0
2021,Apr,นครพนม,31.0
2021,Apr,เลย,49.75
2021,Apr,หนองคาย,10.0
2021,Apr,อุบลราชธานี,33.0
2021,Apr,สกลนคร,38.333333333333336
2021,Apr,อุดรธานี,45.0
2021,Apr,บุรีรัมย์,29.5
2021,Apr,มุกดาหาร,51.5
2021,Apr,บึงกาฬ,58.0
2021,Apr,กาฬสินธุ์,65.0
2021,Apr,ชัยภูมิ,41.0
2021,Apr,ยโสธร,50.0
2021,Apr,อำนาจเจริญ,50.0
2021,Apr,สุรินทร์,31.0
2021,Apr,ศรีสะเกษ,36.0
2021,Apr,ร้อยเอ็ด,38.42352662721893
2021,Apr,มหาสารคาม,38.42352662721893
2021,Apr,หนองบัวลำภู,38.42352662721893
2021,Apr,ฉะเชิงเทรา,20.0
2021,Apr,ชลบุรี,16.333333333333332
2021,Apr,ตราด,12.0
2021,Apr,ระยอง,15.8
2021,Apr,สระแก้ว,11.0
2021,Apr,ปราจีนบุรี,23.0
2021,Apr,จันทบุรี,22.0
2021,Apr,นครนายก,29.0
2021,Apr,กาญจนบุรี,11.0
2021,Apr,ราชบุรี,18.0
2021,Apr,สุพรรณบุรี,22.0
2021,Apr,ประจวบคีรีขันธ์,32.0
2021,Apr,เพชรบุรี,38.42352662721893
2021,Apr,นราธิวาส,13.0
2021,Apr,นครศรีธรรมราช,12.0
2021,Apr,ภูเก็ต,17.0
2021,Apr,ยะลา,12.5
2021,Apr,สงขลา,18.0
2021,Apr,สุราษฎร์ธานี,20.0
2021,Apr,สตูล,11.0
2021,Apr,ตรัง,17.0
2021,Apr,ชุมพร,38.42352662721893
2021,Apr,กระบี่,38.42352662721893
2021,Apr,พัทลุง,38.42352662721893
2021,Apr,ปัตตานี,38.42352662721893
2021,Apr,ระนอง,38.42352662721893
2021,Apr,พังงา,38.42352662721893
2021,May,กรุงเทพมหานคร,15.916666666666666
2021,May,นนทบุรี,10.5
2021,May,ปทุมธานี,15.0
2021,May,สมุทรปราการ,17.2
2021,May,สมุทรสาคร,17.5
2021,May,นครปฐม,11.0
2021,May,พระนครศรีอยุธยา,13.0
2021,May,สระบุรี,18.5
2021,May,ลพบุรี,24.0
2021,May,สิงห์บุรี,23.0
2021,May,อ่างทอง,19.42876923076923
2021,May,ชัยนาท,19.42876923076923
2021,May,สมุทรสงคราม,7.0
2021,May,นครสวรรค์,19.0
2021,May,อุทัยธานี,26.0
2021,May,เชียงราย,21.0
2021,May,เชียงใหม่,18.5
2021,May,น่าน,18.0
2021,May,พะเยา,15.0
2021,May,พิษณุโลก,13.0
2021,May,แพร่,19.0
2021,May,แม่ฮ่องสอน,13.0
2021,May,ลำปาง,14.25
2021,May,ลำพูน,13.0
2021,May,ตาก,13.0
2021,May,อุตรดิตถ์,25.33333333333333
2021,May,สุโขทัย,23.5
2021,May,พิจิตร,21.5
2021,May,เพชรบูรณ์,25.0
2021,May,กำแพงเพชร,22.5
2021,May,ขอนแก่น,25.0
2021,May,นครราชสีมา,17.0
2021,May,นครพนม,20.0
2021,May,เลย,20.0
2021,May,หนองคาย,5.0
2021,May,อุบลราชธานี,20.0
2021,May,สกลนคร,18.0
2021,May,อุดรธานี,20.0
2021,May,บุรีรัมย์,17.0
2021,May,มุกดาหาร,32.5
2021,May,บึงกาฬ,24.0
2021,May,กาฬสินธุ์,29.0
2021,May,ชัยภูมิ,18.0
2021,May,ยโสธร,22.0
2021,May,อำนาจเจริญ,25.0
2021,May,สุรินทร์,17.0
2021,May,ศรีสะเกษ,23.0
2021,May,ร้อยเอ็ด,19.42876923076923
2021,May,มหาสารคาม,19.42876923076923
2021,May,หนองบัวลำภู,19.42876923076923
2021,May,ฉะเชิงเทรา,17.0
2021,May,ชลบุรี,12.666666666666666
2021,May,ตราด,9.0
2021,May,ระยอง,12.0
2021,May,สระแก้ว,7.0
2021,May,ปราจีนบุรี,19.0
2021,May,จันทบุรี,15.0
2021,May,นครนายก,19.0
2021,May,กาญจนบุรี,9.0
2021,May,ราชบุรี,13.0
2021,May,สุพรรณบุรี,11.0
2021,May,ประจวบคีรีขันธ์,17.5
2021,May,เพชรบุรี,19.42876923076923
2021,May,นราธิวาส,10.0
2021,May,นครศรีธรรมราช,12.0
2021,May,ภูเก็ต,15.0
2021,May,ยะลา,11.0
2021,May,สงขลา,16.0
2021,May,สุราษฎร์ธานี,20.0
2021,May,สตูล,9.0
2021,May,ตรัง,11.333333333333334
2021,May,ชุมพร,19.42876923076923
2021,May,กระบี่,19.42876923076923
2021,May,พัทลุง,19.42876923076923
2021,May,ปัตตานี,19.42876923076923
2021,May,ระนอง,19.42876923076923
2021,May,พังงา,19.42876923076923
2021,Jun,กรุงเทพมหานคร,14.666666666666666
2021,Jun,นนทบุรี,9.0
2021,Jun,ปทุมธานี,12.0
2021,Jun,สมุทรปราการ,15.6
2021,Jun,สมุทรสาคร,16.5
2021,Jun,นครปฐม,11.0
2021,Jun,พระนครศรีอยุธยา,11.0
2021,Jun,สระบุรี,14.0
2021,Jun,ลพบุรี,13.5
2021,Jun,สิงห์บุรี,11.0
2021,Jun,อ่างทอง,11.659692307692309
2021,Jun,ชัยนาท,11.659692307692309
2021,Jun,สมุทรสงคราม,8.0
2021,Jun,นครสวรรค์,14.0
2021,Jun,อุทัยธานี,13.0
2021,Jun,เชียงราย,11.0
2021,Jun,เชียงใหม่,13.5
2021,Jun,น่าน,11.0
2021,Jun,พะเยา,11.0
2021,Jun,พิษณุโลก,10.0
2021,Jun,แพร่,12.0
2021,Jun,แม่ฮ่องสอน,7.0
2021,Jun,ลำปาง,10.5
2021,Jun,ลำพูน,9.0
2021,Jun,ตาก,8.0
2021,Jun,อุตรดิตถ์,12.0
2021,Jun,สุโขทัย,7.333333333333333
2021,Jun,พิจิตร,9.0
2021,Jun,เพชรบูรณ์,12.5
2021,Jun,กำแพงเพชร,8.5
2021,Jun,ขอนแก่น,19.0
2021,Jun,นครราชสีมา,15.0
2021,Jun,นครพนม,12.0
2021,Jun,เลย,9.0
2021,Jun,หนองคาย,7.0
2021,Jun,อุบลราชธานี,12.0
2021,Jun,สกลนคร,10.0
2021,Jun,อุดรธานี,9.0
2021,Jun,บุรีรัมย์,8.0
2021,Jun,มุกดาหาร,20.5
2021,Jun,บึงกาฬ,11.0
2021,Jun,กาฬสินธุ์,17.0
2021,Jun,ชัยภูมิ,11.0
2021,Jun,ยโสธร,15.0
2021,Jun,อำนาจเจริญ,11.0
2021,Jun,สุรินทร์,8.0
2021,Jun,ศรีสะเกษ,8.0
2021,Jun,ร้อยเอ็ด,11.659692307692309
2021,Jun,มหาสารคาม,11.659692307692309
2021,Jun,หนองบัวลำภู,11.659692307692309
2021,Jun,ฉะเชิงเทรา,14.0
2021,Jun,ชลบุรี,10.333333333333334
2021,Jun,ตราด,8.0
2021,Jun,ระยอง,10.6
2021,Jun,สระแก้ว,9.0
2021,Jun,ปราจีนบุรี,18.0
2021,Jun,จันทบุรี,9.5
2021,Jun,นครนายก,12.0
2021,Jun,กาญจนบุรี,10.0
2021,Jun,ราชบุรี,11.0
2021,Jun,สุพรรณบุรี,8.0
2021,Jun,ประจวบคีรีขันธ์,11.0
2021,Jun,เพชรบุรี,11.659692307692309
2021,Jun,นราธิวาส,12.0
2021,Jun,นครศรีธรรมราช,13.0
2021,Jun,ภูเก็ต,14.0
2021,Jun,ยะลา,12.0
2021,Jun,สงขลา,20.0
2021,Jun,สุราษฎร์ธานี,20.0
2021,Jun,สตูล,11.0
2021,Jun,ตรัง,11.0
2021,Jun,ชุมพร,11.659692307692309
2021,Jun,กระบี่,11.659692307692309
2021,Jun,พัทลุง,11.659692307692309
2021,Jun,ปัตตานี,11.659692307692309
2021,Jun,ระนอง,11.659692307692309
2021,Jun,พังงา,11.659692307692309
2021,Jul,กรุงเทพมหานคร,12.416666666666666
2021,Jul,นนทบุรี,7.0
2021,Jul,ปทุมธานี,11.0
2021,Jul,สมุทรปราการ,13.2
2021,Jul,สมุทรสาคร,13.5
2021,Jul,นครปฐม,9.0
2021,Jul,พระนครศรีอยุธยา,9.0
2021,Jul,สระบุรี,12.0
2021,Jul,ลพบุรี,12.333333333333334
2021,Jul,สิงห์บุรี,12.0
2021,Jul,อ่างทอง,10.675179487179488
2021,Jul,ชัยนาท,10.675179487179488
2021,Jul,สมุทรสงคราม,6.0
2021,Jul,นครสวรรค์,12.0
2021,Jul,อุทัยธานี,13.333333333333334
2021,Jul,เชียงราย,8.5
2021,Jul,เชียงใหม่,11.0
2021,Jul,น่าน,9.5
2021,Jul,พะเยา,8.0
2021,Jul,พิษณุโลก,9.0
2021,Jul,แพร่,9.0
2021,Jul,แม่ฮ่องสอน,5.0
2021,Jul,ลำปาง,8.0
2021,Jul,ลำพูน,7.0
2021,Jul,ตาก,6.0
2021,Jul,อุตรดิตถ์,9.0
2021,Jul,สุโขทัย,8.0
2021,Jul,พิจิตร,9.666666666666666
2021,Jul,เพชรบูรณ์,11.666666666666666
2021,Jul,กำแพงเพชร,8.0
2021,Jul,ขอนแก่น,16.0
2021,Jul,นครราชสีมา,13.0
2021,Jul,นครพนม,10.0
2021,Jul,เลย,6.0
2021,Jul,หนองคาย,7.0
2021,Jul,อุบลราชธานี,12.0
2021,Jul,สกลนคร,8.0
2021,Jul,อุดรธานี,7.0
2021,Jul,บุรีรัมย์,7.333333333333333
2021,Jul,มุกดาหาร,12.666666666666666
2021,Jul,บึงกาฬ,9.0
2021,Jul,กาฬสินธุ์,16.0
2021,Jul,ชัยภูมิ,9.0
2021,Jul,ยโสธร,9.0
2021,Jul,อำนาจเจริญ,7.0
2021,Jul,สุรินทร์,7.0
2021,Jul,ศรีสะเกษ,7.0
2021,Jul,ร้อยเอ็ด,10.675179487179488
2021,Jul,มหาสารคาม,10.675179487179488
2021,Jul,หนองบัวลำภู,10.675179487179488
2021,Jul,ฉะเชิงเทรา,12.0
2021,Jul,ชลบุรี,8.666666666666666
2021,Jul,ตราด,7.0
2021,Jul,ระยอง,9.0
2021,Jul,สระแก้ว,8.0
2021,Jul,ปราจีนบุรี,15.0
2021,Jul,จันทบุรี,8.666666666666666
2021,Jul,นครนายก,12.0
2021,Jul,กาญจนบุรี,5.0
2021,Jul,ราชบุรี,9.0
2021,Jul,สุพรรณบุรี,7.0
2021,Jul,ประจวบคีรีขันธ์,9.333333333333334
2021,Jul,เพชรบุรี,10.675179487179488
2021,Jul,นราธิวาส,14.0
2021,Jul,นครศรีธรรมราช,11.0
2021,Jul,ภูเก็ต,14.0
2021,Jul,ยะลา,14.5
2021,Jul,สงขลา,19.0
2021,Jul,สุราษฎร์ธานี,14.0
2021,Jul,สตูล,17.0
2021,Jul,ตรัง,11.0
2021,Jul,ชุมพร,10.675179487179488
2021,Jul,กระบี่,10.675179487179488
2021,Jul,พัทลุง,10.675179487179488
2021,Jul,ปัตตานี,10.675179487179488
2021,Jul,ระนอง,10.675179487179488
2021,Jul,พังงา,10.675179487179488
2021,Aug,กรุงเทพมหานคร,12.333333333333334
2021,Aug,นนทบุรี,7.5
2021,Aug,ปทุมธานี,12.0
2021,Aug,สมุทรปราการ,13.0
2021,Aug,สมุทรสาคร,14.0
2021,Aug,นครปฐม,10.0
2021,Aug,พระนครศรีอยุธยา,11.0
2021,Aug,สระบุรี,15.0
2021,Aug,ลพบุรี,15.0
2021,Aug,สิงห์บุรี,13.0
2021,Aug,อ่างทอง,11.643538461538462
2021,Aug,ชัยนาท,11.643538461538462
2021,Aug,สมุทรสงคราม,7.0
2021,Aug,นครสวรรค์,16.0
2021,Aug,อุทัยธานี,13.333333333333334
2021,Aug,เชียงราย,9.5
2021,Aug,เชียงใหม่,12.0
2021,Aug,น่าน,14.0
2021,Aug,พะเยา,9.0
2021,Aug,พิษณุโลก,15.0
2021,Aug,แพร่,11.0
2021,Aug,แม่ฮ่องสอน,5.0
2021,Aug,ลำปาง,9.0
2021,Aug,ลำพูน,9.0
2021,Aug,ตาก,7.0
2021,Aug,อุตรดิตถ์,13.0
2021,Aug,สุโขทัย,9.0
2021,Aug,พิจิตร,11.0
2021,Aug,เพชรบูรณ์,12.333333333333334
2021,Aug,กำแพงเพชร,9.0
2021,Aug,ขอนแก่น,18.0
2021,Aug,นครราชสีมา,15.0
2021,Aug,นครพนม,12.0
2021,Aug,เลย,9.0
2021,Aug,หนองคาย,8.0
2021,Aug,อุบลราชธานี,12.0
2021,Aug,สกลนคร,11.0
2021,Aug,อุดรธานี,10.0
2021,Aug,บุรีรัมย์,8.333333333333334
2021,Aug,มุกดาหาร,15.333333333333334
2021,Aug,บึงกาฬ,9.0
2021,Aug,กาฬสินธุ์,18.0
2021,Aug,ชัยภูมิ,11.0
2021,Aug,ยโสธร,13.0
2021,Aug,อำนาจเจริญ,15.0
2021,Aug,สุรินทร์,7.0
2021,Aug,ศรีสะเกษ,8.0
2021,Aug,ร้อยเอ็ด,11.643538461538462
2021,Aug,มหาสารคาม,11.643538461538462
2021,Aug,หนองบัวลำภู,11.643538461538462
2021,Aug,ฉะเชิงเทรา,13.0
2021,Aug,ชลบุรี,9.666666666666666
2021,Aug,ตราด,9.0
2021,Aug,ระยอง,9.0
2021,Aug,สระแก้ว,8.0
2021,Aug,ปราจีนบุรี,16.0
2021,Aug,จันทบุรี,8.333333333333334
2021,Aug,นครนายก,12.0
2021,Aug,กาญจนบุรี,7.0
2021,Aug,ราชบุรี,10.0
2021,Aug,สุพรรณบุรี,12.0
2021,Aug,ประจวบคีรีขันธ์,9.666666666666666
2021,Aug,เพชรบุรี,11.643538461538462
2021,Aug,นราธิวาส,10.0
2021,Aug,นครศรีธรรมราช,11.0
2021,Aug,ภูเก็ต,13.0
2021,Aug,ยะลา,10.5
2021,Aug,สงขลา,15.0
2021,Aug,สุราษฎร์ธานี,13.0
2021,Aug,สตูล,13.0
2021,Aug,ตรัง,9.0
2021,Aug,ชุมพร,11.643538461538462
2021,Aug,กระบี่,11.643538461538462
2021,Aug,พัทลุง,11.643538461538462
2021,Aug,ปัตตานี,11.643538461538462
2021,Aug,ระนอง,11.643538461538462
2021,Aug,พังงา,11.643538461538462
2021,Sep,กรุงเทพมหานคร,14.5
2021,Sep,นนทบุรี,9.5
2021,Sep,ปทุมธานี,14.0
2021,Sep,สมุทรปราการ,15.4
2021,Sep,สมุทรสาคร,15.5
2021,Sep,นครปฐม,12.0
2021,Sep,พระนครศรีอยุธยา,10.0
2021,Sep,สระบุรี,15.0
2021,Sep,ลพบุรี,14.333333333333334
2021,Sep,สิงห์บุรี,16.0
2021,Sep,อ่างทอง,11.182065268065267
2021,Sep,ชัยนาท,11.182065268065267
2021,Sep,สมุทรสงคราม,6.0
2021,Sep,นครสวรรค์,13.0
2021,Sep,อุทัยธานี,12.666666666666666
2021,Sep,เชียงราย,9.0
2021,Sep,เชียงใหม่,10.5
2021,Sep,น่าน,10.0
2021,Sep,พะเยา,8.0
2021,Sep,พิษณุโลก,6.0
2021,Sep,แพร่,8.0
2021,Sep,แม่ฮ่องสอน,5.0
2021,Sep,ลำปาง,7.5
2021,Sep,ลำพูน,7.0
2021,Sep,ตาก,7.0
2021,Sep,อุตรดิตถ์,9.0
2021,Sep,สุโขทัย,7.333333333333333
2021,Sep,พิจิตร,8.666666666666666
2021,Sep,เพชรบูรณ์,10.333333333333334
2021,Sep,กำแพงเพชร,7.333333333333333
2021,Sep,ขอนแก่น,16.0
2021,Sep,นครราชสีมา,13.0
2021,Sep,นครพนม,8.0
2021,Sep,เลย,5.0
2021,Sep,หนองคาย,8.0
2021,Sep,อุบลราชธานี,10.0
2021,Sep,สกลนคร,6.0
2021,Sep,อุดรธานี,6.0
2021,Sep,บุรีรัมย์,7.0
2021,Sep,มุกดาหาร,13.0
2021,Sep,บึงกาฬ,10.0
2021,Sep,กาฬสินธุ์,15.0
2021,Sep,ชัยภูมิ,13.0
2021,Sep,ยโสธร,15.0
2021,Sep,อำนาจเจริญ,13.0
2021,Sep,สุรินทร์,8.0
2021,Sep,ศรีสะเกษ,7.0
2021,Sep,ร้อยเอ็ด,11.182065268065267
2021,Sep,มหาสารคาม,11.182065268065267
2021,Sep,หนองบัวลำภู,11.182065268065267
2021,Sep,ฉะเชิงเทรา,12.0
2021,Sep,ชลบุรี,9.666666666666666
2021,Sep,ตราด,9.0
2021,Sep,ระยอง,10.0
2021,Sep,สระแก้ว,7.0
2021,Sep,ปราจีนบุรี,15.0
2021,Sep,จันทบุรี,8.0
2021,Sep,นครนายก,13.0
2021,Sep,กาญจนบุรี,6.0
2021,Sep,ราชบุรี,10.0
2021,Sep,สุพรรณบุรี,7.0
2021,Sep,ประจวบคีรีขันธ์,9.333333333333334
2021,Sep,เพชรบุรี,11.182065268065267
2021,Sep,นราธิวาส,11.0
2021,Sep,นครศรีธรรมราช,13.0
2021,Sep,ภูเก็ต,14.0
2021,Sep,ยะลา,11.5
2021,Sep,สงขลา,17.0
2021,Sep,สุราษฎร์ธานี,14.0
2021,Sep,สตูล,13.0
2021,Sep,ตรัง,9.0
2021,Sep,ชุมพร,11.182065268065267
2021,Sep,กระบี่,11.182065268065267
2021,Sep,พัทลุง,11.182065268065267
2021,Sep,ปัตตานี,11.182065268065267
2021,Sep,ระนอง,11.182065268065267
2021,Sep,พังงา,11.182065268065267
2021,Oct,กรุงเทพมหานคร,17.583333333333332
2021,Oct,นนทบุรี,13.0
2021,Oct,ปทุมธานี,16.0
2021,Oct,สมุทรปราการ,18.8
2021,Oct,สมุทรสาคร,19.5
2021,Oct,นครปฐม,15.0
2021,Oct,พระนครศรีอยุธยา,12.0
2021,Oct,สระบุรี,17.0
2021,Oct,ลพบุรี,20.333333333333332
2021,Oct,สิงห์บุรี,18.5
2021,Oct,อ่างทอง,15.50441958041958
2021,Oct,ชัยนาท,15.50441958041958
2021,Oct,สมุทรสงคราม,10.0
2021,Oct,นครสวรรค์,13.0
2021,Oct,อุทัยธานี,19.333333333333332
2021,Oct,เชียงราย,11.5
2021,Oct,เชียงใหม่,12.0
2021,Oct,น่าน,10.5
2021,Oct,พะเยา,11.0
2021,Oct,พิษณุโลก,10.0
2021,Oct,แพร่,11.0
2021,Oct,แม่ฮ่องสอน,9.0
2021,Oct,ลำปาง,9.5
2021,Oct,ลำพูน,11.0
2021,Oct,ตาก,9.0
2021,Oct,อุตรดิตถ์,11.0
2021,Oct,สุโขทัย,13.0
2021,Oct,พิจิตร,13.666666666666666
2021,Oct,เพชรบูรณ์,15.666666666666666
2021,Oct,กำแพงเพชร,12.0
2021,Oct,ขอนแก่น,20.0
2021,Oct,นครราชสีมา,16.0
2021,Oct,นครพนม,12.0
2021,Oct,เลย,9.0
2021,Oct,หนองคาย,7.0
2021,Oct,อุบลราชธานี,11.0
2021,Oct,สกลนคร,11.0
2021,Oct,อุดรธานี,11.0
2021,Oct,บุรีรัมย์,14.333333333333334
2021,Oct,มุกดาหาร,19.333333333333332
2021,Oct,บึงกาฬ,12.0
2021,Oct,กาฬสินธุ์,25.0
2021,Oct,ชัยภูมิ,19.0
2021,Oct,ยโสธร,17.5
2021,Oct,อำนาจเจริญ,20.0
2021,Oct,สุรินทร์,15.0
2021,Oct,ศรีสะเกษ,14.0
2021,Oct,ร้อยเอ็ด,15.50441958041958
2021,Oct,มหาสารคาม,15.50441958041958
2021,Oct,หนองบัวลำภู,15.50441958041958
2021,Oct,ฉะเชิงเทรา,16.0
2021,Oct,ชลบุรี,12.666666666666666
2021,Oct,ตราด,10.0
2021,Oct,ระยอง,14.2
2021,Oct,สระแก้ว,9.0
2021,Oct,ปราจีนบุรี,17.0
2021,Oct,จันทบุรี,12.0
2021,Oct,นครนายก,14.0
2021,Oct,กาญจนบุรี,9.0
2021,Oct,ราชบุรี,15.0
2021,Oct,สุพรรณบุรี,11.0
2021,Oct,ประจวบคีรีขันธ์,16.0
2021,Oct,เพชรบุรี,15.50441958041958
2021,Oct,นราธิวาส,10.0
2021,Oct,นครศรีธรรมราช,10.0
2021,Oct,ภูเก็ต,15.0
2021,Oct,ยะลา,11.0
2021,Oct,สงขลา,16.0
2021,Oct,สุราษฎร์ธานี,15.0
2021,Oct,สตูล,14.0
2021,Oct,ตรัง,9.0
2021,Oct,ชุมพร,15.50441958041958
2021,Oct,กระบี่,15.50441958041958
2021,Oct,พัทลุง,15.50441958041958
2021,Oct,ปัตตานี,15.50441958041958
2021,Oct,ระนอง,15.50441958041958
2021,Oct,พังงา,15.50441958041958
2021,Nov,กรุงเทพมหานคร,23.33333333333333
2021,Nov,นนทบุรี,18.0
2021,Nov,ปทุมธานี,20.0
2021,Nov,สมุทรปราการ,23.8
2021,Nov,สมุทรสาคร,29.0
2021,Nov,นครปฐม,25.0
2021,Nov,พระนครศรีอยุธยา,19.0
2021,Nov,สระบุรี,26.0
2021,Nov,ลพบุรี,23.333333333333332
2021,Nov,สิงห์บุรี,26.0
2021,Nov,อ่างทอง,19.794564102564102
2021,Nov,ชัยนาท,19.794564102564102
2021,Nov,สมุทรสงคราม,19.0
2021,Nov,นครสวรรค์,22.0
2021,Nov,อุทัยธานี,27.333333333333332
2021,Nov,เชียงราย,14.0
2021,Nov,เชียงใหม่,17.0
2021,Nov,น่าน,14.0
2021,Nov,พะเยา,16.0
2021,Nov,พิษณุโลก,20.0
2021,Nov,แพร่,19.0
2021,Nov,แม่ฮ่องสอน,13.0
2021,Nov,ลำปาง,14.25
2021,Nov,ลำพูน,18.0
2021,Nov,ตาก,16.0
2021,Nov,อุตรดิตถ์,19.0
2021,Nov,สุโขทัย,24.0
2021,Nov,พิจิตร,25.0
2021,Nov,เพชรบูรณ์,22.333333333333332
2021,Nov,กำแพงเพชร,18.666666666666668
2021,Nov,ขอนแก่น,26.0
2021,Nov,นครราชสีมา,21.0
2021,Nov,นครพนม,20.0
2021,Nov,เลย,14.0
2021,Nov,หนองคาย,6.0
2021,Nov,อุบลราชธานี,15.0
2021,Nov,สกลนคร,19.0
2021,Nov,อุดรธานี,16.0
2021,Nov,บุรีรัมย์,14.333333333333334
2021,Nov,มุกดาหาร,19.666666666666668
2021,Nov,บึงกาฬ,14.5
2021,Nov,กาฬสินธุ์,29.0
2021,Nov,ชัยภูมิ,21.0
2021,Nov,ยโสธร,23.5
2021,Nov,อำนาจเจริญ,18.5
2021,Nov,สุรินทร์,17.0
2021,Nov,ศรีสะเกษ,13.0
2021,Nov,ร้อยเอ็ด,19.794564102564102
2021,Nov,มหาสารคาม,19.794564102564102
2021,Nov,หนองบัวลำภู,19.794564102564102
2021,Nov,ฉะเชิงเทรา,19.0
2021,Nov,ชลบุรี,17.0
2021,Nov,ตราด,13.0
2021,Nov,ระยอง,17.6
2021,Nov,สระแก้ว,14.0
2021,Nov,ปราจีนบุรี,21.0
2021,Nov,จันทบุรี,13.666666666666666
2021,Nov,นครนายก,15.5
2021,Nov,กาญจนบุรี,13.0
2021,Nov,ราชบุรี,25.0
2021,Nov,สุพรรณบุรี,22.0
2021,Nov,ประจวบคีรีขันธ์,23.666666666666668
2021,Nov,เพชรบุรี,19.794564102564102
2021,Nov,นราธิวาส,9.0
2021,Nov,นครศรีธรรมราช,8.0
2021,Nov,ภูเก็ต,10.0
2021,Nov,ยะลา,9.5
2021,Nov,สงขลา,12.0
2021,Nov,สุราษฎร์ธานี,9.0
2021,Nov,สตูล,7.0
2021,Nov,ตรัง,7.0
2021,Nov,ชุมพร,19.794564102564102
2021,Nov,กระบี่,19.794564102564102
2021,Nov,พัทลุง,19.794564102564102
2021,Nov,ปัตตานี,19.794564102564102
2021,Nov,ระนอง,19.794564102564102
2021,Nov,พังงา,19.794564102564102
2021,Dec,กรุงเทพมหานคร,34.916666666666664
2021,Dec,นนทบุรี,30.5
2021,Dec,ปทุมธานี,32.0
2021,Dec,สมุทรปราการ,36.2
2021,Dec,สมุทรสาคร,42.0
2021,Dec,นครปฐม,38.0
2021,Dec,พระนครศรีอยุธยา,28.0
2021,Dec,สระบุรี,34.0
2021,Dec,ลพบุรี,27.666666666666668
2021,Dec,สิงห์บุรี,35.0
2021,Dec,อ่างทอง,25.621179487179486
2021,Dec,ชัยนาท,25.621179487179486
2021,Dec,สมุทรสงคราม,37.0
2021,Dec,นครสวรรค์,34.0
2021,Dec,อุทัยธานี,35.0
2021,Dec,เชียงราย,28.0
2021,Dec,เชียงใหม่,26.0
2021,Dec,น่าน,25.5
2021,Dec,พะเยา,31.0
2021,Dec,พิษณุโลก,37.0
2021,Dec,แพร่,32.0
2021,Dec,แม่ฮ่องสอน,20.0
2021,Dec,ลำปาง,25.25
2021,Dec,ลำพูน,32.0
2021,Dec,ตาก,33.0
2021,Dec,อุตรดิตถ์,30.0
2021,Dec,สุโขทัย,34.666666666666664
2021,Dec,พิจิตร,34.666666666666664
2021,Dec,เพชรบูรณ์,27.0
2021,Dec,กำแพงเพชร,26.333333333333332
2021,Dec,ขอนแก่น,37.0
2021,Dec,นครราชสีมา,31.0
2021,Dec,นครพนม,28.0
2021,Dec,เลย,31.0
2021,Dec,หนองคาย,15.0
2021,Dec,อุบลราชธานี,19.0
2021,Dec,สกลนคร,28.0
2021,Dec,อุดรธานี,30.0
2021,Dec,บุรีรัมย์,19.333333333333332
2021,Dec,มุกดาหาร,20.333333333333332
2021,Dec,บึงกาฬ,17.0
2021,Dec,กาฬสินธุ์,33.0
2021,Dec,ชัยภูมิ,25.0
2021,Dec,ยโสธร,26.0
2021,Dec,อำนาจเจริญ,20.0
2021,Dec,สุรินทร์,18.0
2021,Dec,ศรีสะเกษ,15.5
2021,Dec,ร้อยเอ็ด,25.621179487179486
2021,Dec,มหาสารคาม,25.621179487179486
2021,Dec,หนองบัวลำภู,25.621179487179486
2021,Dec,ฉะเชิงเทรา,28.0
2021,Dec,ชลบุรี,27.0
2021,Dec,ตราด,18.0
2021,Dec,ระยอง,26.0
2021,Dec,สระแก้ว,24.0
2021,Dec,ปราจีนบุรี,32.0
2021,Dec,จันทบุรี,16.0
2021,Dec,นครนายก,18.5
2021,Dec,กาญจนบุรี,26.0
2021,Dec,ราชบุรี,40.0
2021,Dec,สุพรรณบุรี,34.0
2021,Dec,ประจวบคีรีขันธ์,28.0
2021,Dec,เพชรบุรี,25.621179487179486
2021,Dec,นราธิวาส,16.0
2021,Dec,นครศรีธรรมราช,16.0
2021,Dec,ภูเก็ต,17.0
2021,Dec,ยะลา,13.0
2021,Dec,สงขลา,16.0
2021,Dec,สุราษฎร์ธานี,17.0
2021,Dec,สตูล,9.0
2021,Dec,ตรัง,12.0
2021,Dec,ชุมพร,25.621179487179486
2021,Dec,กระบี่,25.621179487179486
2021,Dec,พัทลุง,25.621179487179486
2021,Dec,ปัตตานี,25.621179487179486
2021,Dec,ระนอง,25.621179487179486
2021,Dec,พังงา,25.621179487179486
2022,Jan,กรุงเทพมหานคร,29.83333333333333
2022,Jan,นนทบุรี,26.5
2022,Jan,ปทุมธานี,34.0
2022,Jan,สมุทรปราการ,30.4
2022,Jan,สมุทรสาคร,32.0
2022,Jan,นครปฐม,33.0
2022,Jan,พระนครศรีอยุธยา,31.0
2022,Jan,สระบุรี,39.5
2022,Jan,ลพบุรี,37.5
2022,Jan,สิงห์บุรี,42.0
2022,Jan,อ่างทอง,32.039337995337995
2022,Jan,ชัยนาท,32.039337995337995
2022,Jan,สมุทรสงคราม,25.0
2022,Jan,นครสวรรค์,33.0
2022,Jan,อุทัยธานี,42.5
2022,Jan,เชียงราย,22.0
2022,Jan,เชียงใหม่,21.5
2022,Jan,น่าน,24.5
2022,Jan,พะเยา,29.0
2022,Jan,พิษณุโลก,36.0
2022,Jan,แพร่,33.0
2022,Jan,แม่ฮ่องสอน,18.0
2022,Jan,ลำปาง,24.666666666666668
2022,Jan,ลำพูน,30.0
2022,Jan,ตาก,33.0
2022,Jan,อุตรดิตถ์,37.0
2022,Jan,สุโขทัย,47.0
2022,Jan,พิจิตร,35.0
2022,Jan,เพชรบูรณ์,30.5
2022,Jan,กำแพงเพชร,33.5
2022,Jan,ขอนแก่น,42.0
2022,Jan,นครราชสีมา,34.0
2022,Jan,นครพนม,25.0
2022,Jan,เลย,29.0
2022,Jan,หนองคาย,37.0
2022,Jan,อุบลราชธานี,26.0
2022,Jan,สกลนคร,21.0
2022,Jan,อุดรธานี,29.0
2022,Jan,บุรีรัมย์,24.5
2022,Jan,มุกดาหาร,24.5
2022,Jan,บึงกาฬ,14.0
2022,Jan,กาฬสินธุ์,28.0
2022,Jan,ชัยภูมิ,26.0
2022,Jan,ยโสธร,24.0
2022,Jan,อำนาจเจริญ,17.0
2022,Jan,สุรินทร์,27.0
2022,Jan,ศรีสะเกษ,20.0
2022,Jan,ร้อยเอ็ด,32.039337995337995
2022,Jan,มหาสารคาม,32.039337995337995
2022,Jan,หนองบัวลำภู,32.039337995337995
2022,Jan,ฉะเชิงเทรา,34.0
2022,Jan,ชลบุรี,26.0
2022,Jan,ตราด,18.0
2022,Jan,ระยอง,26.6
2022,Jan,สระแก้ว,30.0
2022,Jan,ปราจีนบุรี,35.0
2022,Jan,จันทบุรี,23.0
2022,Jan,นครนายก,26.0
2022,Jan,กาญจนบุรี,35.0
2022,Jan,ราชบุรี,35.0
2022,Jan,สุพรรณบุรี,33.0
2022,Jan,ประจวบคีรีขันธ์,33.5
2022,Jan,เพชรบุรี,32.039337995337995
2022,Jan,นราธิวาส,21.0
2022,Jan,นครศรีธรรมราช,20.0
2022,Jan,ภูเก็ต,16.0
2022,Jan,ยะลา,16.5
2022,Jan,สงขลา,18.0
2022,Jan,สุราษฎร์ธานี,17.0
2022,Jan,สตูล,13.0
2022,Jan,ตรัง,13.0
2022,Jan,ชุมพร,32.039337995337995
2022,Jan,กระบี่,32.039337995337995
2022,Jan,พัทลุง,32.039337995337995
2022,Jan,ปัตตานี,32.039337995337995
2022,Jan,ระนอง,32.039337995337995
2022,Jan,พังงา,32.039337995337995
2022,Feb,กรุงเทพมหานคร,30.166666666666668
2022,Feb,นนทบุรี,28.0
2022,Feb,ปทุมธานี,31.0
2022,Feb,สมุทรปราการ,29.8
2022,Feb,สมุทรสาคร,29.5
2022,Feb,นครปฐม,28.0
2022,Feb,พระนครศรีอยุธยา,27.0
2022,Feb,สระบุรี,36.5
2022,Feb,ลพบุรี,42.0
2022,Feb,สิงห์บุรี,43.0
2022,Feb,อ่างทอง,39.20553846153846
2022,Feb,ชัยนาท,39.20553846153846
2022,Feb,สมุทรสงคราม,21.0
2022,Feb,นครสวรรค์,27.0
2022,Feb,อุทัยธานี,50.0
2022,Feb,เชียงราย,25.5
2022,Feb,เชียงใหม่,26.5
2022,Feb,น่าน,29.5
2022,Feb,พะเยา,29.0
2022,Feb,พิษณุโลก,27.0
2022,Feb,แพร่,32.0
2022,Feb,แม่ฮ่องสอน,36.0
2022,Feb,ลำปาง,29.666666666666668
2022,Feb,ลำพูน,33.0
2022,Feb,ตาก,32.0
2022,Feb,อุตรดิตถ์,31.0
2022,Feb,สุโขทัย,80.5
2022,Feb,พิจิตร,43.0
2022,Feb,เพชรบูรณ์,46.5
2022,Feb,กำแพงเพชร,50.0
2022,Feb,ขอนแก่น,38.0
2022,Feb,นครราชสีมา,34.0
2022,Feb,นครพนม,22.0
2022,Feb,เลย,28.0
2022,Feb,หนองคาย,46.0
2022,Feb,อุบลราชธานี,24.0
2022,Feb,สกลนคร,18.0
2022,Feb,อุดรธานี,24.0
2022,Feb,บุรีรัมย์,38.0
2022,Feb,มุกดาหาร,44.5
2022,Feb,บึงกาฬ,29.0
2022,Feb,กาฬสินธุ์,51.0
2022,Feb,ชัยภูมิ,45.0
2022,Feb,ยโสธร,49.0
2022,Feb,อำนาจเจริญ,41.0
2022,Feb,สุรินทร์,45.0
2022,Feb,ศรีสะเกษ,42.0
2022,Feb,ร้อยเอ็ด,39.20553846153846
2022,Feb,มหาสารคาม,39.20553846153846
2022,Feb,หนองบัวลำภู,39.20553846153846
2022,Feb,ฉะเชิงเทรา,29.0
2022,Feb,ชลบุรี,24.0
2022,Feb,ตราด,17.0
2022,Feb,ระยอง,23.6
2022,Feb,สระแก้ว,28.0
2022,Feb,ปราจีนบุรี,35.0
2022,Feb,จันทบุรี,26.0
2022,Feb,นครนายก,30.0
2022,Feb,กาญจนบุรี,29.0
2022,Feb,ราชบุรี,30.0
2022,Feb,สุพรรณบุรี,28.0
2022,Feb,ประจวบคีรีขันธ์,31.0
2022,Feb,เพชรบุรี,39.20553846153846
2022,Feb,นราธิวาส,16.0
2022,Feb,นครศรีธรรมราช,15.0
2022,Feb,ภูเก็ต,13.0
2022,Feb,ยะลา,14.5
2022,Feb,สงขลา,14.0
2022,Feb,สุราษฎร์ธานี,13.0
2022,Feb,สตูล,14.0
2022,Feb,ตรัง,10.0
2022,Feb,ชุมพร,39.20553846153846
2022,Feb,กระบี่,39.20553846153846
2022,Feb,พัทลุง,39.20553846153846
2022,Feb,ปัตตานี,39.20553846153846
2022,Feb,ระนอง,39.20553846153846
2022,Feb,พังงา,39.20553846153846
2022,Mar,กรุงเทพมหานคร,23.25
2022,Mar,นนทบุรี,21.0
2022,Mar,ปทุมธานี,27.0
2022,Mar,สมุทรปราการ,21.8
2022,Mar,สมุทรสาคร,20.0
2022,Mar,นครปฐม,20.0
2022,Mar,พระนครศรีอยุธยา,25.0
2022,Mar,สระบุรี,34.0
2022,Mar,ลพบุรี,43.5
2022,Mar,สิงห์บุรี,38.0
2022,Mar,อ่างทอง,41.57794871794872
2022,Mar,ชัยนาท,41.57794871794872
2022,Mar,สมุทรสงคราม,14.0
2022,Mar,นครสวรรค์,30.0
2022,Mar,อุทัยธานี,52.0
2022,Mar,เชียงราย,41.0
2022,Mar,เชียงใหม่,39.5
2022,Mar,น่าน,34.0
2022,Mar,พะเยา,38.0
2022,Mar,พิษณุโลก,34.0
2022,Mar,แพร่,40.0
2022,Mar,แม่ฮ่องสอน,83.0
2022,Mar,ลำปาง,35.333333333333336
2022,Mar,ลำพูน,38.0
2022,Mar,ตาก,32.0
2022,Mar,อุตรดิตถ์,39.0
2022,Mar,สุโขทัย,79.0
2022,Mar,พิจิตร,49.0
2022,Mar,เพชรบูรณ์,51.0
2022,Mar,กำแพงเพชร,58.0
2022,Mar,ขอนแก่น,40.0
2022,Mar,นครราชสีมา,35.0
2022,Mar,นครพนม,40.0
2022,Mar,เลย,35.0
2022,Mar,หนองคาย,55.0
2022,Mar,อุบลราชธานี,39.0
2022,Mar,สกลนคร,29.0
2022,Mar,อุดรธานี,32.0
2022,Mar,บุรีรัมย์,39.0
2022,Mar,มุกดาหาร,50.0
2022,Mar,บึงกาฬ,37.0
2022,Mar,กาฬสินธุ์,55.0
2022,Mar,ชัยภูมิ,36.0
2022,Mar,ยโสธร,48.0
2022,Mar,อำนาจเจริญ,41.0
2022,Mar,สุรินทร์,37.0
2022,Mar,ศรีสะเกษ,41.0
2022,Mar,ร้อยเอ็ด,41.57794871794872
2022,Mar,มหาสารคาม,41.57794871794872
2022,Mar,หนองบัวลำภู,41.57794871794872
2022,Mar,ฉะเชิงเทรา,26.0
2022,Mar,ชลบุรี,18.666666666666668
2022,Mar,ตราด,15.0
2022,Mar,ระยอง,18.2
2022,Mar,สระแก้ว,25.0
2022,Mar,ปราจีนบุรี,32.0
2022,Mar,จันทบุรี,25.5
2022,Mar,นครนายก,28.0
2022,Mar,กาญจนบุรี,24.0
2022,Mar,ราชบุรี,25.0
2022,Mar,สุพรรณบุรี,25.0
2022,Mar,ประจวบคีรีขันธ์,30.0
2022,Mar,เพชรบุรี,41.57794871794872
2022,Mar,นราธิวาส,15.0
2022,Mar,นครศรีธรรมราช,16.0
2022,Mar,ภูเก็ต,14.0
2022,Mar,ยะลา,14.0
2022,Mar,สงขลา,16.0
2022,Mar,สุราษฎร์ธานี,15.0
2022,Mar,สตูล,15.0
2022,Mar,ตรัง,12.0
2022,Mar,ชุมพร,41.57794871794872
2022,Mar,กระบี่,41.57794871794872
2022,Mar,พัทลุง,41.57794871794872
2022,Mar,ปัตตานี,41.57794871794872
2022,Mar,ระนอง,41.57794871794872
2022,Mar,พังงา,41.57794871794872
2022,Apr,กรุงเทพมหานคร,30.416666666666668
2022,Apr,นนทบุรี,28.0
2022,Apr,ปทุมธานี,33.0
2022,Apr,สมุทรปราการ,30.2
2022,Apr,สมุทรสาคร,31.0
2022,Apr,นครปฐม,31.0
2022,Apr,พระนครศรีอยุธยา,32.0
2022,Apr,สระบุรี,35.5
2022,Apr,ลพบุรี,45.0
2022,Apr,สิงห์บุรี,41.0
2022,Apr,อ่างทอง,38.42352662721893
2022,Apr,ชัยนาท,38.42352662721893
2022,Apr,สมุทรสงคราม,25.0
2022,Apr,นครสวรรค์,32.0
2022,Apr,อุทัยธานี,55.5
2022,Apr,เชียงราย,44.5
2022,Apr,เชียงใหม่,40.0
2022,Apr,น่าน,45.5
2022,Apr,พะเยา,38.0
2022,Apr,พิษณุโลก,42.0
2022,Apr,แพร่,44.0
2022,Apr,แม่ฮ่องสอน,50.0
2022,Apr,ลำปาง,40.66666666666666
2022,Apr,ลำพูน,33.0
2022,Apr,ตาก,33.0
2022,Apr,อุตรดิตถ์,44.0
2022,Apr,สุโขทัย,59.0
2022,Apr,พิจิตร,52.5
2022,Apr,เพชรบูรณ์,49.0
2022,Apr,กำแพงเพชร,59.5
2022,Apr,ขอนแก่น,41.0
2022,Apr,นครราชสีมา,32.0
2022,Apr,นครพนม,35.0
2022,Apr,เลย,36.0
2022,Apr,หนองคาย,56.0
2022,Apr,อุบลราชธานี,43.0
2022,Apr,สกลนคร,33.0
2022,Apr,อุดรธานี,37.0
2022,Apr,บุรีรัมย์,29.5
2022,Apr,มุกดาหาร,51.5
2022,Apr,บึงกาฬ,58.0
2022,Apr,กาฬสินธุ์,65.0
2022,Apr,ชัยภูมิ,41.0
2022,Apr,ยโสธร,50.0
2022,Apr,อำนาจเจริญ,50.0
2022,Apr,สุรินทร์,31.0
2022,Apr,ศรีสะเกษ,36.0
2022,Apr,ร้อยเอ็ด,38.42352662721893
2022,Apr,มหาสารคาม,38.42352662721893
2022,Apr,หนองบัวลำภู,38.42352662721893
2022,Apr,ฉะเชิงเทรา,27.0
2022,Apr,ชลบุรี,25.666666666666668
2022,Apr,ตราด,19.0
2022,Apr,ระยอง,24.4
2022,Apr,สระแก้ว,25.0
2022,Apr,ปราจีนบุรี,32.0
2022,Apr,จันทบุรี,22.0
2022,Apr,นครนายก,29.0
2022,Apr,กาญจนบุรี,22.0
2022,Apr,ราชบุรี,34.0
2022,Apr,สุพรรณบุรี,36.0
2022,Apr,ประจวบคีรีขันธ์,32.0
2022,Apr,เพชรบุรี,38.42352662721893
2022,Apr,นราธิวาส,15.0
2022,Apr,นครศรีธรรมราช,18.0
2022,Apr,ภูเก็ต,15.0
2022,Apr,ยะลา,14.5
2022,Apr,สงขลา,18.0
2022,Apr,สุราษฎร์ธานี,17.0
2022,Apr,สตูล,16.0
2022,Apr,ตรัง,14.0
2022,Apr,ชุมพร,38.42352662721893
2022,Apr,กระบี่,38.42352662721893
2022,Apr,พัทลุง,38.42352662721893
2022,Apr,ปัตตานี,38.42352662721893
2022,Apr,ระนอง,38.42352662721893
2022,Apr,พังงา,38.42352662721893
2022,May,กรุงเทพมหานคร,18.166666666666668
2022,May,นนทบุรี,13.5
2022,May,ปทุมธานี,14.0
2022,May,สมุทรปราการ,17.4
2022,May,สมุทรสาคร,18.5
2022,May,นครปฐม,13.0
2022,May,พระนครศรีอยุธยา,14.0
2022,May,สระบุรี,23.5
2022,May,ลพบุรี,24.0
2022,May,สิงห์บุรี,23.0
2022,May,อ่างทอง,19.42876923076923
2022,May,ชัยนาท,19.42876923076923
2022,May,สมุทรสงคราม,11.0
2022,May,นครสวรรค์,14.0
2022,May,อุทัยธานี,26.0
2022,May,เชียงราย,19.5
2022,May,เชียงใหม่,17.5
2022,May,น่าน,17.5
2022,May,พะเยา,16.0
2022,May,พิษณุโลก,12.0
2022,May,แพร่,16.0
2022,May,แม่ฮ่องสอน,13.0
2022,May,ลำปาง,16.666666666666668
2022,May,ลำพูน,14.0
2022,May,ตาก,14.0
2022,May,อุตรดิตถ์,17.0
2022,May,สุโขทัย,23.5
2022,May,พิจิตร,21.5
2022,May,เพชรบูรณ์,25.0
2022,May,กำแพงเพชร,22.5
2022,May,ขอนแก่น,20.0
2022,May,นครราชสีมา,18.0
2022,May,นครพนม,16.0
2022,May,เลย,13.0
2022,May,หนองคาย,17.0
2022,May,อุบลราชธานี,13.0
2022,May,สกลนคร,12.0
2022,May,อุดรธานี,12.0
2022,May,บุรีรัมย์,17.0
2022,May,มุกดาหาร,32.5
2022,May,บึงกาฬ,24.0
2022,May,กาฬสินธุ์,29.0
2022,May,ชัยภูมิ,18.0
2022,May,ยโสธร,22.0
2022,May,อำนาจเจริญ,25.0
2022,May,สุรินทร์,17.0
2022,May,ศรีสะเกษ,23.0
2022,May,ร้อยเอ็ด,19.42876923076923
2022,May,มหาสารคาม,19.42876923076923
2022,May,หนองบัวลำภู,19.42876923076923
2022,May,ฉะเชิงเทรา,13.0
2022,May,ชลบุรี,12.333333333333334
2022,May,ตราด,8.0
2022,May,ระยอง,13.4
2022,May,สระแก้ว,11.0
2022,May,ปราจีนบุรี,17.0
2022,May,จันทบุรี,15.0
2022,May,นครนายก,19.0
2022,May,กาญจนบุรี,10.0
2022,May,ราชบุรี,15.0
2022,May,สุพรรณบุรี,13.0
2022,May,ประจวบคีรีขันธ์,17.5
2022,May,เพชรบุรี,19.42876923076923
2022,May,นราธิวาส,13.0
2022,May,นครศรีธรรมราช,13.0
2022,May,ภูเก็ต,12.0
2022,May,ยะลา,13.0
2022,May,สงขลา,16.0
2022,May,สุราษฎร์ธานี,12.0
2022,May,สตูล,14.0
2022,May,ตรัง,10.0
2022,May,ชุมพร,19.42876923076923
2022,May,กระบี่,19.42876923076923
2022,May,พัทลุง,19.42876923076923
2022,May,ปัตตานี,19.42876923076923
2022,May,ระนอง,19.42876923076923
2022,May,พังงา,19.42876923076923
2022,Jun,กรุงเทพมหานคร,15.583333333333334
2022,Jun,นนทบุรี,10.0
2022,Jun,ปทุมธานี,12.0
2022,Jun,สมุทรปราการ,15.2
2022,Jun,สมุทรสาคร,14.5
2022,Jun,นครปฐม,10.0
2022,Jun,พระนครศรีอยุธยา,12.0
2022,Jun,สระบุรี,19.5
2022,Jun,ลพบุรี,13.5
2022,Jun,สิงห์บุรี,11.0
2022,Jun,อ่างทอง,11.659692307692309
2022,Jun,ชัยนาท,11.659692307692309
2022,Jun,สมุทรสงคราม,8.0
2022,Jun,นครสวรรค์,11.0
2022,Jun,อุทัยธานี,13.0
2022,Jun,เชียงราย,12.0
2022,Jun,เชียงใหม่,12.0
2022,Jun,น่าน,12.5
2022,Jun,พะเยา,10.0
2022,Jun,พิษณุโลก,8.0
2022,Jun,แพร่,11.0
2022,Jun,แม่ฮ่องสอน,7.0
2022,Jun,ลำปาง,11.0
2022,Jun,ลำพูน,10.0
2022,Jun,ตาก,10.0
2022,Jun,อุตรดิตถ์,11.0
2022,Jun,สุโขทัย,7.0
2022,Jun,พิจิตร,9.0
2022,Jun,เพชรบูรณ์,12.5
2022,Jun,กำแพงเพชร,8.5
2022,Jun,ขอนแก่น,17.0
2022,Jun,นครราชสีมา,17.0
2022,Jun,นครพนม,16.0
2022,Jun,เลย,8.0
2022,Jun,หนองคาย,12.0
2022,Jun,อุบลราชธานี,11.0
2022,Jun,สกลนคร,10.0
2022,Jun,อุดรธานี,9.0
2022,Jun,บุรีรัมย์,8.0
2022,Jun,มุกดาหาร,20.5
2022,Jun,บึงกาฬ,11.0
2022,Jun,กาฬสินธุ์,17.0
2022,Jun,ชัยภูมิ,11.0
2022,Jun,ยโสธร,15.0
2022,Jun,อำนาจเจริญ,11.0
2022,Jun,สุรินทร์,8.0
2022,Jun,ศรีสะเกษ,8.0
2022,Jun,ร้อยเอ็ด,11.659692307692309
2022,Jun,มหาสารคาม,11.659692307692309
2022,Jun,หนองบัวลำภู,11.659692307692309
2022,Jun,ฉะเชิงเทรา,12.0
2022,Jun,ชลบุรี,10.666666666666666
2022,Jun,ตราด,7.0
2022,Jun,ระยอง,12.0
2022,Jun,สระแก้ว,11.0
2022,Jun,ปราจีนบุรี,18.0
2022,Jun,จันทบุรี,9.5
2022,Jun,นครนายก,12.0
2022,Jun,กาญจนบุรี,7.0
2022,Jun,ราชบุรี,10.0
2022,Jun,สุพรรณบุรี,9.0
2022,Jun,ประจวบคีรีขันธ์,11.0
2022,Jun,เพชรบุรี,11.659692307692309
2022,Jun,นราธิวาส,12.0
2022,Jun,นครศรีธรรมราช,14.0
2022,Jun,ภูเก็ต,9.0
2022,Jun,ยะลา,10.0
2022,Jun,สงขลา,16.0
2022,Jun,สุราษฎร์ธานี,11.0
2022,Jun,สตูล,9.0
2022,Jun,ตรัง,9.0
2022,Jun,ชุมพร,11.659692307692309
2022,Jun,กระบี่,11.659692307692309
2022,Jun,พัทลุง,11.659692307692309
2022,Jun,ปัตตานี,11.659692307692309
2022,Jun,ระนอง,11.659692307692309
2022,Jun,พังงา,11.659692307692309
2022,Jul,กรุงเทพมหานคร,14.333333333333334
2022,Jul,นนทบุรี,9.5
2022,Jul,ปทุมธานี,10.0
2022,Jul,สมุทรปราการ,14.6
2022,Jul,สมุทรสาคร,14.0
2022,Jul,นครปฐม,10.0
2022,Jul,พระนครศรีอยุธยา,11.0
2022,Jul,สระบุรี,20.0
2022,Jul,ลพบุรี,10.0
2022,Jul,สิงห์บุรี,12.0
2022,Jul,อ่างทอง,10.675179487179488
2022,Jul,ชัยนาท,10.675179487179488
2022,Jul,สมุทรสงคราม,7.0
2022,Jul,นครสวรรค์,12.0
2022,Jul,อุทัยธานี,13.0
2022,Jul,เชียงราย,9.5
2022,Jul,เชียงใหม่,10.0
2022,Jul,น่าน,10.0
2022,Jul,พะเยา,8.0
2022,Jul,พิษณุโลก,10.0
2022,Jul,แพร่,10.0
2022,Jul,แม่ฮ่องสอน,5.0
2022,Jul,ลำปาง,9.333333333333334
2022,Jul,ลำพูน,9.0
2022,Jul,ตาก,8.0
2022,Jul,อุตรดิตถ์,11.0
2022,Jul,สุโขทัย,9.0
2022,Jul,พิจิตร,9.0
2022,Jul,เพชรบูรณ์,10.0
2022,Jul,กำแพงเพชร,8.0
2022,Jul,ขอนแก่น,15.0
2022,Jul,นครราชสีมา,17.0
2022,Jul,นครพนม,11.0
2022,Jul,เลย,7.0
2022,Jul,หนองคาย,10.0
2022,Jul,อุบลราชธานี,8.0
2022,Jul,สกลนคร,8.0
2022,Jul,อุดรธานี,7.0
2022,Jul,บุรีรัมย์,7.0
2022,Jul,มุกดาหาร,9.0
2022,Jul,บึงกาฬ,9.0
2022,Jul,กาฬสินธุ์,16.0
2022,Jul,ชัยภูมิ,9.0
2022,Jul,ยโสธร,9.0
2022,Jul,อำนาจเจริญ,7.0
2022,Jul,สุรินทร์,7.0
2022,Jul,ศรีสะเกษ,7.0
2022,Jul,ร้อยเอ็ด,10.675179487179488
2022,Jul,มหาสารคาม,10.675179487179488
2022,Jul,หนองบัวลำภู,10.675179487179488
2022,Jul,ฉะเชิงเทรา,10.0
2022,Jul,ชลบุรี,9.666666666666666
2022,Jul,ตราด,5.0
2022,Jul,ระยอง,12.2
2022,Jul,สระแก้ว,9.0
2022,Jul,ปราจีนบุรี,16.0
2022,Jul,จันทบุรี,8.0
2022,Jul,นครนายก,12.0
2022,Jul,กาญจนบุรี,9.0
2022,Jul,ราชบุรี,12.0
2022,Jul,สุพรรณบุรี,10.0
2022,Jul,ประจวบคีรีขันธ์,6.0
2022,Jul,เพชรบุรี,10.675179487179488
2022,Jul,นราธิวาส,15.0
2022,Jul,นครศรีธรรมราช,13.0
2022,Jul,ภูเก็ต,11.0
2022,Jul,ยะลา,13.0
2022,Jul,สงขลา,19.0
2022,Jul,สุราษฎร์ธานี,10.0
2022,Jul,สตูล,9.0
2022,Jul,ตรัง,13.0
2022,Jul,ชุมพร,10.675179487179488
2022,Jul,กระบี่,10.675179487179488
2022,Jul,พัทลุง,10.675179487179488
2022,Jul,ปัตตานี,10.675179487179488
2022,Jul,ระนอง,10.675179487179488
2022,Jul,พังงา,10.675179487179488
2022,Aug,กรุงเทพมหานคร,15.25
2022,Aug,นนทบุรี,10.5
2022,Aug,ปทุมธานี,12.0
2022,Aug,สมุทรปราการ,16.0
2022,Aug,สมุทรสาคร,15.0
2022,Aug,นครปฐม,10.0
2022,Aug,พระนครศรีอยุธยา,11.0
2022,Aug,สระบุรี,20.5
2022,Aug,ลพบุรี,10.0
2022,Aug,สิงห์บุรี,13.0
2022,Aug,อ่างทอง,11.643538461538462
2022,Aug,ชัยนาท,11.643538461538462
2022,Aug,สมุทรสงคราม,7.0
2022,Aug,นครสวรรค์,11.0
2022,Aug,อุทัยธานี,11.0
2022,Aug,เชียงราย,9.5
2022,Aug,เชียงใหม่,10.5
2022,Aug,น่าน,12.5
2022,Aug,พะเยา,8.0
2022,Aug,พิษณุโลก,10.0
2022,Aug,แพร่,9.0
2022,Aug,แม่ฮ่องสอน,9.0
2022,Aug,ลำปาง,8.333333333333334
2022,Aug,ลำพูน,9.0
2022,Aug,ตาก,8.0
2022,Aug,อุตรดิตถ์,11.0
2022,Aug,สุโขทัย,8.0
2022,Aug,พิจิตร,9.0
2022,Aug,เพชรบูรณ์,10.0
2022,Aug,กำแพงเพชร,8.0
2022,Aug,ขอนแก่น,14.0
2022,Aug,นครราชสีมา,15.0
2022,Aug,นครพนม,8.0
2022,Aug,เลย,6.0
2022,Aug,หนองคาย,9.0
2022,Aug,อุบลราชธานี,7.0
2022,Aug,สกลนคร,7.0
2022,Aug,อุดรธานี,7.0
2022,Aug,บุรีรัมย์,6.0
2022,Aug,มุกดาหาร,9.0
2022,Aug,บึงกาฬ,9.0
2022,Aug,กาฬสินธุ์,18.0
2022,Aug,ชัยภูมิ,11.0
2022,Aug,ยโสธร,13.0
2022,Aug,อำนาจเจริญ,15.0
2022,Aug,สุรินทร์,7.0
2022,Aug,ศรีสะเกษ,8.0
2022,Aug,ร้อยเอ็ด,11.643538461538462
2022,Aug,มหาสารคาม,11.643538461538462
2022,Aug,หนองบัวลำภู,11.643538461538462
2022,Aug,ฉะเชิงเทรา,10.0
2022,Aug,ชลบุรี,10.0
2022,Aug,ตราด,5.0
2022,Aug,ระยอง,11.8
2022,Aug,สระแก้ว,8.0
2022,Aug,ปราจีนบุรี,14.0
2022,Aug,จันทบุรี,7.0
2022,Aug,นครนายก,12.0
2022,Aug,กาญจนบุรี,7.0
2022,Aug,ราชบุรี,14.0
2022,Aug,สุพรรณบุรี,10.0
2022,Aug,ประจวบคีรีขันธ์,8.0
2022,Aug,เพชรบุรี,11.643538461538462
2022,Aug,นราธิวาส,13.0
2022,Aug,นครศรีธรรมราช,14.0
2022,Aug,ภูเก็ต,10.0
2022,Aug,ยะลา,12.5
2022,Aug,สงขลา,17.0
2022,Aug,สุราษฎร์ธานี,10.0
2022,Aug,สตูล,10.0
2022,Aug,ตรัง,11.0
2022,Aug,ชุมพร,11.643538461538462
2022,Aug,กระบี่,11.643538461538462
2022,Aug,พัทลุง,11.643538461538462
2022,Aug,ปัตตานี,11.643538461538462
2022,Aug,ระนอง,11.643538461538462
2022,Aug,พังงา,11.643538461538462
2022,Sep,กรุงเทพมหานคร,16.833333333333332
2022,Sep,นนทบุรี,12.0
2022,Sep,ปทุมธานี,12.0
2022,Sep,สมุทรปราการ,16.6
2022,Sep,สมุทรสาคร,16.0
2022,Sep,นครปฐม,10.0
2022,Sep,พระนครศรีอยุธยา,12.0
2022,Sep,สระบุรี,23.5
2022,Sep,ลพบุรี,12.0
2022,Sep,สิงห์บุรี,16.0
2022,Sep,อ่างทอง,11.182065268065267
2022,Sep,ชัยนาท,11.182065268065267
2022,Sep,สมุทรสงคราม,8.0
2022,Sep,นครสวรรค์,10.0
2022,Sep,อุทัยธานี,11.0
2022,Sep,เชียงราย,12.0
2022,Sep,เชียงใหม่,11.5
2022,Sep,น่าน,14.5
2022,Sep,พะเยา,10.0
2022,Sep,พิษณุโลก,10.0
2022,Sep,แพร่,11.0
2022,Sep,แม่ฮ่องสอน,8.0
2022,Sep,ลำปาง,9.333333333333334
2022,Sep,ลำพูน,10.0
2022,Sep,ตาก,8.0
2022,Sep,อุตรดิตถ์,12.0
2022,Sep,สุโขทัย,8.0
2022,Sep,พิจิตร,8.0
2022,Sep,เพชรบูรณ์,10.0
2022,Sep,กำแพงเพชร,7.0
2022,Sep,ขอนแก่น,18.0
2022,Sep,นครราชสีมา,16.0
2022,Sep,นครพนม,12.0
2022,Sep,เลย,8.0
2022,Sep,หนองคาย,11.0
2022,Sep,อุบลราชธานี,8.0
2022,Sep,สกลนคร,10.0
2022,Sep,อุดรธานี,10.0
2022,Sep,บุรีรัมย์,7.0
2022,Sep,มุกดาหาร,11.0
2022,Sep,บึงกาฬ,10.0
2022,Sep,กาฬสินธุ์,15.0
2022,Sep,ชัยภูมิ,13.0
2022,Sep,ยโสธร,15.0
2022,Sep,อำนาจเจริญ,13.0
2022,Sep,สุรินทร์,8.0
2022,Sep,ศรีสะเกษ,7.0
2022,Sep,ร้อยเอ็ด,11.182065268065267
2022,Sep,มหาสารคาม,11.182065268065267
2022,Sep,หนองบัวลำภู,11.182065268065267
2022,Sep,ฉะเชิงเทรา,12.0
2022,Sep,ชลบุรี,11.666666666666666
2022,Sep,ตราด,5.0
2022,Sep,ระยอง,12.6
2022,Sep,สระแก้ว,9.0
2022,Sep,ปราจีนบุรี,16.0
2022,Sep,จันทบุรี,8.0
2022,Sep,นครนายก,13.0
2022,Sep,กาญจนบุรี,6.0
2022,Sep,ราชบุรี,13.0
2022,Sep,สุพรรณบุรี,9.0
2022,Sep,ประจวบคีรีขันธ์,9.0
2022,Sep,เพชรบุรี,11.182065268065267
2022,Sep,นราธิวาส,13.0
2022,Sep,นครศรีธรรมราช,13.0
2022,Sep,ภูเก็ต,10.0
2022,Sep,ยะลา,11.0
2022,Sep,สงขลา,16.0
2022,Sep,สุราษฎร์ธานี,10.0
2022,Sep,สตูล,10.0
2022,Sep,ตรัง,11.0
2022,Sep,ชุมพร,11.182065268065267
2022,Sep,กระบี่,11.182065268065267
2022,Sep,พัทลุง,11.182065268065267
2022,Sep,ปัตตานี,11.182065268065267
2022,Sep,ระนอง,11.182065268065267
2022,Sep,พังงา,11.182065268065267
2022,Oct,กรุงเทพมหานคร,24.916666666666668
2022,Oct,นนทบุรี,23.0
2022,Oct,ปทุมธานี,20.0
2022,Oct,สมุทรปราการ,25.4
2022,Oct,สมุทรสาคร,27.5
2022,Oct,นครปฐม,23.0
2022,Oct,พระนครศรีอยุธยา,19.0
2022,Oct,สระบุรี,27.0
2022,Oct,ลพบุรี,19.0
2022,Oct,สิงห์บุรี,18.5
2022,Oct,อ่างทอง,15.50441958041958
2022,Oct,ชัยนาท,15.50441958041958
2022,Oct,สมุทรสงคราม,21.0
2022,Oct,นครสวรรค์,17.0
2022,Oct,อุทัยธานี,20.0
2022,Oct,เชียงราย,14.5
2022,Oct,เชียงใหม่,17.0
2022,Oct,น่าน,20.0
2022,Oct,พะเยา,15.0
2022,Oct,พิษณุโลก,20.0
2022,Oct,แพร่,22.0
2022,Oct,แม่ฮ่องสอน,11.0
2022,Oct,ลำปาง,14.333333333333334
2022,Oct,ลำพูน,17.0
2022,Oct,ตาก,15.0
2022,Oct,อุตรดิตถ์,18.0
2022,Oct,สุโขทัย,16.0
2022,Oct,พิจิตร,17.0
2022,Oct,เพชรบูรณ์,17.0
2022,Oct,กำแพงเพชร,14.0
2022,Oct,ขอนแก่น,18.75
2022,Oct,นครราชสีมา,24.0
2022,Oct,นครพนม,24.0
2022,Oct,เลย,22.0
2022,Oct,หนองคาย,24.0
2022,Oct,อุบลราชธานี,19.0
2022,Oct,สกลนคร,20.0
2022,Oct,อุดรธานี,18.0
2022,Oct,บุรีรัมย์,19.0
2022,Oct,มุกดาหาร,19.0
2022,Oct,บึงกาฬ,12.0
2022,Oct,กาฬสินธุ์,25.0
2022,Oct,ชัยภูมิ,19.0
2022,Oct,ยโสธร,17.5
2022,Oct,อำนาจเจริญ,20.0
2022,Oct,สุรินทร์,15.0
2022,Oct,ศรีสะเกษ,14.0
2022,Oct,ร้อยเอ็ด,15.50441958041958
2022,Oct,มหาสารคาม,15.50441958041958
2022,Oct,หนองบัวลำภู,15.50441958041958
2022,Oct,ฉะเชิงเทรา,18.0
2022,Oct,ชลบุรี,14.0
2022,Oct,ตราด,12.0
2022,Oct,ระยอง,20.4
2022,Oct,สระแก้ว,17.0
2022,Oct,ปราจีนบุรี,19.0
2022,Oct,จันทบุรี,13.0
2022,Oct,นครนายก,14.0
2022,Oct,กาญจนบุรี,11.0
2022,Oct,ราชบุรี,28.0
2022,Oct,สุพรรณบุรี,19.0
2022,Oct,ประจวบคีรีขันธ์,21.0
2022,Oct,เพชรบุรี,15.50441958041958
2022,Oct,นราธิวาส,11.0
2022,Oct,นครศรีธรรมราช,13.0
2022,Oct,ภูเก็ต,10.0
2022,Oct,ยะลา,10.5
2022,Oct,สงขลา,13.0
2022,Oct,สุราษฎร์ธานี,10.0
2022,Oct,สตูล,9.0
2022,Oct,ตรัง,9.0
2022,Oct,ชุมพร,15.50441958041958
2022,Oct,กระบี่,15.50441958041958
2022,Oct,พัทลุง,15.50441958041958
2022,Oct,ปัตตานี,15.50441958041958
2022,Oct,ระนอง,15.50441958041958
2022,Oct,พังงา,15.50441958041958
2022,Nov,กรุงเทพมหานคร,26.25
2022,Nov,นนทบุรี,24.0
2022,Nov,ปทุมธานี,23.0
2022,Nov,สมุทรปราการ,25.5
2022,Nov,สมุทรสาคร,30.0
2022,Nov,นครปฐม,26.0
2022,Nov,พระนครศรีอยุธยา,22.0
2022,Nov,สระบุรี,29.0
2022,Nov,ลพบุรี,22.0
2022,Nov,สิงห์บุรี,26.0
2022,Nov,อ่างทอง,19.794564102564102
2022,Nov,ชัยนาท,19.794564102564102
2022,Nov,สมุทรสงคราม,23.0
2022,Nov,นครสวรรค์,20.0
2022,Nov,อุทัยธานี,24.0
2022,Nov,เชียงราย,21.5
2022,Nov,เชียงใหม่,20.5
2022,Nov,น่าน,19.5
2022,Nov,พะเยา,17.0
2022,Nov,พิษณุโลก,26.0
2022,Nov,แพร่,21.0
2022,Nov,แม่ฮ่องสอน,12.0
2022,Nov,ลำปาง,14.333333333333334
2022,Nov,ลำพูน,23.0
2022,Nov,ตาก,21.0
2022,Nov,อุตรดิตถ์,21.0
2022,Nov,สุโขทัย,24.0
2022,Nov,พิจิตร,23.0
2022,Nov,เพชรบูรณ์,18.0
2022,Nov,กำแพงเพชร,18.0
2022,Nov,ขอนแก่น,24.5
2022,Nov,นครราชสีมา,23.0
2022,Nov,นครพนม,19.0
2022,Nov,เลย,19.0
2022,Nov,หนองคาย,25.0
2022,Nov,อุบลราชธานี,16.0
2022,Nov,สกลนคร,16.0
2022,Nov,อุดรธานี,18.0
2022,Nov,บุรีรัมย์,14.0
2022,Nov,มุกดาหาร,16.0
2022,Nov,บึงกาฬ,14.5
2022,Nov,กาฬสินธุ์,29.0
2022,Nov,ชัยภูมิ,21.0
2022,Nov,ยโสธร,23.5
2022,Nov,อำนาจเจริญ,18.5
2022,Nov,สุรินทร์,17.0
2022,Nov,ศรีสะเกษ,13.0
2022,Nov,ร้อยเอ็ด,19.794564102564102
2022,Nov,มหาสารคาม,19.794564102564102
2022,Nov,หนองบัวลำภู,19.794564102564102
2022,Nov,ฉะเชิงเทรา,19.0
2022,Nov,ชลบุรี,19.0
2022,Nov,ตราด,11.0
2022,Nov,ระยอง,21.2
2022,Nov,สระแก้ว,17.0
2022,Nov,ปราจีนบุรี,22.0
2022,Nov,จันทบุรี,13.0
2022,Nov,นครนายก,15.5
2022,Nov,กาญจนบุรี,12.0
2022,Nov,ราชบุรี,31.0
2022,Nov,สุพรรณบุรี,23.0
2022,Nov,ประจวบคีรีขันธ์,30.0
2022,Nov,เพชรบุรี,19.794564102564102
2022,Nov,นราธิวาส,12.0
2022,Nov,นครศรีธรรมราช,13.0
2022,Nov,ภูเก็ต,14.0
2022,Nov,ยะลา,10.5
2022,Nov,สงขลา,14.0
2022,Nov,สุราษฎร์ธานี,11.0
2022,Nov,สตูล,12.0
2022,Nov,ตรัง,10.0
2022,Nov,ชุมพร,19.794564102564102
2022,Nov,กระบี่,19.794564102564102
2022,Nov,พัทลุง,19.794564102564102
2022,Nov,ปัตตานี,19.794564102564102
2022,Nov,ระนอง,19.794564102564102
2022,Nov,พังงา,19.794564102564102
2022,Dec,กรุงเทพมหานคร,28.83333333333333
2022,Dec,นนทบุรี,27.0
2022,Dec,ปทุมธานี,27.0
2022,Dec,สมุทรปราการ,27.6
2022,Dec,สมุทรสาคร,34.0
2022,Dec,นครปฐม,32.0
2022,Dec,พระนครศรีอยุธยา,26.0
2022,Dec,สระบุรี,31.0
2022,Dec,ลพบุรี,23.0
2022,Dec,สิงห์บุรี,35.0
2022,Dec,อ่างทอง,25.621179487179486
2022,Dec,ชัยนาท,25.621179487179486
2022,Dec,สมุทรสงคราม,35.0
2022,Dec,นครสวรรค์,27.0
2022,Dec,อุทัยธานี,30.0
2022,Dec,เชียงราย,30.5
2022,Dec,เชียงใหม่,29.0
2022,Dec,น่าน,29.5
2022,Dec,พะเยา,27.0
2022,Dec,พิษณุโลก,37.0
2022,Dec,แพร่,28.0
2022,Dec,แม่ฮ่องสอน,16.0
2022,Dec,ลำปาง,21.33333333333333
2022,Dec,ลำพูน,35.0
2022,Dec,ตาก,29.0
2022,Dec,อุตรดิตถ์,32.0
2022,Dec,สุโขทัย,36.0
2022,Dec,พิจิตร,32.0
2022,Dec,เพชรบูรณ์,25.0
2022,Dec,กำแพงเพชร,26.0
2022,Dec,ขอนแก่น,42.0
2022,Dec,นครราชสีมา,28.0
2022,Dec,นครพนม,28.0
2022,Dec,เลย,29.0
2022,Dec,หนองคาย,30.0
2022,Dec,อุบลราชธานี,20.0
2022,Dec,สกลนคร,20.0
2022,Dec,อุดรธานี,22.0
2022,Dec,บุรีรัมย์,20.0
2022,Dec,มุกดาหาร,17.0
2022,Dec,บึงกาฬ,17.0
2022,Dec,กาฬสินธุ์,33.0
2022,Dec,ชัยภูมิ,25.0
2022,Dec,ยโสธร,26.0
2022,Dec,อำนาจเจริญ,20.0
2022,Dec,สุรินทร์,18.0
2022,Dec,ศรีสะเกษ,15.5
2022,Dec,ร้อยเอ็ด,25.621179487179486
2022,Dec,มหาสารคาม,25.621179487179486
2022,Dec,หนองบัวลำภู,25.621179487179486
2022,Dec,ฉะเชิงเทรา,23.0
2022,Dec,ชลบุรี,17.0
2022,Dec,ตราด,14.0
2022,Dec,ระยอง,25.4
2022,Dec,สระแก้ว,24.0
2022,Dec,ปราจีนบุรี,25.0
2022,Dec,จันทบุรี,16.0
2022,Dec,นครนายก,18.5
2022,Dec,กาญจนบุรี,16.0
2022,Dec,ราชบุรี,37.0
2022,Dec,สุพรรณบุรี,30.0
2022,Dec,ประจวบคีรีขันธ์,35.0
2022,Dec,เพชรบุรี,25.621179487179486
2022,Dec,นราธิวาส,13.5
2022,Dec,นครศรีธรรมราช,14.0
2022,Dec,ภูเก็ต,16.0
2022,Dec,ยะลา,9.0
2022,Dec,สงขลา,16.0
2022,Dec,สุราษฎร์ธานี,16.0
2022,Dec,สตูล,15.0
2022,Dec,ตรัง,10.0
2022,Dec,ชุมพร,25.621179487179486
2022,Dec,กระบี่,25.621179487179486
2022,Dec,พัทลุง,25.621179487179486
2022,Dec,ปัตตานี,25.621179487179486
2022,Dec,ระนอง,25.621179487179486
2022,Dec,พังงา,25.621179487179486
2023,Jan,กรุงเทพมหานคร,32.81818181818182
2023,Jan,นนทบุรี,31.5
2023,Jan,ปทุมธานี,35.0
2023,Jan,สมุทรปราการ,33.666666666666664
2023,Jan,สมุทรสาคร,37.5
2023,Jan,นครปฐม,35.0
2023,Jan,พระนครศรีอยุธยา,32.0
2023,Jan,สระบุรี,36.5
2023,Jan,ลพบุรี,33.0
2023,Jan,สิงห์บุรี,42.0
2023,Jan,อ่างทอง,32.039337995337995
2023,Jan,ชัยนาท,32.039337995337995
2023,Jan,สมุทรสงคราม,48.0
2023,Jan,นครสวรรค์,34.0
2023,Jan,อุทัยธานี,40.0
2023,Jan,เชียงราย,33.5
2023,Jan,เชียงใหม่,33.5
2023,Jan,น่าน,34.5
2023,Jan,พะเยา,35.0
2023,Jan,พิษณุโลก,44.0
2023,Jan,แพร่,37.0
2023,Jan,แม่ฮ่องสอน,26.0
2023,Jan,ลำปาง,26.0
2023,Jan,ลำพูน,44.0
2023,Jan,ตาก,41.0
2023,Jan,อุตรดิตถ์,37.0
2023,Jan,สุโขทัย,45.0
2023,Jan,พิจิตร,36.0
2023,Jan,เพชรบูรณ์,31.0
2023,Jan,กำแพงเพชร,35.0
2023,Jan,ขอนแก่น,41.0
2023,Jan,นครราชสีมา,32.0
2023,Jan,นครพนม,40.0
2023,Jan,เลย,31.0
2023,Jan,หนองคาย,30.0
2023,Jan,อุบลราชธานี,25.0
2023,Jan,สกลนคร,22.0
2023,Jan,อุดรธานี,25.0
2023,Jan,บุรีรัมย์,25.0
2023,Jan,มุกดาหาร,26.0
2023,Jan,บึงกาฬ,14.0
2023,Jan,กาฬสินธุ์,28.0
2023,Jan,ชัยภูมิ,26.0
2023,Jan,ยโสธร,24.0
2023,Jan,อำนาจเจริญ,17.0
2023,Jan,สุรินทร์,27.0
2023,Jan,ศรีสะเกษ,20.0
2023,Jan,ร้อยเอ็ด,32.039337995337995
2023,Jan,มหาสารคาม,32.039337995337995
2023,Jan,หนองบัวลำภู,32.039337995337995
2023,Jan,ฉะเชิงเทรา,25.0
2023,Jan,ชลบุรี,29.5
2023,Jan,ตราด,20.0
2023,Jan,ระยอง,27.2
2023,Jan,สระแก้ว,28.0
2023,Jan,ปราจีนบุรี,30.0
2023,Jan,จันทบุรี,19.0
2023,Jan,นครนายก,26.0
2023,Jan,กาญจนบุรี,20.0
2023,Jan,ราชบุรี,47.0
2023,Jan,สุพรรณบุรี,34.0
2023,Jan,ประจวบคีรีขันธ์,33.0
2023,Jan,เพชรบุรี,32.039337995337995
2023,Jan,นราธิวาส,19.5
2023,Jan,นครศรีธรรมราช,18.0
2023,Jan,ภูเก็ต,19.0
2023,Jan,ยะลา,10.0
2023,Jan,สงขลา,16.0
2023,Jan,สุราษฎร์ธานี,21.0
2023,Jan,สตูล,18.0
2023,Jan,ตรัง,14.0
2023,Jan,ชุมพร,32.039337995337995
2023,Jan,กระบี่,32.039337995337995
2023,Jan,พัทลุง,32.039337995337995
2023,Jan,ปัตตานี,32.039337995337995
2023,Jan,ระนอง,32.039337995337995
2023,Jan,พังงา,32.039337995337995
2023,Feb,กรุงเทพมหานคร,39.083333333333336
2023,Feb,นนทบุรี,43.0
2023,Feb,ปทุมธานี,43.0
2023,Feb,สมุทรปราการ,39.0
2023,Feb,สมุทรสาคร,38.0
2023,Feb,นครปฐม,39.0
2023,Feb,พระนครศรีอยุธยา,38.0
2023,Feb,สระบุรี,42.5
2023,Feb,ลพบุรี,40.0
2023,Feb,สิงห์บุรี,43.0
2023,Feb,อ่างทอง,39.20553846153846
2023,Feb,ชัยนาท,39.20553846153846
2023,Feb,สมุทรสงคราม,45.0
2023,Feb,นครสวรรค์,43.0
2023,Feb,อุทัยธานี,49.0
2023,Feb,เชียงราย,58.0
2023,Feb,เชียงใหม่,51.5
2023,Feb,น่าน,65.0
2023,Feb,พะเยา,72.0
2023,Feb,พิษณุโลก,79.0
2023,Feb,แพร่,69.0
2023,Feb,แม่ฮ่องสอน,44.0
2023,Feb,ลำปาง,64.25
2023,Feb,ลำพูน,66.0
2023,Feb,ตาก,78.0
2023,Feb,อุตรดิตถ์,58.0
2023,Feb,สุโขทัย,96.0
2023,Feb,พิจิตร,44.0
2023,Feb,เพชรบูรณ์,47.0
2023,Feb,กำแพงเพชร,55.0
2023,Feb,ขอนแก่น,48.0
2023,Feb,นครราชสีมา,41.0
2023,Feb,นครพนม,56.0
2023,Feb,เลย,52.0
2023,Feb,หนองคาย,46.0
2023,Feb,อุบลราชธานี,53.0
2023,Feb,สกลนคร,34.0
2023,Feb,อุดรธานี,36.0
2023,Feb,บุรีรัมย์,36.0
2023,Feb,มุกดาหาร,37.0
2023,Feb,บึงกาฬ,29.0
2023,Feb,กาฬสินธุ์,51.0
2023,Feb,ชัยภูมิ,45.0
2023,Feb,ยโสธร,49.0
2023,Feb,อำนาจเจริญ,41.0
2023,Feb,สุรินทร์,45.0
2023,Feb,ศรีสะเกษ,42.0
2023,Feb,ร้อยเอ็ด,39.20553846153846
2023,Feb,มหาสารคาม,39.20553846153846
2023,Feb,หนองบัวลำภู,39.20553846153846
2023,Feb,ฉะเชิงเทรา,38.0
2023,Feb,ชลบุรี,34.333333333333336
2023,Feb,ตราด,31.0
2023,Feb,ระยอง,34.4
2023,Feb,สระแก้ว,38.0
2023,Feb,ปราจีนบุรี,43.0
2023,Feb,จันทบุรี,27.0
2023,Feb,นครนายก,30.0
2023,Feb,กาญจนบุรี,31.0
2023,Feb,ราชบุรี,52.0
2023,Feb,สุพรรณบุรี,36.333333333333336
2023,Feb,ประจวบคีรีขันธ์,35.0
2023,Feb,เพชรบุรี,39.20553846153846
2023,Feb,นราธิวาส,20.0
2023,Feb,นครศรีธรรมราช,20.0
2023,Feb,ภูเก็ต,19.0
2023,Feb,ยะลา,17.5
2023,Feb,สงขลา,16.0
2023,Feb,สุราษฎร์ธานี,20.0
2023,Feb,สตูล,20.0
2023,Feb,ตรัง,17.0
2023,Feb,ชุมพร,39.20553846153846
2023,Feb,กระบี่,39.20553846153846
2023,Feb,พัทลุง,39.20553846153846
2023,Feb,ปัตตานี,39.20553846153846
2023,Feb,ระนอง,39.20553846153846
2023,Feb,พังงา,39.20553846153846
2023,Mar,กรุงเทพมหานคร,39.333333333333336
2023,Mar,นนทบุรี,41.5
2023,Mar,ปทุมธานี,42.0
2023,Mar,สมุทรปราการ,34.75
2023,Mar,สมุทรสาคร,40.0
2023,Mar,นครปฐม,39.0
2023,Mar,พระนครศรีอยุธยา,40.0
2023,Mar,สระบุรี,45.0
2023,Mar,ลพบุรี,47.0
2023,Mar,สิงห์บุรี,38.0
2023,Mar,อ่างทอง,41.57794871794872
2023,Mar,ชัยนาท,41.57794871794872
2023,Mar,สมุทรสงคราม,35.0
2023,Mar,นครสวรรค์,51.0
2023,Mar,อุทัยธานี,58.0
2023,Mar,เชียงราย,139.5
2023,Mar,เชียงใหม่,84.0
2023,Mar,น่าน,109.5
2023,Mar,พะเยา,93.0
2023,Mar,พิษณุโลก,85.0
2023,Mar,แพร่,78.0
2023,Mar,แม่ฮ่องสอน,146.0
2023,Mar,ลำปาง,71.25
2023,Mar,ลำพูน,80.0
2023,Mar,ตาก,79.0
2023,Mar,อุตรดิตถ์,69.0
2023,Mar,สุโขทัย,96.0
2023,Mar,พิจิตร,58.0
2023,Mar,เพชรบูรณ์,62.0
2023,Mar,กำแพงเพชร,70.0
2023,Mar,ขอนแก่น,50.0
2023,Mar,นครราชสีมา,48.0
2023,Mar,นครพนม,87.0
2023,Mar,เลย,81.0
2023,Mar,หนองคาย,70.0
2023,Mar,อุบลราชธานี,55.0
2023,Mar,สกลนคร,39.0
2023,Mar,อุดรธานี,49.0
2023,Mar,บุรีรัมย์,46.0
2023,Mar,มุกดาหาร,46.0
2023,Mar,บึงกาฬ,37.0
2023,Mar,กาฬสินธุ์,55.0
2023,Mar,ชัยภูมิ,36.0
2023,Mar,ยโสธร,48.0
2023,Mar,อำนาจเจริญ,41.0
2023,Mar,สุรินทร์,37.0
2023,Mar,ศรีสะเกษ,41.0
2023,Mar,ร้อยเอ็ด,41.57794871794872
2023,Mar,มหาสารคาม,41.57794871794872
2023,Mar,หนองบัวลำภู,41.57794871794872
2023,Mar,ฉะเชิงเทรา,38.0
2023,Mar,ชลบุรี,33.666666666666664
2023,Mar,ตราด,31.0
2023,Mar,ระยอง,33.2
2023,Mar,สระแก้ว,41.0
2023,Mar,ปราจีนบุรี,44.0
2023,Mar,จันทบุรี,29.0
2023,Mar,นครนายก,28.0
2023,Mar,กาญจนบุรี,42.0
2023,Mar,ราชบุรี,50.0
2023,Mar,สุพรรณบุรี,45.0
2023,Mar,ประจวบคีรีขันธ์,35.0
2023,Mar,เพชรบุรี,41.57794871794872
2023,Mar,นราธิวาส,21.0
2023,Mar,นครศรีธรรมราช,18.0
2023,Mar,ภูเก็ต,21.0
2023,Mar,ยะลา,19.0
2023,Mar,สงขลา,20.0
2023,Mar,สุราษฎร์ธานี,23.0
2023,Mar,สตูล,15.0
2023,Mar,ตรัง,16.0
2023,Mar,ชุมพร,41.57794871794872
2023,Mar,กระบี่,41.57794871794872
2023,Mar,พัทลุง,41.57794871794872
2023,Mar,ปัตตานี,41.57794871794872
2023,Mar,ระนอง,41.57794871794872
2023,Mar,พังงา,41.57794871794872
2023,Apr,กรุงเทพมหานคร,38.66666666666666
2023,Apr,นนทบุรี,34.0
2023,Apr,ปทุมธานี,36.0
2023,Apr,สมุทรปราการ,37.5
2023,Apr,สมุทรสาคร,35.5
2023,Apr,นครปฐม,36.0
2023,Apr,พระนครศรีอยุธยา,43.0
2023,Apr,สระบุรี,40.5
2023,Apr,ลพบุรี,50.0
2023,Apr,สิงห์บุรี,41.0
2023,Apr,อ่างทอง,38.42352662721893
2023,Apr,ชัยนาท,38.42352662721893
2023,Apr,สมุทรสงคราม,30.0
2023,Apr,นครสวรรค์,53.0
2023,Apr,อุทัยธานี,62.0
2023,Apr,เชียงราย,145.0
2023,Apr,เชียงใหม่,105.5
2023,Apr,น่าน,118.5
2023,Apr,พะเยา,102.0
2023,Apr,พิษณุโลก,77.0
2023,Apr,แพร่,72.0
2023,Apr,แม่ฮ่องสอน,106.0
2023,Apr,ลำปาง,79.5
2023,Apr,ลำพูน,80.0
2023,Apr,ตาก,52.0
2023,Apr,อุตรดิตถ์,64.0
2023,Apr,สุโขทัย,63.0
2023,Apr,พิจิตร,56.0
2023,Apr,เพชรบูรณ์,52.0
2023,Apr,กำแพงเพชร,64.0
2023,Apr,ขอนแก่น,41.0
2023,Apr,นครราชสีมา,39.0
2023,Apr,นครพนม,49.0
2023,Apr,เลย,75.0
2023,Apr,หนองคาย,77.0
2023,Apr,อุบลราชธานี,51.0
2023,Apr,สกลนคร,37.0
2023,Apr,อุดรธานี,48.0
2023,Apr,บุรีรัมย์,31.0
2023,Apr,มุกดาหาร,43.0
2023,Apr,บึงกาฬ,58.0
2023,Apr,กาฬสินธุ์,65.0
2023,Apr,ชัยภูมิ,41.0
2023,Apr,ยโสธร,50.0
2023,Apr,อำนาจเจริญ,50.0
2023,Apr,สุรินทร์,31.0
2023,Apr,ศรีสะเกษ,36.0
2023,Apr,ร้อยเอ็ด,38.42352662721893
2023,Apr,มหาสารคาม,38.42352662721893
2023,Apr,หนองบัวลำภู,38.42352662721893
2023,Apr,ฉะเชิงเทรา,33.0
2023,Apr,ชลบุรี,32.0
2023,Apr,ตราด,23.0
2023,Apr,ระยอง,33.4
2023,Apr,สระแก้ว,25.0
2023,Apr,ปราจีนบุรี,39.0
2023,Apr,จันทบุรี,28.0
2023,Apr,นครนายก,29.0
2023,Apr,กาญจนบุรี,36.0
2023,Apr,ราชบุรี,44.0
2023,Apr,สุพรรณบุรี,54.0
2023,Apr,ประจวบคีรีขันธ์,38.0
2023,Apr,เพชรบุรี,38.42352662721893
2023,Apr,นราธิวาส,22.0
2023,Apr,นครศรีธรรมราช,20.0
2023,Apr,ภูเก็ต,23.0
2023,Apr,ยะลา,21.0
2023,Apr,สงขลา,26.0
2023,Apr,สุราษฎร์ธานี,26.0
2023,Apr,สตูล,20.0
2023,Apr,ตรัง,22.0
2023,Apr,ชุมพร,38.42352662721893
2023,Apr,กระบี่,38.42352662721893
2023,Apr,พัทลุง,38.42352662721893
2023,Apr,ปัตตานี,38.42352662721893
2023,Apr,ระนอง,38.42352662721893
2023,Apr,พังงา,38.42352662721893
2023,May,กรุงเทพมหานคร,24.08333333333333
2023,May,นนทบุรี,20.0
2023,May,ปทุมธานี,24.0
2023,May,สมุทรปราการ,23.25
2023,May,สมุทรสาคร,22.0
2023,May,นครปฐม,19.0
2023,May,พระนครศรีอยุธยา,23.0
2023,May,สระบุรี,28.0
2023,May,ลพบุรี,26.0
2023,May,สิงห์บุรี,23.0
2023,May,อ่างทอง,19.42876923076923
2023,May,ชัยนาท,19.42876923076923
2023,May,สมุทรสงคราม,12.0
2023,May,นครสวรรค์,23.0
2023,May,อุทัยธานี,27.0
2023,May,เชียงราย,29.0
2023,May,เชียงใหม่,28.5
2023,May,น่าน,32.0
2023,May,พะเยา,31.0
2023,May,พิษณุโลก,32.0
2023,May,แพร่,30.0
2023,May,แม่ฮ่องสอน,18.0
2023,May,ลำปาง,27.0
2023,May,ลำพูน,24.0
2023,May,ตาก,24.0
2023,May,อุตรดิตถ์,32.0
2023,May,สุโขทัย,24.0
2023,May,พิจิตร,23.0
2023,May,เพชรบูรณ์,28.0
2023,May,กำแพงเพชร,23.0
2023,May,ขอนแก่น,24.0
2023,May,นครราชสีมา,28.0
2023,May,นครพนม,29.0
2023,May,เลย,26.0
2023,May,หนองคาย,33.0
2023,May,อุบลราชธานี,33.0
2023,May,สกลนคร,22.0
2023,May,อุดรธานี,27.0
2023,May,บุรีรัมย์,20.0
2023,May,มุกดาหาร,30.0
2023,May,บึงกาฬ,24.0
2023,May,กาฬสินธุ์,29.0
2023,May,ชัยภูมิ,18.0
2023,May,ยโสธร,22.0
2023,May,อำนาจเจริญ,25.0
2023,May,สุรินทร์,17.0
2023,May,ศรีสะเกษ,23.0
2023,May,ร้อยเอ็ด,19.42876923076923
2023,May,มหาสารคาม,19.42876923076923
2023,May,หนองบัวลำภู,19.42876923076923
2023,May,ฉะเชิงเทรา,23.0
2023,May,ชลบุรี,21.0
2023,May,ตราด,16.0
2023,May,ระยอง,23.2
2023,May,สระแก้ว,17.0
2023,May,ปราจีนบุรี,29.0
2023,May,จันทบุรี,19.0
2023,May,นครนายก,19.0
2023,May,กาญจนบุรี,18.0
2023,May,ราชบุรี,22.0
2023,May,สุพรรณบุรี,27.0
2023,May,ประจวบคีรีขันธ์,18.0
2023,May,เพชรบุรี,19.42876923076923
2023,May,นราธิวาส,13.0
2023,May,นครศรีธรรมราช,12.0
2023,May,ภูเก็ต,11.0
2023,May,ยะลา,17.0
2023,May,สงขลา,15.0
2023,May,สุราษฎร์ธานี,14.0
2023,May,สตูล,10.0
2023,May,ตรัง,11.0
2023,May,ชุมพร,19.42876923076923
2023,May,กระบี่,19.42876923076923
2023,May,พัทลุง,19.42876923076923
2023,May,ปัตตานี,19.42876923076923
2023,May,ระนอง,19.42876923076923
2023,May,พังงา,19.42876923076923
2023,Jun,กรุงเทพมหานคร,15.25
2023,Jun,นนทบุรี,11.5
2023,Jun,ปทุมธานี,14.0
2023,Jun,สมุทรปราการ,15.75
2023,Jun,สมุทรสาคร,15.5
2023,Jun,นครปฐม,13.0
2023,Jun,พระนครศรีอยุธยา,12.0
2023,Jun,สระบุรี,16.5
2023,Jun,ลพบุรี,14.0
2023,Jun,สิงห์บุรี,11.0
2023,Jun,อ่างทอง,11.659692307692309
2023,Jun,ชัยนาท,11.659692307692309
2023,Jun,สมุทรสงคราม,11.0
2023,Jun,นครสวรรค์,11.0
2023,Jun,อุทัยธานี,14.0
2023,Jun,เชียงราย,13.5
2023,Jun,เชียงใหม่,13.5
2023,Jun,น่าน,13.0
2023,Jun,พะเยา,13.0
2023,Jun,พิษณุโลก,12.0
2023,Jun,แพร่,13.0
2023,Jun,แม่ฮ่องสอน,7.0
2023,Jun,ลำปาง,11.75
2023,Jun,ลำพูน,9.0
2023,Jun,ตาก,11.0
2023,Jun,อุตรดิตถ์,13.0
2023,Jun,สุโขทัย,9.0
2023,Jun,พิจิตร,10.0
2023,Jun,เพชรบูรณ์,14.0
2023,Jun,กำแพงเพชร,9.0
2023,Jun,ขอนแก่น,12.0
2023,Jun,นครราชสีมา,18.0
2023,Jun,นครพนม,14.0
2023,Jun,เลย,12.0
2023,Jun,หนองคาย,15.0
2023,Jun,อุบลราชธานี,13.0
2023,Jun,สกลนคร,10.0
2023,Jun,อุดรธานี,14.0
2023,Jun,บุรีรัมย์,10.0
2023,Jun,มุกดาหาร,17.0
2023,Jun,บึงกาฬ,11.0
2023,Jun,กาฬสินธุ์,17.0
2023,Jun,ชัยภูมิ,11.0
2023,Jun,ยโสธร,15.0
2023,Jun,อำนาจเจริญ,11.0
2023,Jun,สุรินทร์,8.0
2023,Jun,ศรีสะเกษ,8.0
2023,Jun,ร้อยเอ็ด,11.659692307692309
2023,Jun,มหาสารคาม,11.659692307692309
2023,Jun,หนองบัวลำภู,11.659692307692309
2023,Jun,ฉะเชิงเทรา,13.0
2023,Jun,ชลบุรี,10.666666666666666
2023,Jun,ตราด,9.0
2023,Jun,ระยอง,12.6
2023,Jun,สระแก้ว,9.0
2023,Jun,ปราจีนบุรี,18.0
2023,Jun,จันทบุรี,10.0
2023,Jun,นครนายก,12.0
2023,Jun,กาญจนบุรี,18.0
2023,Jun,ราชบุรี,16.0
2023,Jun,สุพรรณบุรี,8.0
2023,Jun,ประจวบคีรีขันธ์,12.0
2023,Jun,เพชรบุรี,11.659692307692309
2023,Jun,นราธิวาส,14.0
2023,Jun,นครศรีธรรมราช,12.0
2023,Jun,ภูเก็ต,10.0
2023,Jun,ยะลา,15.0
2023,Jun,สงขลา,18.0
2023,Jun,สุราษฎร์ธานี,11.0
2023,Jun,สตูล,16.0
2023,Jun,ตรัง,11.0
2023,Jun,ชุมพร,11.659692307692309
2023,Jun,กระบี่,11.659692307692309
2023,Jun,พัทลุง,11.659692307692309
2023,Jun,ปัตตานี,11.659692307692309
2023,Jun,ระนอง,11.659692307692309
2023,Jun,พังงา,11.659692307692309
2023,Jul,กรุงเทพมหานคร,14.75
2023,Jul,นนทบุรี,10.0
2023,Jul,ปทุมธานี,13.0
2023,Jul,สมุทรปราการ,16.5
2023,Jul,สมุทรสาคร,15.5
2023,Jul,นครปฐม,11.0
2023,Jul,พระนครศรีอยุธยา,11.0
2023,Jul,สระบุรี,16.5
2023,Jul,ลพบุรี,13.0
2023,Jul,สิงห์บุรี,12.0
2023,Jul,อ่างทอง,10.675179487179488
2023,Jul,ชัยนาท,10.675179487179488
2023,Jul,สมุทรสงคราม,11.0
2023,Jul,นครสวรรค์,10.0
2023,Jul,อุทัยธานี,13.0
2023,Jul,เชียงราย,10.5
2023,Jul,เชียงใหม่,10.0
2023,Jul,น่าน,11.0
2023,Jul,พะเยา,10.0
2023,Jul,พิษณุโลก,10.0
2023,Jul,แพร่,11.0
2023,Jul,แม่ฮ่องสอน,4.0
2023,Jul,ลำปาง,9.0
2023,Jul,ลำพูน,6.0
2023,Jul,ตาก,10.0
2023,Jul,อุตรดิตถ์,10.0
2023,Jul,สุโขทัย,8.0
2023,Jul,พิจิตร,10.0
2023,Jul,เพชรบูรณ์,13.0
2023,Jul,กำแพงเพชร,7.0
2023,Jul,ขอนแก่น,9.0
2023,Jul,นครราชสีมา,17.0
2023,Jul,นครพนม,10.0
2023,Jul,เลย,9.0
2023,Jul,หนองคาย,11.0
2023,Jul,อุบลราชธานี,11.0
2023,Jul,สกลนคร,7.0
2023,Jul,อุดรธานี,11.0
2023,Jul,บุรีรัมย์,8.0
2023,Jul,มุกดาหาร,15.0
2023,Jul,บึงกาฬ,9.0
2023,Jul,กาฬสินธุ์,16.0
2023,Jul,ชัยภูมิ,9.0
2023,Jul,ยโสธร,9.0
2023,Jul,อำนาจเจริญ,7.0
2023,Jul,สุรินทร์,7.0
2023,Jul,ศรีสะเกษ,7.0
2023,Jul,ร้อยเอ็ด,10.675179487179488
2023,Jul,มหาสารคาม,10.675179487179488
2023,Jul,หนองบัวลำภู,10.675179487179488
2023,Jul,ฉะเชิงเทรา,12.0
2023,Jul,ชลบุรี,10.0
2023,Jul,ตราด,8.0
2023,Jul,ระยอง,11.8
2023,Jul,สระแก้ว,9.0
2023,Jul,ปราจีนบุรี,18.0
2023,Jul,จันทบุรี,9.0
2023,Jul,นครนายก,12.0
2023,Jul,กาญจนบุรี,17.0
2023,Jul,ราชบุรี,16.0
2023,Jul,สุพรรณบุรี,7.0
2023,Jul,ประจวบคีรีขันธ์,10.0
2023,Jul,เพชรบุรี,10.675179487179488
2023,Jul,นราธิวาส,16.0
2023,Jul,นครศรีธรรมราช,11.0
2023,Jul,ภูเก็ต,11.0
2023,Jul,ยะลา,14.0
2023,Jul,สงขลา,15.0
2023,Jul,สุราษฎร์ธานี,11.0
2023,Jul,สตูล,14.0
2023,Jul,ตรัง,12.0
2023,Jul,ชุมพร,10.675179487179488
2023,Jul,กระบี่,10.675179487179488
2023,Jul,พัทลุง,10.675179487179488
2023,Jul,ปัตตานี,10.675179487179488
2023,Jul,ระนอง,10.675179487179488
2023,Jul,พังงา,10.675179487179488
2023,Aug,กรุงเทพมหานคร,16.083333333333332
2023,Aug,นนทบุรี,13.0
2023,Aug,ปทุมธานี,15.0
2023,Aug,สมุทรปราการ,18.0
2023,Aug,สมุทรสาคร,18.5
2023,Aug,นครปฐม,13.0
2023,Aug,พระนครศรีอยุธยา,15.0
2023,Aug,สระบุรี,21.0
2023,Aug,ลพบุรี,20.0
2023,Aug,สิงห์บุรี,13.0
2023,Aug,อ่างทอง,11.643538461538462
2023,Aug,ชัยนาท,11.643538461538462
2023,Aug,สมุทรสงคราม,13.0
2023,Aug,นครสวรรค์,14.0
2023,Aug,อุทัยธานี,16.0
2023,Aug,เชียงราย,11.0
2023,Aug,เชียงใหม่,16.0
2023,Aug,น่าน,13.5
2023,Aug,พะเยา,12.0
2023,Aug,พิษณุโลก,16.0
2023,Aug,แพร่,15.0
2023,Aug,แม่ฮ่องสอน,7.0
2023,Aug,ลำปาง,11.75
2023,Aug,ลำพูน,11.0
2023,Aug,ตาก,12.0
2023,Aug,อุตรดิตถ์,15.0
2023,Aug,สุโขทัย,15.0
2023,Aug,พิจิตร,15.0
2023,Aug,เพชรบูรณ์,16.0
2023,Aug,กำแพงเพชร,11.0
2023,Aug,ขอนแก่น,13.0
2023,Aug,นครราชสีมา,19.0
2023,Aug,นครพนม,16.0
2023,Aug,เลย,15.0
2023,Aug,หนองคาย,16.0
2023,Aug,อุบลราชธานี,14.0
2023,Aug,สกลนคร,11.0
2023,Aug,อุดรธานี,16.0
2023,Aug,บุรีรัมย์,11.0
2023,Aug,มุกดาหาร,19.0
2023,Aug,บึงกาฬ,9.0
2023,Aug,กาฬสินธุ์,18.0
2023,Aug,ชัยภูมิ,11.0
2023,Aug,ยโสธร,13.0
2023,Aug,อำนาจเจริญ,15.0
2023,Aug,สุรินทร์,7.0
2023,Aug,ศรีสะเกษ,8.0
2023,Aug,ร้อยเอ็ด,11.643538461538462
2023,Aug,มหาสารคาม,11.643538461538462
2023,Aug,หนองบัวลำภู,11.643538461538462
2023,Aug,ฉะเชิงเทรา,14.0
2023,Aug,ชลบุรี,11.0
2023,Aug,ตราด,9.0
2023,Aug,ระยอง,11.0
2023,Aug,สระแก้ว,9.0
2023,Aug,ปราจีนบุรี,20.0
2023,Aug,จันทบุรี,10.0
2023,Aug,นครนายก,12.0
2023,Aug,กาญจนบุรี,18.0
2023,Aug,ราชบุรี,17.0
2023,Aug,สุพรรณบุรี,11.0
2023,Aug,ประจวบคีรีขันธ์,11.0
2023,Aug,เพชรบุรี,11.643538461538462
2023,Aug,นราธิวาส,13.0
2023,Aug,นครศรีธรรมราช,12.0
2023,Aug,ภูเก็ต,12.0
2023,Aug,ยะลา,13.0
2023,Aug,สงขลา,15.0
2023,Aug,สุราษฎร์ธานี,10.0
2023,Aug,สตูล,10.0
2023,Aug,ตรัง,9.0
2023,Aug,ชุมพร,11.643538461538462
2023,Aug,กระบี่,11.643538461538462
2023,Aug,พัทลุง,11.643538461538462
2023,Aug,ปัตตานี,11.643538461538462
2023,Aug,ระนอง,11.643538461538462
2023,Aug,พังงา,11.643538461538462
2023,Sep,กรุงเทพมหานคร,15.25
2023,Sep,นนทบุรี,10.0
2023,Sep,ปทุมธานี,13.0
2023,Sep,สมุทรปราการ,15.5
2023,Sep,สมุทรสาคร,16.0
2023,Sep,นครปฐม,12.0
2023,Sep,พระนครศรีอยุธยา,14.0
2023,Sep,สระบุรี,18.5
2023,Sep,ลพบุรี,15.0
2023,Sep,สิงห์บุรี,16.0
2023,Sep,อ่างทอง,11.182065268065267
2023,Sep,ชัยนาท,11.182065268065267
2023,Sep,สมุทรสงคราม,9.0
2023,Sep,นครสวรรค์,10.0
2023,Sep,อุทัยธานี,13.0
2023,Sep,เชียงราย,10.0
2023,Sep,เชียงใหม่,10.5
2023,Sep,น่าน,10.5
2023,Sep,พะเยา,9.0
2023,Sep,พิษณุโลก,8.0
2023,Sep,แพร่,10.0
2023,Sep,แม่ฮ่องสอน,5.0
2023,Sep,ลำปาง,9.25
2023,Sep,ลำพูน,7.0
2023,Sep,ตาก,9.0
2023,Sep,อุตรดิตถ์,10.0
2023,Sep,สุโขทัย,8.0
2023,Sep,พิจิตร,8.0
2023,Sep,เพชรบูรณ์,10.0
2023,Sep,กำแพงเพชร,7.0
2023,Sep,ขอนแก่น,8.0
2023,Sep,นครราชสีมา,14.0
2023,Sep,นครพนม,10.0
2023,Sep,เลย,6.0
2023,Sep,หนองคาย,11.0
2023,Sep,อุบลราชธานี,10.0
2023,Sep,สกลนคร,7.0
2023,Sep,อุดรธานี,12.0
2023,Sep,บุรีรัมย์,7.0
2023,Sep,มุกดาหาร,13.0
2023,Sep,บึงกาฬ,10.0
2023,Sep,กาฬสินธุ์,15.0
2023,Sep,ชัยภูมิ,16.0
2023,Sep,ยโสธร,15.0
2023,Sep,อำนาจเจริญ,13.0
2023,Sep,สุรินทร์,8.0
2023,Sep,ศรีสะเกษ,7.0
2023,Sep,ร้อยเอ็ด,11.182065268065267
2023,Sep,มหาสารคาม,11.182065268065267
2023,Sep,หนองบัวลำภู,11.182065268065267
2023,Sep,ฉะเชิงเทรา,13.0
2023,Sep,ชลบุรี,9.0
2023,Sep,ตราด,6.0
2023,Sep,ระยอง,11.4
2023,Sep,สระแก้ว,7.0
2023,Sep,ปราจีนบุรี,16.0
2023,Sep,จันทบุรี,7.0
2023,Sep,นครนายก,13.0
2023,Sep,กาญจนบุรี,17.0
2023,Sep,ราชบุรี,11.0
2023,Sep,สุพรรณบุรี,9.0
2023,Sep,ประจวบคีรีขันธ์,9.0
2023,Sep,เพชรบุรี,11.182065268065267
2023,Sep,นราธิวาส,14.0
2023,Sep,นครศรีธรรมราช,13.0
2023,Sep,ภูเก็ต,15.0
2023,Sep,ยะลา,15.0
2023,Sep,สงขลา,18.0
2023,Sep,สุราษฎร์ธานี,11.0
2023,Sep,สตูล,15.0
2023,Sep,ตรัง,11.0
2023,Sep,ชุมพร,11.182065268065267
2023,Sep,กระบี่,11.182065268065267
2023,Sep,พัทลุง,11.182065268065267
2023,Sep,ปัตตานี,11.182065268065267
2023,Sep,ระนอง,11.182065268065267
2023,Sep,พังงา,11.182065268065267
2023,Oct,กรุงเทพมหานคร,21.166666666666668
2023,Oct,นนทบุรี,19.0
2023,Oct,ปทุมธานี,19.0
2023,Oct,สมุทรปราการ,22.25
2023,Oct,สมุทรสาคร,24.0
2023,Oct,นครปฐม,18.0
2023,Oct,พระนครศรีอยุธยา,17.0
2023,Oct,สระบุรี,22.5
2023,Oct,ลพบุรี,19.0
2023,Oct,สิงห์บุรี,13.0
2023,Oct,อ่างทอง,15.50441958041958
2023,Oct,ชัยนาท,15.50441958041958
2023,Oct,สมุทรสงคราม,19.0
2023,Oct,นครสวรรค์,12.0
2023,Oct,อุทัยธานี,16.0
2023,Oct,เชียงราย,11.5
2023,Oct,เชียงใหม่,12.0
2023,Oct,น่าน,11.5
2023,Oct,พะเยา,11.0
2023,Oct,พิษณุโลก,10.0
2023,Oct,แพร่,13.0
2023,Oct,แม่ฮ่องสอน,5.0
2023,Oct,ลำปาง,11.5
2023,Oct,ลำพูน,10.0
2023,Oct,ตาก,12.0
2023,Oct,อุตรดิตถ์,11.0
2023,Oct,สุโขทัย,9.0
2023,Oct,พิจิตร,9.0
2023,Oct,เพชรบูรณ์,13.0
2023,Oct,กำแพงเพชร,9.0
2023,Oct,ขอนแก่น,13.0
2023,Oct,นครราชสีมา,18.0
2023,Oct,นครพนม,16.0
2023,Oct,เลย,8.0
2023,Oct,หนองคาย,19.0
2023,Oct,อุบลราชธานี,15.0
2023,Oct,สกลนคร,12.0
2023,Oct,อุดรธานี,16.0
2023,Oct,บุรีรัมย์,11.0
2023,Oct,มุกดาหาร,18.0
2023,Oct,บึงกาฬ,8.0
2023,Oct,กาฬสินธุ์,25.0
2023,Oct,ชัยภูมิ,21.0
2023,Oct,ยโสธร,12.0
2023,Oct,อำนาจเจริญ,20.0
2023,Oct,สุรินทร์,15.0
2023,Oct,ศรีสะเกษ,14.0
2023,Oct,ร้อยเอ็ด,15.50441958041958
2023,Oct,มหาสารคาม,15.50441958041958
2023,Oct,หนองบัวลำภู,15.50441958041958
2023,Oct,ฉะเชิงเทรา,22.0
2023,Oct,ชลบุรี,14.0
2023,Oct,ตราด,9.0
2023,Oct,ระยอง,16.2
2023,Oct,สระแก้ว,9.0
2023,Oct,ปราจีนบุรี,19.0
2023,Oct,จันทบุรี,11.0
2023,Oct,นครนายก,14.0
2023,Oct,กาญจนบุรี,19.0
2023,Oct,ราชบุรี,17.0
2023,Oct,สุพรรณบุรี,12.0
2023,Oct,ประจวบคีรีขันธ์,15.0
2023,Oct,เพชรบุรี,15.50441958041958
2023,Oct,นราธิวาส,13.0
2023,Oct,นครศรีธรรมราช,11.0
2023,Oct,ภูเก็ต,14.0
2023,Oct,ยะลา,14.5
2023,Oct,สงขลา,15.0
2023,Oct,สุราษฎร์ธานี,11.0
2023,Oct,สตูล,13.0
2023,Oct,ตรัง,9.0
2023,Oct,ชุมพร,15.50441958041958
2023,Oct,กระบี่,15.50441958041958
2023,Oct,พัทลุง,15.50441958041958
2023,Oct,ปัตตานี,15.50441958041958
2023,Oct,ระนอง,15.50441958041958
2023,Oct,พังงา,15.50441958041958
2023,Nov,กรุงเทพมหานคร,26.33333333333333
2023,Nov,นนทบุรี,27.5
2023,Nov,ปทุมธานี,25.0
2023,Nov,สมุทรปราการ,28.0
2023,Nov,สมุทรสาคร,36.5
2023,Nov,นครปฐม,27.0
2023,Nov,พระนครศรีอยุธยา,22.0
2023,Nov,สระบุรี,23.5
2023,Nov,ลพบุรี,23.0
2023,Nov,สิงห์บุรี,24.0
2023,Nov,อ่างทอง,19.794564102564102
2023,Nov,ชัยนาท,19.794564102564102
2023,Nov,สมุทรสงคราม,24.0
2023,Nov,นครสวรรค์,22.0
2023,Nov,อุทัยธานี,27.0
2023,Nov,เชียงราย,21.0
2023,Nov,เชียงใหม่,18.5
2023,Nov,น่าน,19.5
2023,Nov,พะเยา,19.0
2023,Nov,พิษณุโลก,31.0
2023,Nov,แพร่,21.0
2023,Nov,แม่ฮ่องสอน,9.0
2023,Nov,ลำปาง,17.25
2023,Nov,ลำพูน,18.0
2023,Nov,ตาก,20.0
2023,Nov,อุตรดิตถ์,21.0
2023,Nov,สุโขทัย,25.0
2023,Nov,พิจิตร,24.0
2023,Nov,เพชรบูรณ์,23.0
2023,Nov,กำแพงเพชร,18.0
2023,Nov,ขอนแก่น,20.0
2023,Nov,นครราชสีมา,25.0
2023,Nov,นครพนม,19.0
2023,Nov,เลย,20.0
2023,Nov,หนองคาย,27.0
2023,Nov,อุบลราชธานี,17.0
2023,Nov,สกลนคร,15.0
2023,Nov,อุดรธานี,20.0
2023,Nov,บุรีรัมย์,15.0
2023,Nov,มุกดาหาร,20.0
2023,Nov,บึงกาฬ,13.0
2023,Nov,กาฬสินธุ์,30.0
2023,Nov,ชัยภูมิ,23.0
2023,Nov,ยโสธร,20.0
2023,Nov,อำนาจเจริญ,16.0
2023,Nov,สุรินทร์,18.0
2023,Nov,ศรีสะเกษ,11.0
2023,Nov,ร้อยเอ็ด,19.794564102564102
2023,Nov,มหาสารคาม,19.794564102564102
2023,Nov,หนองบัวลำภู,19.794564102564102
2023,Nov,ฉะเชิงเทรา,19.0
2023,Nov,ชลบุรี,16.0
2023,Nov,ตราด,15.0
2023,Nov,ระยอง,19.0
2023,Nov,สระแก้ว,14.0
2023,Nov,ปราจีนบุรี,22.0
2023,Nov,จันทบุรี,13.0
2023,Nov,นครนายก,14.0
2023,Nov,กาญจนบุรี,24.0
2023,Nov,ราชบุรี,28.0
2023,Nov,สุพรรณบุรี,25.0
2023,Nov,ประจวบคีรีขันธ์,22.0
2023,Nov,เพชรบุรี,19.794564102564102
2023,Nov,นราธิวาส,11.0
2023,Nov,นครศรีธรรมราช,11.0
2023,Nov,ภูเก็ต,15.0
2023,Nov,ยะลา,12.0
2023,Nov,สงขลา,12.0
2023,Nov,สุราษฎร์ธานี,11.0
2023,Nov,สตูล,12.0
2023,Nov,ตรัง,8.0
2023,Nov,ชุมพร,19.794564102564102
2023,Nov,กระบี่,19.794564102564102
2023,Nov,พัทลุง,19.794564102564102
2023,Nov,ปัตตานี,19.794564102564102
2023,Nov,ระนอง,19.794564102564102
2023,Nov,พังงา,19.794564102564102
2023,Dec,กรุงเทพมหานคร,31.08333333333333
2023,Dec,นนทบุรี,35.5
2023,Dec,ปทุมธานี,31.0
2023,Dec,สมุทรปราการ,33.75
2023,Dec,สมุทรสาคร,43.5
2023,Dec,นครปฐม,35.0
2023,Dec,พระนครศรีอยุธยา,31.0
2023,Dec,สระบุรี,27.0
2023,Dec,ลพบุรี,30.0
2023,Dec,สิงห์บุรี,35.0
2023,Dec,อ่างทอง,25.621179487179486
2023,Dec,ชัยนาท,25.621179487179486
2023,Dec,สมุทรสงคราม,32.0
2023,Dec,นครสวรรค์,31.0
2023,Dec,อุทัยธานี,37.0
2023,Dec,เชียงราย,26.5
2023,Dec,เชียงใหม่,23.0
2023,Dec,น่าน,25.0
2023,Dec,พะเยา,26.0
2023,Dec,พิษณุโลก,45.0
2023,Dec,แพร่,26.0
2023,Dec,แม่ฮ่องสอน,14.0
2023,Dec,ลำปาง,23.0
2023,Dec,ลำพูน,25.0
2023,Dec,ตาก,31.0
2023,Dec,อุตรดิตถ์,27.0
2023,Dec,สุโขทัย,38.0
2023,Dec,พิจิตร,34.0
2023,Dec,เพชรบูรณ์,24.0
2023,Dec,กำแพงเพชร,26.0
2023,Dec,ขอนแก่น,25.0
2023,Dec,นครราชสีมา,28.0
2023,Dec,นครพนม,24.0
2023,Dec,เลย,25.0
2023,Dec,หนองคาย,45.0
2023,Dec,อุบลราชธานี,20.0
2023,Dec,สกลนคร,15.0
2023,Dec,อุดรธานี,21.0
2023,Dec,บุรีรัมย์,17.0
2023,Dec,มุกดาหาร,19.0
2023,Dec,บึงกาฬ,16.0
2023,Dec,กาฬสินธุ์,35.0
2023,Dec,ชัยภูมิ,25.0
2023,Dec,ยโสธร,22.0
2023,Dec,อำนาจเจริญ,17.0
2023,Dec,สุรินทร์,18.0
2023,Dec,ศรีสะเกษ,13.0
2023,Dec,ร้อยเอ็ด,25.621179487179486
2023,Dec,มหาสารคาม,25.621179487179486
2023,Dec,หนองบัวลำภู,25.621179487179486
2023,Dec,ฉะเชิงเทรา,23.0
2023,Dec,ชลบุรี,21.33333333333333
2023,Dec,ตราด,13.0
2023,Dec,ระยอง,23.2
2023,Dec,สระแก้ว,18.0
2023,Dec,ปราจีนบุรี,26.0
2023,Dec,จันทบุรี,14.0
2023,Dec,นครนายก,17.0
2023,Dec,กาญจนบุรี,37.0
2023,Dec,ราชบุรี,38.0
2023,Dec,สุพรรณบุรี,32.0
2023,Dec,ประจวบคีรีขันธ์,26.0
2023,Dec,เพชรบุรี,25.621179487179486
2023,Dec,นราธิวาส,14.0
2023,Dec,นครศรีธรรมราช,14.0
2023,Dec,ภูเก็ต,22.0
2023,Dec,ยะลา,13.5
2023,Dec,สงขลา,14.0
2023,Dec,สุราษฎร์ธานี,13.0
2023,Dec,สตูล,16.0
2023,Dec,ตรัง,11.0
2023,Dec,ชุมพร,25.621179487179486
2023,Dec,กระบี่,25.621179487179486
2023,Dec,พัทลุง,25.621179487179486
2023,Dec,ปัตตานี,25.621179487179486
2023,Dec,ระนอง,25.621179487179486
2023,Dec,พังงา,25.621179487179486
2024,Jan,กรุงเทพมหานคร,39.5
2024,Jan,นนทบุรี,45.0
2024,Jan,ปทุมธานี,47.0
2024,Jan,สมุทรปราการ,41.2
2024,Jan,สมุทรสาคร,52.5
2024,Jan,นครปฐม,44.0
2024,Jan,พระนครศรีอยุธยา,40.0
2024,Jan,สระบุรี,41.5
2024,Jan,ลพบุรี,42.0
2024,Jan,สิงห์บุรี,42.0
2024,Jan,อ่างทอง,32.039337995337995
2024,Jan,ชัยนาท,32.039337995337995
2024,Jan,สมุทรสงคราม,54.0
2024,Jan,นครสวรรค์,38.0
2024,Jan,อุทัยธานี,45.0
2024,Jan,เชียงราย,28.0
2024,Jan,เชียงใหม่,25.5
2024,Jan,น่าน,29.0
2024,Jan,พะเยา,29.0
2024,Jan,พิษณุโลก,35.0
2024,Jan,แพร่,33.0
2024,Jan,แม่ฮ่องสอน,18.0
2024,Jan,ลำปาง,30.25
2024,Jan,ลำพูน,28.0
2024,Jan,ตาก,41.0
2024,Jan,อุตรดิตถ์,33.0
2024,Jan,สุโขทัย,49.0
2024,Jan,พิจิตร,34.0
2024,Jan,เพชรบูรณ์,30.0
2024,Jan,กำแพงเพชร,32.0
2024,Jan,ขอนแก่น,26.0
2024,Jan,นครราชสีมา,36.0
2024,Jan,นครพนม,18.0
2024,Jan,เลย,27.0
2024,Jan,หนองคาย,33.0
2024,Jan,อุบลราชธานี,26.0
2024,Jan,สกลนคร,13.0
2024,Jan,อุดรธานี,19.0
2024,Jan,บุรีรัมย์,24.0
2024,Jan,มุกดาหาร,23.0
2024,Jan,บึงกาฬ,14.0
2024,Jan,กาฬสินธุ์,28.0
2024,Jan,ชัยภูมิ,26.0
2024,Jan,ยโสธร,24.0
2024,Jan,อำนาจเจริญ,17.0
2024,Jan,สุรินทร์,27.0
2024,Jan,ศรีสะเกษ,20.0
2024,Jan,ร้อยเอ็ด,32.039337995337995
2024,Jan,มหาสารคาม,32.039337995337995
2024,Jan,หนองบัวลำภู,32.039337995337995
2024,Jan,ฉะเชิงเทรา,41.0
2024,Jan,ชลบุรี,35.333333333333336
2024,Jan,ตราด,30.0
2024,Jan,ระยอง,36.2
2024,Jan,สระแก้ว,43.0
2024,Jan,ปราจีนบุรี,44.0
2024,Jan,จันทบุรี,27.0
2024,Jan,นครนายก,26.0
2024,Jan,กาญจนบุรี,50.0
2024,Jan,ราชบุรี,54.0
2024,Jan,สุพรรณบุรี,41.0
2024,Jan,ประจวบคีรีขันธ์,34.0
2024,Jan,เพชรบุรี,32.039337995337995
2024,Jan,นราธิวาส,20.0
2024,Jan,นครศรีธรรมราช,19.0
2024,Jan,ภูเก็ต,27.0
2024,Jan,ยะลา,16.0
2024,Jan,สงขลา,17.0
2024,Jan,สุราษฎร์ธานี,20.0
2024,Jan,สตูล,21.0
2024,Jan,ตรัง,18.0
2024,Jan,ชุมพร,32.039337995337995
2024,Jan,กระบี่,32.039337995337995
2024,Jan,พัทลุง,32.039337995337995
2024,Jan,ปัตตานี,32.039337995337995
2024,Jan,ระนอง,32.039337995337995
2024,Jan,พังงา,32.039337995337995
2024,Feb,กรุงเทพมหานคร,30.416666666666668
2024,Feb,นนทบุรี,29.5
2024,Feb,ปทุมธานี,37.0
2024,Feb,สมุทรปราการ,29.8
2024,Feb,สมุทรสาคร,33.5
2024,Feb,นครปฐม,33.0
2024,Feb,พระนครศรีอยุธยา,36.0
2024,Feb,สระบุรี,42.0
2024,Feb,ลพบุรี,44.0
2024,Feb,สิงห์บุรี,43.0
2024,Feb,อ่างทอง,39.20553846153846
2024,Feb,ชัยนาท,39.20553846153846
2024,Feb,สมุทรสงคราม,32.0
2024,Feb,นครสวรรค์,44.0
2024,Feb,อุทัยธานี,51.0
2024,Feb,เชียงราย,39.0
2024,Feb,เชียงใหม่,34.5
2024,Feb,น่าน,46.0
2024,Feb,พะเยา,51.0
2024,Feb,พิษณุโลก,44.0
2024,Feb,แพร่,50.0
2024,Feb,แม่ฮ่องสอน,33.0
2024,Feb,ลำปาง,49.0
2024,Feb,ลำพูน,45.0
2024,Feb,ตาก,59.0
2024,Feb,อุตรดิตถ์,42.0
2024,Feb,สุโขทัย,65.0
2024,Feb,พิจิตร,42.0
2024,Feb,เพชรบูรณ์,46.0
2024,Feb,กำแพงเพชร,45.0
2024,Feb,ขอนแก่น,44.0
2024,Feb,นครราชสีมา,47.0
2024,Feb,นครพนม,44.0
2024,Feb,เลย,45.0
2024,Feb,หนองคาย,52.0
2024,Feb,อุบลราชธานี,52.0
2024,Feb,สกลนคร,30.0
2024,Feb,อุดรธานี,37.0
2024,Feb,บุรีรัมย์,40.0
2024,Feb,มุกดาหาร,52.0
2024,Feb,บึงกาฬ,29.0
2024,Feb,กาฬสินธุ์,51.0
2024,Feb,ชัยภูมิ,45.0
2024,Feb,ยโสธร,49.0
2024,Feb,อำนาจเจริญ,41.0
2024,Feb,สุรินทร์,45.0
2024,Feb,ศรีสะเกษ,42.0
2024,Feb,ร้อยเอ็ด,39.20553846153846
2024,Feb,มหาสารคาม,39.20553846153846
2024,Feb,หนองบัวลำภู,39.20553846153846
2024,Feb,ฉะเชิงเทรา,36.0
2024,Feb,ชลบุรี,23.666666666666668
2024,Feb,ตราด,32.0
2024,Feb,ระยอง,25.2
2024,Feb,สระแก้ว,37.0
2024,Feb,ปราจีนบุรี,46.0
2024,Feb,จันทบุรี,25.0
2024,Feb,นครนายก,30.0
2024,Feb,กาญจนบุรี,50.0
2024,Feb,ราชบุรี,41.0
2024,Feb,สุพรรณบุรี,36.0
2024,Feb,ประจวบคีรีขันธ์,27.0
2024,Feb,เพชรบุรี,39.20553846153846
2024,Feb,นราธิวาส,21.0
2024,Feb,นครศรีธรรมราช,19.0
2024,Feb,ภูเก็ต,29.0
2024,Feb,ยะลา,18.5
2024,Feb,สงขลา,18.0
2024,Feb,สุราษฎร์ธานี,21.0
2024,Feb,สตูล,23.0
2024,Feb,ตรัง,14.0
2024,Feb,ชุมพร,39.20553846153846
2024,Feb,กระบี่,39.20553846153846
2024,Feb,พัทลุง,39.20553846153846
2024,Feb,ปัตตานี,39.20553846153846
2024,Feb,ระนอง,39.20553846153846
2024,Feb,พังงา,39.20553846153846
2024,Mar,กรุงเทพมหานคร,25.25
2024,Mar,นนทบุรี,24.5
2024,Mar,ปทุมธานี,29.0
2024,Mar,สมุทรปราการ,25.8
2024,Mar,สมุทรสาคร,25.5
2024,Mar,นครปฐม,25.0
2024,Mar,พระนครศรีอยุธยา,29.0
2024,Mar,สระบุรี,34.5
2024,Mar,ลพบุรี,40.0
2024,Mar,สิงห์บุรี,38.0
2024,Mar,อ่างทอง,41.57794871794872
2024,Mar,ชัยนาท,41.57794871794872
2024,Mar,สมุทรสงคราม,24.0
2024,Mar,นครสวรรค์,38.0
2024,Mar,อุทัยธานี,46.0
2024,Mar,เชียงราย,83.0
2024,Mar,เชียงใหม่,72.0
2024,Mar,น่าน,74.0
2024,Mar,พะเยา,71.0
2024,Mar,พิษณุโลก,50.0
2024,Mar,แพร่,59.0
2024,Mar,แม่ฮ่องสอน,111.0
2024,Mar,ลำปาง,66.5
2024,Mar,ลำพูน,72.0
2024,Mar,ตาก,65.0
2024,Mar,อุตรดิตถ์,52.0
2024,Mar,สุโขทัย,62.0
2024,Mar,พิจิตร,40.0
2024,Mar,เพชรบูรณ์,40.0
2024,Mar,กำแพงเพชร,46.0
2024,Mar,ขอนแก่น,42.0
2024,Mar,นครราชสีมา,40.0
2024,Mar,นครพนม,57.0
2024,Mar,เลย,60.0
2024,Mar,หนองคาย,40.0
2024,Mar,อุบลราชธานี,49.0
2024,Mar,สกลนคร,36.0
2024,Mar,อุดรธานี,42.0
2024,Mar,บุรีรัมย์,32.0
2024,Mar,มุกดาหาร,54.0
2024,Mar,บึงกาฬ,37.0
2024,Mar,กาฬสินธุ์,55.0
2024,Mar,ชัยภูมิ,36.0
2024,Mar,ยโสธร,48.0
2024,Mar,อำนาจเจริญ,41.0
2024,Mar,สุรินทร์,37.0
2024,Mar,ศรีสะเกษ,41.0
2024,Mar,ร้อยเอ็ด,41.57794871794872
2024,Mar,มหาสารคาม,41.57794871794872
2024,Mar,หนองบัวลำภู,41.57794871794872
2024,Mar,ฉะเชิงเทรา,28.0
2024,Mar,ชลบุรี,20.0
2024,Mar,ตราด,28.0
2024,Mar,ระยอง,21.2
2024,Mar,สระแก้ว,27.0
2024,Mar,ปราจีนบุรี,36.0
2024,Mar,จันทบุรี,22.0
2024,Mar,นครนายก,28.0
2024,Mar,กาญจนบุรี,44.0
2024,Mar,ราชบุรี,32.0
2024,Mar,สุพรรณบุรี,33.0
2024,Mar,ประจวบคีรีขันธ์,25.0
2024,Mar,เพชรบุรี,41.57794871794872
2024,Mar,นราธิวาส,19.0
2024,Mar,นครศรีธรรมราช,18.0
2024,Mar,ภูเก็ต,27.0
2024,Mar,ยะลา,18.0
2024,Mar,สงขลา,20.0
2024,Mar,สุราษฎร์ธานี,22.0
2024,Mar,สตูล,21.0
2024,Mar,ตรัง,16.0
2024,Mar,ชุมพร,41.57794871794872
2024,Mar,กระบี่,41.57794871794872
2024,Mar,พัทลุง,41.57794871794872
2024,Mar,ปัตตานี,41.57794871794872
2024,Mar,ระนอง,41.57794871794872
2024,Mar,พังงา,41.57794871794872
2024,Apr,กรุงเทพมหานคร,25.83333333333333
2024,Apr,นนทบุรี,27.0
2024,Apr,ปทุมธานี,29.0
2024,Apr,สมุทรปราการ,25.4
2024,Apr,สมุทรสาคร,26.0
2024,Apr,นครปฐม,29.0
2024,Apr,พระนครศรีอยุธยา,31.0
2024,Apr,สระบุรี,31.0
2024,Apr,ลพบุรี,40.0
2024,Apr,สิงห์บุรี,41.0
2024,Apr,อ่างทอง,38.42352662721893
2024,Apr,ชัยนาท,38.42352662721893
2024,Apr,สมุทรสงคราม,26.0
2024,Apr,นครสวรรค์,44.0
2024,Apr,อุทัยธานี,49.0
2024,Apr,เชียงราย,78.5
2024,Apr,เชียงใหม่,83.0
2024,Apr,น่าน,79.0
2024,Apr,พะเยา,73.0
2024,Apr,พิษณุโลก,46.0
2024,Apr,แพร่,58.0
2024,Apr,แม่ฮ่องสอน,84.0
2024,Apr,ลำปาง,62.75
2024,Apr,ลำพูน,65.0
2024,Apr,ตาก,43.0
2024,Apr,อุตรดิตถ์,64.0
2024,Apr,สุโขทัย,55.0
2024,Apr,พิจิตร,49.0
2024,Apr,เพชรบูรณ์,46.0
2024,Apr,กำแพงเพชร,55.0
2024,Apr,ขอนแก่น,43.0
2024,Apr,นครราชสีมา,39.0
2024,Apr,นครพนม,81.0
2024,Apr,เลย,55.0
2024,Apr,หนองคาย,39.0
2024,Apr,อุบลราชธานี,73.0
2024,Apr,สกลนคร,45.0
2024,Apr,อุดรธานี,50.0
2024,Apr,บุรีรัมย์,28.0
2024,Apr,มุกดาหาร,60.0
2024,Apr,บึงกาฬ,58.0
2024,Apr,กาฬสินธุ์,65.0
2024,Apr,ชัยภูมิ,41.0
2024,Apr,ยโสธร,50.0
2024,Apr,อำนาจเจริญ,50.0
2024,Apr,สุรินทร์,31.0
2024,Apr,ศรีสะเกษ,36.0
2024,Apr,ร้อยเอ็ด,38.42352662721893
2024,Apr,มหาสารคาม,38.42352662721893
2024,Apr,หนองบัวลำภู,38.42352662721893
2024,Apr,ฉะเชิงเทรา,24.0
2024,Apr,ชลบุรี,16.666666666666668
2024,Apr,ตราด,19.0
2024,Apr,ระยอง,17.4
2024,Apr,สระแก้ว,19.0
2024,Apr,ปราจีนบุรี,30.0
2024,Apr,จันทบุรี,16.0
2024,Apr,นครนายก,29.0
2024,Apr,กาญจนบุรี,45.0
2024,Apr,ราชบุรี,34.0
2024,Apr,สุพรรณบุรี,36.0
2024,Apr,ประจวบคีรีขันธ์,26.0
2024,Apr,เพชรบุรี,38.42352662721893
2024,Apr,นราธิวาส,16.0
2024,Apr,นครศรีธรรมราช,14.0
2024,Apr,ภูเก็ต,25.0
2024,Apr,ยะลา,15.0
2024,Apr,สงขลา,20.0
2024,Apr,สุราษฎร์ธานี,19.0
2024,Apr,สตูล,22.0
2024,Apr,ตรัง,15.0
2024,Apr,ชุมพร,38.42352662721893
2024,Apr,กระบี่,38.42352662721893
2024,Apr,พัทลุง,38.42352662721893
2024,Apr,ปัตตานี,38.42352662721893
2024,Apr,ระนอง,38.42352662721893
2024,Apr,พังงา,38.42352662721893
2024,May,กรุงเทพมหานคร,21.33333333333333
2024,May,นนทบุรี,20.0
2024,May,ปทุมธานี,21.0
2024,May,สมุทรปราการ,21.2
2024,May,สมุทรสาคร,22.0
2024,May,นครปฐม,19.0
2024,May,พระนครศรีอยุธยา,20.0
2024,May,สระบุรี,25.0
2024,May,ลพบุรี,22.0
2024,May,สิงห์บุรี,23.0
2024,May,อ่างทอง,19.42876923076923
2024,May,ชัยนาท,19.42876923076923
2024,May,สมุทรสงคราม,17.0
2024,May,นครสวรรค์,22.0
2024,May,อุทัยธานี,25.0
2024,May,เชียงราย,39.0
2024,May,เชียงใหม่,33.0
2024,May,น่าน,38.0
2024,May,พะเยา,32.0
2024,May,พิษณุโลก,15.0
2024,May,แพร่,26.0
2024,May,แม่ฮ่องสอน,23.0
2024,May,ลำปาง,26.5
2024,May,ลำพูน,26.0
2024,May,ตาก,19.0
2024,May,อุตรดิตถ์,27.0
2024,May,สุโขทัย,23.0
2024,May,พิจิตร,20.0
2024,May,เพชรบูรณ์,22.0
2024,May,กำแพงเพชร,22.0
2024,May,ขอนแก่น,22.0
2024,May,นครราชสีมา,24.0
2024,May,นครพนม,31.0
2024,May,เลย,21.0
2024,May,หนองคาย,26.0
2024,May,อุบลราชธานี,36.0
2024,May,สกลนคร,20.0
2024,May,อุดรธานี,21.0
2024,May,บุรีรัมย์,14.0
2024,May,มุกดาหาร,35.0
2024,May,บึงกาฬ,24.0
2024,May,กาฬสินธุ์,29.0
2024,May,ชัยภูมิ,18.0
2024,May,ยโสธร,22.0
2024,May,อำนาจเจริญ,25.0
2024,May,สุรินทร์,17.0
2024,May,ศรีสะเกษ,23.0
2024,May,ร้อยเอ็ด,19.42876923076923
2024,May,มหาสารคาม,19.42876923076923
2024,May,หนองบัวลำภู,19.42876923076923
2024,May,ฉะเชิงเทรา,16.0
2024,May,ชลบุรี,16.0
2024,May,ตราด,17.0
2024,May,ระยอง,17.2
2024,May,สระแก้ว,11.0
2024,May,ปราจีนบุรี,20.0
2024,May,จันทบุรี,11.0
2024,May,นครนายก,19.0
2024,May,กาญจนบุรี,26.0
2024,May,ราชบุรี,23.0
2024,May,สุพรรณบุรี,19.0
2024,May,ประจวบคีรีขันธ์,17.0
2024,May,เพชรบุรี,19.42876923076923
2024,May,นราธิวาส,14.0
2024,May,นครศรีธรรมราช,12.0
2024,May,ภูเก็ต,18.0
2024,May,ยะลา,14.0
2024,May,สงขลา,16.0
2024,May,สุราษฎร์ธานี,15.0
2024,May,สตูล,15.0
2024,May,ตรัง,13.0
2024,May,ชุมพร,19.42876923076923
2024,May,กระบี่,19.42876923076923
2024,May,พัทลุง,19.42876923076923
2024,May,ปัตตานี,19.42876923076923
2024,May,ระนอง,19.42876923076923
2024,May,พังงา,19.42876923076923
2024,Jun,กรุงเทพมหานคร,13.333333333333334
2024,Jun,นนทบุรี,10.5
2024,Jun,ปทุมธานี,10.0
2024,Jun,สมุทรปราการ,13.6
2024,Jun,สมุทรสาคร,14.5
2024,Jun,นครปฐม,11.0
2024,Jun,พระนครศรีอยุธยา,12.0
2024,Jun,สระบุรี,15.5
2024,Jun,ลพบุรี,13.0
2024,Jun,สิงห์บุรี,11.0
2024,Jun,อ่างทอง,11.659692307692309
2024,Jun,ชัยนาท,11.659692307692309
2024,Jun,สมุทรสงคราม,9.0
2024,Jun,นครสวรรค์,11.0
2024,Jun,อุทัยธานี,12.0
2024,Jun,เชียงราย,12.0
2024,Jun,เชียงใหม่,11.0
2024,Jun,น่าน,22.5
2024,Jun,พะเยา,10.0
2024,Jun,พิษณุโลก,7.0
2024,Jun,แพร่,9.0
2024,Jun,แม่ฮ่องสอน,6.0
2024,Jun,ลำปาง,9.5
2024,Jun,ลำพูน,11.0
2024,Jun,ตาก,8.0
2024,Jun,อุตรดิตถ์,11.0
2024,Jun,สุโขทัย,6.0
2024,Jun,พิจิตร,8.0
2024,Jun,เพชรบูรณ์,11.0
2024,Jun,กำแพงเพชร,8.0
2024,Jun,ขอนแก่น,16.0
2024,Jun,นครราชสีมา,16.0
2024,Jun,นครพนม,12.0
2024,Jun,เลย,8.0
2024,Jun,หนองคาย,16.0
2024,Jun,อุบลราชธานี,12.0
2024,Jun,สกลนคร,10.0
2024,Jun,อุดรธานี,10.0
2024,Jun,บุรีรัมย์,6.0
2024,Jun,มุกดาหาร,24.0
2024,Jun,บึงกาฬ,11.0
2024,Jun,กาฬสินธุ์,17.0
2024,Jun,ชัยภูมิ,11.0
2024,Jun,ยโสธร,15.0
2024,Jun,อำนาจเจริญ,11.0
2024,Jun,สุรินทร์,8.0
2024,Jun,ศรีสะเกษ,8.0
2024,Jun,ร้อยเอ็ด,11.659692307692309
2024,Jun,มหาสารคาม,11.659692307692309
2024,Jun,หนองบัวลำภู,11.659692307692309
2024,Jun,ฉะเชิงเทรา,12.0
2024,Jun,ชลบุรี,9.0
2024,Jun,ตราด,12.0
2024,Jun,ระยอง,11.4
2024,Jun,สระแก้ว,7.0
2024,Jun,ปราจีนบุรี,15.0
2024,Jun,จันทบุรี,9.0
2024,Jun,นครนายก,12.0
2024,Jun,กาญจนบุรี,20.0
2024,Jun,ราชบุรี,14.0
2024,Jun,สุพรรณบุรี,12.0
2024,Jun,ประจวบคีรีขันธ์,10.0
2024,Jun,เพชรบุรี,11.659692307692309
2024,Jun,นราธิวาส,11.0
2024,Jun,นครศรีธรรมราช,10.0
2024,Jun,ภูเก็ต,13.0
2024,Jun,ยะลา,10.5
2024,Jun,สงขลา,12.0
2024,Jun,สุราษฎร์ธานี,11.0
2024,Jun,สตูล,11.0
2024,Jun,ตรัง,11.0
2024,Jun,ชุมพร,11.659692307692309
2024,Jun,กระบี่,11.659692307692309
2024,Jun,พัทลุง,11.659692307692309
2024,Jun,ปัตตานี,11.659692307692309
2024,Jun,ระนอง,11.659692307692309
2024,Jun,พังงา,11.659692307692309
2024,Jul,กรุงเทพมหานคร,13.75
2024,Jul,นนทบุรี,10.0
2024,Jul,ปทุมธานี,10.0
2024,Jul,สมุทรปราการ,13.8
2024,Jul,สมุทรสาคร,14.0
2024,Jul,นครปฐม,11.0
2024,Jul,พระนครศรีอยุธยา,12.0
2024,Jul,สระบุรี,16.5
2024,Jul,ลพบุรี,14.0
2024,Jul,สิงห์บุรี,12.0
2024,Jul,อ่างทอง,10.675179487179488
2024,Jul,ชัยนาท,10.675179487179488
2024,Jul,สมุทรสงคราม,9.0
2024,Jul,นครสวรรค์,10.0
2024,Jul,อุทัยธานี,14.0
2024,Jul,เชียงราย,10.0
2024,Jul,เชียงใหม่,10.5
2024,Jul,น่าน,20.5
2024,Jul,พะเยา,9.0
2024,Jul,พิษณุโลก,8.0
2024,Jul,แพร่,9.0
2024,Jul,แม่ฮ่องสอน,5.0
2024,Jul,ลำปาง,8.5
2024,Jul,ลำพูน,11.0
2024,Jul,ตาก,8.0
2024,Jul,อุตรดิตถ์,12.0
2024,Jul,สุโขทัย,7.0
2024,Jul,พิจิตร,10.0
2024,Jul,เพชรบูรณ์,12.0
2024,Jul,กำแพงเพชร,9.0
2024,Jul,ขอนแก่น,15.0
2024,Jul,นครราชสีมา,16.0
2024,Jul,นครพนม,9.0
2024,Jul,เลย,6.0
2024,Jul,หนองคาย,18.0
2024,Jul,อุบลราชธานี,7.0
2024,Jul,สกลนคร,7.0
2024,Jul,อุดรธานี,9.0
2024,Jul,บุรีรัมย์,7.0
2024,Jul,มุกดาหาร,14.0
2024,Jul,บึงกาฬ,9.0
2024,Jul,กาฬสินธุ์,16.0
2024,Jul,ชัยภูมิ,9.0
2024,Jul,ยโสธร,9.0
2024,Jul,อำนาจเจริญ,7.0
2024,Jul,สุรินทร์,7.0
2024,Jul,ศรีสะเกษ,7.0
2024,Jul,ร้อยเอ็ด,10.675179487179488
2024,Jul,มหาสารคาม,10.675179487179488
2024,Jul,หนองบัวลำภู,10.675179487179488
2024,Jul,ฉะเชิงเทรา,11.0
2024,Jul,ชลบุรี,10.666666666666666
2024,Jul,ตราด,13.0
2024,Jul,ระยอง,11.2
2024,Jul,สระแก้ว,6.0
2024,Jul,ปราจีนบุรี,14.0
2024,Jul,จันทบุรี,9.0
2024,Jul,นครนายก,12.0
2024,Jul,กาญจนบุรี,19.0
2024,Jul,ราชบุรี,13.0
2024,Jul,สุพรรณบุรี,12.0
2024,Jul,ประจวบคีรีขันธ์,12.0
2024,Jul,เพชรบุรี,10.675179487179488
2024,Jul,นราธิวาส,14.0
2024,Jul,นครศรีธรรมราช,13.0
2024,Jul,ภูเก็ต,14.0
2024,Jul,ยะลา,13.5
2024,Jul,สงขลา,14.0
2024,Jul,สุราษฎร์ธานี,13.0
2024,Jul,สตูล,14.0
2024,Jul,ตรัง,12.0
2024,Jul,ชุมพร,10.675179487179488
2024,Jul,กระบี่,10.675179487179488
2024,Jul,พัทลุง,10.675179487179488
2024,Jul,ปัตตานี,10.675179487179488
2024,Jul,ระนอง,10.675179487179488
2024,Jul,พังงา,10.675179487179488
2024,Aug,กรุงเทพมหานคร,13.583333333333334
2024,Aug,นนทบุรี,10.0
2024,Aug,ปทุมธานี,12.0
2024,Aug,สมุทรปราการ,14.4
2024,Aug,สมุทรสาคร,15.0
2024,Aug,นครปฐม,10.0
2024,Aug,พระนครศรีอยุธยา,12.0
2024,Aug,สระบุรี,19.5
2024,Aug,ลพบุรี,15.0
2024,Aug,สิงห์บุรี,13.0
2024,Aug,อ่างทอง,11.643538461538462
2024,Aug,ชัยนาท,11.643538461538462
2024,Aug,สมุทรสงคราม,9.0
2024,Aug,นครสวรรค์,11.0
2024,Aug,อุทัยธานี,13.0
2024,Aug,เชียงราย,8.0
2024,Aug,เชียงใหม่,9.5
2024,Aug,น่าน,21.0
2024,Aug,พะเยา,8.0
2024,Aug,พิษณุโลก,7.0
2024,Aug,แพร่,8.0
2024,Aug,แม่ฮ่องสอน,4.0
2024,Aug,ลำปาง,8.25
2024,Aug,ลำพูน,11.0
2024,Aug,ตาก,8.0
2024,Aug,อุตรดิตถ์,10.0
2024,Aug,สุโขทัย,4.0
2024,Aug,พิจิตร,9.0
2024,Aug,เพชรบูรณ์,11.0
2024,Aug,กำแพงเพชร,8.0
2024,Aug,ขอนแก่น,16.0
2024,Aug,นครราชสีมา,17.0
2024,Aug,นครพนม,12.0
2024,Aug,เลย,6.0
2024,Aug,หนองคาย,14.0
2024,Aug,อุบลราชธานี,8.0
2024,Aug,สกลนคร,8.0
2024,Aug,อุดรธานี,9.0
2024,Aug,บุรีรัมย์,8.0
2024,Aug,มุกดาหาร,18.0
2024,Aug,บึงกาฬ,9.0
2024,Aug,กาฬสินธุ์,18.0
2024,Aug,ชัยภูมิ,11.0
2024,Aug,ยโสธร,13.0
2024,Aug,อำนาจเจริญ,15.0
2024,Aug,สุรินทร์,7.0
2024,Aug,ศรีสะเกษ,8.0
2024,Aug,ร้อยเอ็ด,11.643538461538462
2024,Aug,มหาสารคาม,11.643538461538462
2024,Aug,หนองบัวลำภู,11.643538461538462
2024,Aug,ฉะเชิงเทรา,13.0
2024,Aug,ชลบุรี,14.0
2024,Aug,ตราด,18.0
2024,Aug,ระยอง,11.0
2024,Aug,สระแก้ว,7.0
2024,Aug,ปราจีนบุรี,16.0
2024,Aug,จันทบุรี,8.0
2024,Aug,นครนายก,12.0
2024,Aug,กาญจนบุรี,15.0
2024,Aug,ราชบุรี,11.0
2024,Aug,สุพรรณบุรี,13.0
2024,Aug,ประจวบคีรีขันธ์,10.0
2024,Aug,เพชรบุรี,11.643538461538462
2024,Aug,นราธิวาส,12.0
2024,Aug,นครศรีธรรมราช,12.0
2024,Aug,ภูเก็ต,12.0
2024,Aug,ยะลา,11.5
2024,Aug,สงขลา,12.0
2024,Aug,สุราษฎร์ธานี,11.0
2024,Aug,สตูล,11.0
2024,Aug,ตรัง,9.0
2024,Aug,ชุมพร,11.643538461538462
2024,Aug,กระบี่,11.643538461538462
2024,Aug,พัทลุง,11.643538461538462
2024,Aug,ปัตตานี,11.643538461538462
2024,Aug,ระนอง,11.643538461538462
2024,Aug,พังงา,11.643538461538462
2024,Sep,กรุงเทพมหานคร,16.454545454545453
2024,Sep,นนทบุรี,13.5
2024,Sep,ปทุมธานี,18.0
2024,Sep,สมุทรปราการ,17.4
2024,Sep,สมุทรสาคร,19.5
2024,Sep,นครปฐม,16.0
2024,Sep,พระนครศรีอยุธยา,12.0
2024,Sep,สระบุรี,21.5
2024,Sep,ลพบุรี,16.0
2024,Sep,สิงห์บุรี,16.0
2024,Sep,อ่างทอง,11.182065268065267
2024,Sep,ชัยนาท,11.182065268065267
2024,Sep,สมุทรสงคราม,14.0
2024,Sep,นครสวรรค์,10.0
2024,Sep,อุทัยธานี,14.0
2024,Sep,เชียงราย,10.0
2024,Sep,เชียงใหม่,10.5
2024,Sep,น่าน,22.5
2024,Sep,พะเยา,10.0
2024,Sep,พิษณุโลก,8.0
2024,Sep,แพร่,9.0
2024,Sep,แม่ฮ่องสอน,5.0
2024,Sep,ลำปาง,8.5
2024,Sep,ลำพูน,11.0
2024,Sep,ตาก,10.0
2024,Sep,อุตรดิตถ์,11.0
2024,Sep,สุโขทัย,6.0
2024,Sep,พิจิตร,10.0
2024,Sep,เพชรบูรณ์,11.0
2024,Sep,กำแพงเพชร,8.0
2024,Sep,ขอนแก่น,15.0
2024,Sep,นครราชสีมา,17.0
2024,Sep,นครพนม,10.0
2024,Sep,เลย,5.0
2024,Sep,หนองคาย,8.0
2024,Sep,อุบลราชธานี,10.0
2024,Sep,สกลนคร,8.0
2024,Sep,อุดรธานี,9.0
2024,Sep,บุรีรัมย์,7.0
2024,Sep,มุกดาหาร,15.0
2024,Sep,บึงกาฬ,10.0
2024,Sep,กาฬสินธุ์,15.0
2024,Sep,ชัยภูมิ,10.0
2024,Sep,ยโสธร,15.0
2024,Sep,อำนาจเจริญ,13.0
2024,Sep,สุรินทร์,8.0
2024,Sep,ศรีสะเกษ,7.0
2024,Sep,ร้อยเอ็ด,11.182065268065267
2024,Sep,มหาสารคาม,11.182065268065267
2024,Sep,หนองบัวลำภู,11.182065268065267
2024,Sep,ฉะเชิงเทรา,15.0
2024,Sep,ชลบุรี,11.666666666666666
2024,Sep,ตราด,21.0
2024,Sep,ระยอง,12.0
2024,Sep,สระแก้ว,8.0
2024,Sep,ปราจีนบุรี,17.0
2024,Sep,จันทบุรี,9.0
2024,Sep,นครนายก,13.0
2024,Sep,กาญจนบุรี,24.0
2024,Sep,ราชบุรี,14.0
2024,Sep,สุพรรณบุรี,13.0
2024,Sep,ประจวบคีรีขันธ์,10.0
2024,Sep,เพชรบุรี,11.182065268065267
2024,Sep,นราธิวาส,10.0
2024,Sep,นครศรีธรรมราช,9.0
2024,Sep,ภูเก็ต,10.0
2024,Sep,ยะลา,9.0
2024,Sep,สงขลา,10.0
2024,Sep,สุราษฎร์ธานี,9.0
2024,Sep,สตูล,9.0
2024,Sep,ตรัง,8.0
2024,Sep,ชุมพร,11.182065268065267
2024,Sep,กระบี่,11.182065268065267
2024,Sep,พัทลุง,11.182065268065267
2024,Sep,ปัตตานี,11.182065268065267
2024,Sep,ระนอง,11.182065268065267
2024,Sep,พังงา,11.182065268065267
2024,Oct,กรุงเทพมหานคร,20.63636363636364
2024,Oct,นนทบุรี,18.5
2024,Oct,ปทุมธานี,21.0
2024,Oct,สมุทรปราการ,21.4
2024,Oct,สมุทรสาคร,24.5
2024,Oct,นครปฐม,21.0
2024,Oct,พระนครศรีอยุธยา,16.0
2024,Oct,สระบุรี,26.0
2024,Oct,ลพบุรี,23.0
2024,Oct,สิงห์บุรี,24.0
2024,Oct,อ่างทอง,15.50441958041958
2024,Oct,ชัยนาท,15.50441958041958
2024,Oct,สมุทรสงคราม,20.0
2024,Oct,นครสวรรค์,16.0
2024,Oct,อุทัยธานี,22.0
2024,Oct,เชียงราย,14.5
2024,Oct,เชียงใหม่,15.5
2024,Oct,น่าน,30.5
2024,Oct,พะเยา,17.0
2024,Oct,พิษณุโลก,13.0
2024,Oct,แพร่,15.0
2024,Oct,แม่ฮ่องสอน,8.0
2024,Oct,ลำปาง,13.25
2024,Oct,ลำพูน,19.0
2024,Oct,ตาก,14.0
2024,Oct,อุตรดิตถ์,15.0
2024,Oct,สุโขทัย,14.0
2024,Oct,พิจิตร,15.0
2024,Oct,เพชรบูรณ์,17.0
2024,Oct,กำแพงเพชร,13.0
2024,Oct,ขอนแก่น,23.0
2024,Oct,นครราชสีมา,20.0
2024,Oct,นครพนม,22.0
2024,Oct,เลย,12.25
2024,Oct,หนองคาย,21.0
2024,Oct,อุบลราชธานี,19.0
2024,Oct,สกลนคร,18.0
2024,Oct,อุดรธานี,19.0
2024,Oct,บุรีรัมย์,13.0
2024,Oct,มุกดาหาร,21.0
2024,Oct,บึงกาฬ,16.0
2024,Oct,กาฬสินธุ์,25.0
2024,Oct,ชัยภูมิ,17.0
2024,Oct,ยโสธร,23.0
2024,Oct,อำนาจเจริญ,20.0
2024,Oct,สุรินทร์,15.0
2024,Oct,ศรีสะเกษ,14.0
2024,Oct,ร้อยเอ็ด,15.50441958041958
2024,Oct,มหาสารคาม,15.50441958041958
2024,Oct,หนองบัวลำภู,15.50441958041958
2024,Oct,ฉะเชิงเทรา,18.0
2024,Oct,ชลบุรี,15.666666666666666
2024,Oct,ตราด,20.0
2024,Oct,ระยอง,14.6
2024,Oct,สระแก้ว,10.0
2024,Oct,ปราจีนบุรี,18.0
2024,Oct,จันทบุรี,12.0
2024,Oct,นครนายก,14.0
2024,Oct,กาญจนบุรี,29.0
2024,Oct,ราชบุรี,18.0
2024,Oct,สุพรรณบุรี,15.0
2024,Oct,ประจวบคีรีขันธ์,12.0
2024,Oct,เพชรบุรี,15.50441958041958
2024,Oct,นราธิวาส,9.0
2024,Oct,นครศรีธรรมราช,9.0
2024,Oct,ภูเก็ต,10.0
2024,Oct,ยะลา,10.5
2024,Oct,สงขลา,10.0
2024,Oct,สุราษฎร์ธานี,10.0
2024,Oct,สตูล,10.0
2024,Oct,ตรัง,8.0
2024,Oct,ชุมพร,15.50441958041958
2024,Oct,กระบี่,15.50441958041958
2024,Oct,พัทลุง,15.50441958041958
2024,Oct,ปัตตานี,15.50441958041958
2024,Oct,ระนอง,15.50441958041958
2024,Oct,พังงา,15.50441958041958
2024,Nov,กรุงเทพมหานคร,24.25
2024,Nov,นนทบุรี,27.0
2024,Nov,ปทุมธานี,30.0
2024,Nov,สมุทรปราการ,24.6
2024,Nov,สมุทรสาคร,34.5
2024,Nov,นครปฐม,30.0
2024,Nov,พระนครศรีอยุธยา,21.0
2024,Nov,สระบุรี,26.5
2024,Nov,ลพบุรี,25.0
2024,Nov,สิงห์บุรี,28.0
2024,Nov,อ่างทอง,19.794564102564102
2024,Nov,ชัยนาท,19.794564102564102
2024,Nov,สมุทรสงคราม,28.0
2024,Nov,นครสวรรค์,24.0
2024,Nov,อุทัยธานี,31.0
2024,Nov,เชียงราย,16.0
2024,Nov,เชียงใหม่,19.0
2024,Nov,น่าน,35.0
2024,Nov,พะเยา,20.0
2024,Nov,พิษณุโลก,23.0
2024,Nov,แพร่,20.0
2024,Nov,แม่ฮ่องสอน,10.0
2024,Nov,ลำปาง,16.25
2024,Nov,ลำพูน,23.0
2024,Nov,ตาก,21.0
2024,Nov,อุตรดิตถ์,21.0
2024,Nov,สุโขทัย,23.0
2024,Nov,พิจิตร,28.0
2024,Nov,เพชรบูรณ์,26.0
2024,Nov,กำแพงเพชร,20.0
2024,Nov,ขอนแก่น,24.0
2024,Nov,นครราชสีมา,23.0
2024,Nov,นครพนม,25.0
2024,Nov,เลย,18.0
2024,Nov,หนองคาย,25.0
2024,Nov,อุบลราชธานี,25.0
2024,Nov,สกลนคร,19.0
2024,Nov,อุดรธานี,21.0
2024,Nov,บุรีรัมย์,14.0
2024,Nov,มุกดาหาร,23.0
2024,Nov,บึงกาฬ,16.0
2024,Nov,กาฬสินธุ์,28.0
2024,Nov,ชัยภูมิ,19.0
2024,Nov,ยโสธร,27.0
2024,Nov,อำนาจเจริญ,21.0
2024,Nov,สุรินทร์,16.0
2024,Nov,ศรีสะเกษ,15.0
2024,Nov,ร้อยเอ็ด,19.794564102564102
2024,Nov,มหาสารคาม,19.794564102564102
2024,Nov,หนองบัวลำภู,19.794564102564102
2024,Nov,ฉะเชิงเทรา,22.0
2024,Nov,ชลบุรี,18.33333333333333
2024,Nov,ตราด,22.0
2024,Nov,ระยอง,16.8
2024,Nov,สระแก้ว,13.0
2024,Nov,ปราจีนบุรี,21.0
2024,Nov,จันทบุรี,15.0
2024,Nov,นครนายก,17.0
2024,Nov,กาญจนบุรี,35.0
2024,Nov,ราชบุรี,29.0
2024,Nov,สุพรรณบุรี,17.0
2024,Nov,ประจวบคีรีขันธ์,19.0
2024,Nov,เพชรบุรี,19.794564102564102
2024,Nov,นราธิวาส,8.0
2024,Nov,นครศรีธรรมราช,9.0
2024,Nov,ภูเก็ต,10.0
2024,Nov,ยะลา,8.0
2024,Nov,สงขลา,10.0
2024,Nov,สุราษฎร์ธานี,9.0
2024,Nov,สตูล,10.0
2024,Nov,ตรัง,8.0
2024,Nov,ชุมพร,19.794564102564102
2024,Nov,กระบี่,19.794564102564102
2024,Nov,พัทลุง,19.794564102564102
2024,Nov,ปัตตานี,19.794564102564102
2024,Nov,ระนอง,19.794564102564102
2024,Nov,พังงา,19.794564102564102
2024,Dec,กรุงเทพมหานคร,31.75
2024,Dec,นนทบุรี,39.5
2024,Dec,ปทุมธานี,33.0
2024,Dec,สมุทรปราการ,32.2
2024,Dec,สมุทรสาคร,43.5
2024,Dec,นครปฐม,34.0
2024,Dec,พระนครศรีอยุธยา,28.0
2024,Dec,สระบุรี,32.0
2024,Dec,ลพบุรี,30.0
2024,Dec,สิงห์บุรี,35.0
2024,Dec,อ่างทอง,25.621179487179486
2024,Dec,ชัยนาท,25.621179487179486
2024,Dec,สมุทรสงคราม,36.0
2024,Dec,นครสวรรค์,31.0
2024,Dec,อุทัยธานี,38.0
2024,Dec,เชียงราย,21.0
2024,Dec,เชียงใหม่,24.0
2024,Dec,น่าน,37.0
2024,Dec,พะเยา,26.0
2024,Dec,พิษณุโลก,45.0
2024,Dec,แพร่,26.0
2024,Dec,แม่ฮ่องสอน,10.0
2024,Dec,ลำปาง,23.0
2024,Dec,ลำพูน,31.0
2024,Dec,ตาก,29.0
2024,Dec,อุตรดิตถ์,26.0
2024,Dec,สุโขทัย,30.0
2024,Dec,พิจิตร,38.0
2024,Dec,เพชรบูรณ์,32.0
2024,Dec,กำแพงเพชร,27.0
2024,Dec,ขอนแก่น,32.0
2024,Dec,นครราชสีมา,28.0
2024,Dec,นครพนม,32.0
2024,Dec,เลย,29.0
2024,Dec,หนองคาย,32.0
2024,Dec,อุบลราชธานี,17.0
2024,Dec,สกลนคร,21.0
2024,Dec,อุดรธานี,22.0
2024,Dec,บุรีรัมย์,21.0
2024,Dec,มุกดาหาร,25.0
2024,Dec,บึงกาฬ,18.0
2024,Dec,กาฬสินธุ์,31.0
2024,Dec,ชัยภูมิ,25.0
2024,Dec,ยโสธร,30.0
2024,Dec,อำนาจเจริญ,23.0
2024,Dec,สุรินทร์,18.0
2024,Dec,ศรีสะเกษ,18.0
2024,Dec,ร้อยเอ็ด,25.621179487179486
2024,Dec,มหาสารคาม,25.621179487179486
2024,Dec,หนองบัวลำภู,25.621179487179486
2024,Dec,ฉะเชิงเทรา,26.0
2024,Dec,ชลบุรี,21.666666666666668
2024,Dec,ตราด,25.0
2024,Dec,ระยอง,24.0
2024,Dec,สระแก้ว,18.0
2024,Dec,ปราจีนบุรี,26.0
2024,Dec,จันทบุรี,18.0
2024,Dec,นครนายก,20.0
2024,Dec,กาญจนบุรี,35.0
2024,Dec,ราชบุรี,38.0
2024,Dec,สุพรรณบุรี,20.0
2024,Dec,ประจวบคีรีขันธ์,23.0
2024,Dec,เพชรบุรี,25.621179487179486
2024,Dec,นราธิวาส,12.0
2024,Dec,นครศรีธรรมราช,12.0
2024,Dec,ภูเก็ต,13.0
2024,Dec,ยะลา,12.0
2024,Dec,สงขลา,13.0
2024,Dec,สุราษฎร์ธานี,12.0
2024,Dec,สตูล,13.0
2024,Dec,ตรัง,11.0
2024,Dec,ชุมพร,25.621179487179486
2024,Dec,กระบี่,25.621179487179486
2024,Dec,พัทลุง,25.621179487179486
2024,Dec,ปัตตานี,25.621179487179486
2024,Dec,ระนอง,25.621179487179486
2024,Dec,พังงา,25.621179487179486
