Year,Month,Province,Total_Vehicles
2020,Jan,กรุงเทพมหานคร,10971799.0
2020,Feb,กรุงเทพมหานคร,10971799.0
2020,Mar,กรุงเทพมหานคร,10971799.0
2020,Apr,กรุงเทพมหานคร,10971799.0
2020,May,กรุงเทพมหานคร,10971799.0
2020,Jun,กรุงเทพมหานคร,10971799.0
2020,Jul,กรุงเทพมหานคร,10971799.0
2020,Aug,กรุงเทพมหานคร,10971799.0
2020,Sep,กรุงเทพมหานคร,10971799.0
2020,Oct,กรุงเทพมหานคร,10971799.0
2020,Nov,กรุงเทพมหานคร,10971799.0
2020,Dec,กรุงเทพมหานคร,10971799.0
2021,Jan,กรุงเทพมหานคร,11244732.0
2021,Feb,กรุงเทพมหานคร,11244732.0
2021,Mar,กรุงเทพมหานคร,11244732.0
2021,Apr,กรุงเทพมหานคร,11244732.0
2021,May,กรุงเทพมหานคร,11244732.0
2021,Jun,กรุงเทพมหานคร,11244732.0
2021,Jul,กรุงเทพมหานคร,11244732.0
2021,Aug,กรุงเทพมหานคร,11244732.0
2021,Sep,กรุงเทพมหานคร,11244732.0
2021,Oct,กรุงเทพมหานคร,11244732.0
2021,Nov,กรุงเทพมหานคร,11244732.0
2021,Dec,กรุงเทพมหานคร,11244732.0
2022,Jan,กรุงเทพมหานคร,11617177.0
2022,Feb,กรุงเทพมหานคร,11617177.0
2022,Mar,กรุงเทพมหานคร,11617177.0
2022,Apr,กรุงเทพมหานคร,11617177.0
2022,May,กรุงเทพมหานคร,11617177.0
2022,Jun,กรุงเทพมหานคร,11617177.0
2022,Jul,กรุงเทพมหานคร,11617177.0
2022,Aug,กรุงเทพมหานคร,11617177.0
2022,Sep,กรุงเทพมหานคร,11617177.0
2022,Oct,กรุงเทพมหานคร,11617177.0
2022,Nov,กรุงเทพมหานคร,11617177.0
2022,Dec,กรุงเทพมหานคร,11617177.0
2023,Jan,กรุงเทพมหานคร,11985012.0
2023,Feb,กรุงเทพมหานคร,11985012.0
2023,Mar,กรุงเทพมหานคร,11985012.0
2023,Apr,กรุงเทพมหานคร,11985012.0
2023,May,กรุงเทพมหานคร,11985012.0
2023,Jun,กรุงเทพมหานคร,11985012.0
2023,Jul,กรุงเทพมหานคร,11985012.0
2023,Aug,กรุงเทพมหานคร,11985012.0
2023,Sep,กรุงเทพมหานคร,11985012.0
2023,Oct,กรุงเทพมหานคร,11985012.0
2023,Nov,กรุงเทพมหานคร,11985012.0
2023,Dec,กรุงเทพมหานคร,11985012.0
2024,Jan,กรุงเทพมหานคร,12219902.0
2024,Feb,กรุงเทพมหานคร,12219902.0
2024,Mar,กรุงเทพมหานคร,12219902.0
2024,Apr,กรุงเทพมหานคร,12219902.0
2024,May,กรุงเทพมหานคร,12219902.0
2024,Jun,กรุงเทพมหานคร,12219902.0
2024,Jul,กรุงเทพมหานคร,12219902.0
2024,Aug,กรุงเทพมหานคร,12219902.0
2024,Sep,กรุงเทพมหานคร,12219902.0
2024,Oct,กรุงเทพมหานคร,12219902.0
2024,Nov,กรุงเทพมหานคร,12219902.0
2024,Dec,กรุงเทพมหานคร,12219902.0
2020,Jan,สมุทรปราการ,162670.0
2020,Feb,สมุทรปราการ,162670.0
2020,Mar,สมุทรปราการ,162670.0
2020,Apr,สมุทรปราการ,162670.0
2020,May,สมุทรปราการ,162670.0
2020,Jun,สมุทรปราการ,162670.0
2020,Jul,สมุทรปราการ,162670.0
2020,Aug,สมุทรปราการ,162670.0
2020,Sep,สมุทรปราการ,162670.0
2020,Oct,สมุทรปราการ,162670.0
2020,Nov,สมุทรปราการ,162670.0
2020,Dec,สมุทรปราการ,162670.0
2021,Jan,สมุทรปราการ,166790.0
2021,Feb,สมุทรปราการ,166790.0
2021,Mar,สมุทรปราการ,166790.0
2021,Apr,สมุทรปราการ,166790.0
2021,May,สมุทรปราการ,166790.0
2021,Jun,สมุทรปราการ,166790.0
2021,Jul,สมุทรปราการ,166790.0
2021,Aug,สมุทรปราการ,166790.0
2021,Sep,สมุทรปราการ,166790.0
2021,Oct,สมุทรปราการ,166790.0
2021,Nov,สมุทรปราการ,166790.0
2021,Dec,สมุทรปราการ,166790.0
2022,Jan,สมุทรปราการ,170823.0
2022,Feb,สมุทรปราการ,170823.0
2022,Mar,สมุทรปราการ,170823.0
2022,Apr,สมุทรปราการ,170823.0
2022,May,สมุทรปราการ,170823.0
2022,Jun,สมุทรปราการ,170823.0
2022,Jul,สมุทรปราการ,170823.0
2022,Aug,สมุทรปราการ,170823.0
2022,Sep,สมุทรปราการ,170823.0
2022,Oct,สมุทรปราการ,170823.0
2022,Nov,สมุทรปราการ,170823.0
2022,Dec,สมุทรปราการ,170823.0
2023,Jan,สมุทรปราการ,174755.0
2023,Feb,สมุทรปราการ,174755.0
2023,Mar,สมุทรปราการ,174755.0
2023,Apr,สมุทรปราการ,174755.0
2023,May,สมุทรปราการ,174755.0
2023,Jun,สมุทรปราการ,174755.0
2023,Jul,สมุทรปราการ,174755.0
2023,Aug,สมุทรปราการ,174755.0
2023,Sep,สมุทรปราการ,174755.0
2023,Oct,สมุทรปราการ,174755.0
2023,Nov,สมุทรปราการ,174755.0
2023,Dec,สมุทรปราการ,174755.0
2024,Jan,สมุทรปราการ,
2024,Feb,สมุทรปราการ,
2024,Mar,สมุทรปราการ,
2024,Apr,สมุทรปราการ,
2024,May,สมุทรปราการ,
2024,Jun,สมุทรปราการ,
2024,Jul,สมุทรปราการ,
2024,Aug,สมุทรปราการ,
2024,Sep,สมุทรปราการ,
2024,Oct,สมุทรปราการ,
2024,Nov,สมุทรปราการ,
2024,Dec,สมุทรปราการ,
2020,Jan,นนทบุรี,189955.0
2020,Feb,นนทบุรี,189955.0
2020,Mar,นนทบุรี,189955.0
2020,Apr,นนทบุรี,189955.0
2020,May,นนทบุรี,189955.0
2020,Jun,นนทบุรี,189955.0
2020,Jul,นนทบุรี,189955.0
2020,Aug,นนทบุรี,189955.0
2020,Sep,นนทบุรี,189955.0
2020,Oct,นนทบุรี,189955.0
2020,Nov,นนทบุรี,189955.0
2020,Dec,นนทบุรี,189955.0
2021,Jan,นนทบุรี,188146.0
2021,Feb,นนทบุรี,188146.0
2021,Mar,นนทบุรี,188146.0
2021,Apr,นนทบุรี,188146.0
2021,May,นนทบุรี,188146.0
2021,Jun,นนทบุรี,188146.0
2021,Jul,นนทบุรี,188146.0
2021,Aug,นนทบุรี,188146.0
2021,Sep,นนทบุรี,188146.0
2021,Oct,นนทบุรี,188146.0
2021,Nov,นนทบุรี,188146.0
2021,Dec,นนทบุรี,188146.0
2022,Jan,นนทบุรี,186029.0
2022,Feb,นนทบุรี,186029.0
2022,Mar,นนทบุรี,186029.0
2022,Apr,นนทบุรี,186029.0
2022,May,นนทบุรี,186029.0
2022,Jun,นนทบุรี,186029.0
2022,Jul,นนทบุรี,186029.0
2022,Aug,นนทบุรี,186029.0
2022,Sep,นนทบุรี,186029.0
2022,Oct,นนทบุรี,186029.0
2022,Nov,นนทบุรี,186029.0
2022,Dec,นนทบุรี,186029.0
2023,Jan,นนทบุรี,184934.0
2023,Feb,นนทบุรี,184934.0
2023,Mar,นนทบุรี,184934.0
2023,Apr,นนทบุรี,184934.0
2023,May,นนทบุรี,184934.0
2023,Jun,นนทบุรี,184934.0
2023,Jul,นนทบุรี,184934.0
2023,Aug,นนทบุรี,184934.0
2023,Sep,นนทบุรี,184934.0
2023,Oct,นนทบุรี,184934.0
2023,Nov,นนทบุรี,184934.0
2023,Dec,นนทบุรี,184934.0
2024,Jan,นนทบุรี,
2024,Feb,นนทบุรี,
2024,Mar,นนทบุรี,
2024,Apr,นนทบุรี,
2024,May,นนทบุรี,
2024,Jun,นนทบุรี,
2024,Jul,นนทบุรี,
2024,Aug,นนทบุรี,
2024,Sep,นนทบุรี,
2024,Oct,นนทบุรี,
2024,Nov,นนทบุรี,
2024,Dec,นนทบุรี,
2020,Jan,ปทุมธานี,175071.0
2020,Feb,ปทุมธานี,175071.0
2020,Mar,ปทุมธานี,175071.0
2020,Apr,ปทุมธานี,175071.0
2020,May,ปทุมธานี,175071.0
2020,Jun,ปทุมธานี,175071.0
2020,Jul,ปทุมธานี,175071.0
2020,Aug,ปทุมธานี,175071.0
2020,Sep,ปทุมธานี,175071.0
2020,Oct,ปทุมธานี,175071.0
2020,Nov,ปทุมธานี,175071.0
2020,Dec,ปทุมธานี,175071.0
2021,Jan,ปทุมธานี,177777.0
2021,Feb,ปทุมธานี,177777.0
2021,Mar,ปทุมธานี,177777.0
2021,Apr,ปทุมธานี,177777.0
2021,May,ปทุมธานี,177777.0
2021,Jun,ปทุมธานี,177777.0
2021,Jul,ปทุมธานี,177777.0
2021,Aug,ปทุมธานี,177777.0
2021,Sep,ปทุมธานี,177777.0
2021,Oct,ปทุมธานี,177777.0
2021,Nov,ปทุมธานี,177777.0
2021,Dec,ปทุมธานี,177777.0
2022,Jan,ปทุมธานี,180263.0
2022,Feb,ปทุมธานี,180263.0
2022,Mar,ปทุมธานี,180263.0
2022,Apr,ปทุมธานี,180263.0
2022,May,ปทุมธานี,180263.0
2022,Jun,ปทุมธานี,180263.0
2022,Jul,ปทุมธานี,180263.0
2022,Aug,ปทุมธานี,180263.0
2022,Sep,ปทุมธานี,180263.0
2022,Oct,ปทุมธานี,180263.0
2022,Nov,ปทุมธานี,180263.0
2022,Dec,ปทุมธานี,180263.0
2023,Jan,ปทุมธานี,182611.0
2023,Feb,ปทุมธานี,182611.0
2023,Mar,ปทุมธานี,182611.0
2023,Apr,ปทุมธานี,182611.0
2023,May,ปทุมธานี,182611.0
2023,Jun,ปทุมธานี,182611.0
2023,Jul,ปทุมธานี,182611.0
2023,Aug,ปทุมธานี,182611.0
2023,Sep,ปทุมธานี,182611.0
2023,Oct,ปทุมธานี,182611.0
2023,Nov,ปทุมธานี,182611.0
2023,Dec,ปทุมธานี,182611.0
2024,Jan,ปทุมธานี,
2024,Feb,ปทุมธานี,
2024,Mar,ปทุมธานี,
2024,Apr,ปทุมธานี,
2024,May,ปทุมธานี,
2024,Jun,ปทุมธานี,
2024,Jul,ปทุมธานี,
2024,Aug,ปทุมธานี,
2024,Sep,ปทุมธานี,
2024,Oct,ปทุมธานี,
2024,Nov,ปทุมธานี,
2024,Dec,ปทุมธานี,
2020,Jan,พระนครศรีอยุธยา,496186.0
2020,Feb,พระนครศรีอยุธยา,496186.0
2020,Mar,พระนครศรีอยุธยา,496186.0
2020,Apr,พระนครศรีอยุธยา,496186.0
2020,May,พระนครศรีอยุธยา,496186.0
2020,Jun,พระนครศรีอยุธยา,496186.0
2020,Jul,พระนครศรีอยุธยา,496186.0
2020,Aug,พระนครศรีอยุธยา,496186.0
2020,Sep,พระนครศรีอยุธยา,496186.0
2020,Oct,พระนครศรีอยุธยา,496186.0
2020,Nov,พระนครศรีอยุธยา,496186.0
2020,Dec,พระนครศรีอยุธยา,496186.0
2021,Jan,พระนครศรีอยุธยา,507689.0
2021,Feb,พระนครศรีอยุธยา,507689.0
2021,Mar,พระนครศรีอยุธยา,507689.0
2021,Apr,พระนครศรีอยุธยา,507689.0
2021,May,พระนครศรีอยุธยา,507689.0
2021,Jun,พระนครศรีอยุธยา,507689.0
2021,Jul,พระนครศรีอยุธยา,507689.0
2021,Aug,พระนครศรีอยุธยา,507689.0
2021,Sep,พระนครศรีอยุธยา,507689.0
2021,Oct,พระนครศรีอยุธยา,507689.0
2021,Nov,พระนครศรีอยุธยา,507689.0
2021,Dec,พระนครศรีอยุธยา,507689.0
2022,Jan,พระนครศรีอยุธยา,523625.0
2022,Feb,พระนครศรีอยุธยา,523625.0
2022,Mar,พระนครศรีอยุธยา,523625.0
2022,Apr,พระนครศรีอยุธยา,523625.0
2022,May,พระนครศรีอยุธยา,523625.0
2022,Jun,พระนครศรีอยุธยา,523625.0
2022,Jul,พระนครศรีอยุธยา,523625.0
2022,Aug,พระนครศรีอยุธยา,523625.0
2022,Sep,พระนครศรีอยุธยา,523625.0
2022,Oct,พระนครศรีอยุธยา,523625.0
2022,Nov,พระนครศรีอยุธยา,523625.0
2022,Dec,พระนครศรีอยุธยา,523625.0
2023,Jan,พระนครศรีอยุธยา,538059.0
2023,Feb,พระนครศรีอยุธยา,538059.0
2023,Mar,พระนครศรีอยุธยา,538059.0
2023,Apr,พระนครศรีอยุธยา,538059.0
2023,May,พระนครศรีอยุธยา,538059.0
2023,Jun,พระนครศรีอยุธยา,538059.0
2023,Jul,พระนครศรีอยุธยา,538059.0
2023,Aug,พระนครศรีอยุธยา,538059.0
2023,Sep,พระนครศรีอยุธยา,538059.0
2023,Oct,พระนครศรีอยุธยา,538059.0
2023,Nov,พระนครศรีอยุธยา,538059.0
2023,Dec,พระนครศรีอยุธยา,538059.0
2024,Jan,พระนครศรีอยุธยา,
2024,Feb,พระนครศรีอยุธยา,
2024,Mar,พระนครศรีอยุธยา,
2024,Apr,พระนครศรีอยุธยา,
2024,May,พระนครศรีอยุธยา,
2024,Jun,พระนครศรีอยุธยา,
2024,Jul,พระนครศรีอยุธยา,
2024,Aug,พระนครศรีอยุธยา,
2024,Sep,พระนครศรีอยุธยา,
2024,Oct,พระนครศรีอยุธยา,
2024,Nov,พระนครศรีอยุธยา,
2024,Dec,พระนครศรีอยุธยา,
2020,Jan,อ่างทอง,157781.0
2020,Feb,อ่างทอง,157781.0
2020,Mar,อ่างทอง,157781.0
2020,Apr,อ่างทอง,157781.0
2020,May,อ่างทอง,157781.0
2020,Jun,อ่างทอง,157781.0
2020,Jul,อ่างทอง,157781.0
2020,Aug,อ่างทอง,157781.0
2020,Sep,อ่างทอง,157781.0
2020,Oct,อ่างทอง,157781.0
2020,Nov,อ่างทอง,157781.0
2020,Dec,อ่างทอง,157781.0
2021,Jan,อ่างทอง,159061.0
2021,Feb,อ่างทอง,159061.0
2021,Mar,อ่างทอง,159061.0
2021,Apr,อ่างทอง,159061.0
2021,May,อ่างทอง,159061.0
2021,Jun,อ่างทอง,159061.0
2021,Jul,อ่างทอง,159061.0
2021,Aug,อ่างทอง,159061.0
2021,Sep,อ่างทอง,159061.0
2021,Oct,อ่างทอง,159061.0
2021,Nov,อ่างทอง,159061.0
2021,Dec,อ่างทอง,159061.0
2022,Jan,อ่างทอง,160529.0
2022,Feb,อ่างทอง,160529.0
2022,Mar,อ่างทอง,160529.0
2022,Apr,อ่างทอง,160529.0
2022,May,อ่างทอง,160529.0
2022,Jun,อ่างทอง,160529.0
2022,Jul,อ่างทอง,160529.0
2022,Aug,อ่างทอง,160529.0
2022,Sep,อ่างทอง,160529.0
2022,Oct,อ่างทอง,160529.0
2022,Nov,อ่างทอง,160529.0
2022,Dec,อ่างทอง,160529.0
2023,Jan,อ่างทอง,162704.0
2023,Feb,อ่างทอง,162704.0
2023,Mar,อ่างทอง,162704.0
2023,Apr,อ่างทอง,162704.0
2023,May,อ่างทอง,162704.0
2023,Jun,อ่างทอง,162704.0
2023,Jul,อ่างทอง,162704.0
2023,Aug,อ่างทอง,162704.0
2023,Sep,อ่างทอง,162704.0
2023,Oct,อ่างทอง,162704.0
2023,Nov,อ่างทอง,162704.0
2023,Dec,อ่างทอง,162704.0
2024,Jan,อ่างทอง,
2024,Feb,อ่างทอง,
2024,Mar,อ่างทอง,
2024,Apr,อ่างทอง,
2024,May,อ่างทอง,
2024,Jun,อ่างทอง,
2024,Jul,อ่างทอง,
2024,Aug,อ่างทอง,
2024,Sep,อ่างทอง,
2024,Oct,อ่างทอง,
2024,Nov,อ่างทอง,
2024,Dec,อ่างทอง,
2020,Jan,ลพบุรี,440032.0
2020,Feb,ลพบุรี,440032.0
2020,Mar,ลพบุรี,440032.0
2020,Apr,ลพบุรี,440032.0
2020,May,ลพบุรี,440032.0
2020,Jun,ลพบุรี,440032.0
2020,Jul,ลพบุรี,440032.0
2020,Aug,ลพบุรี,440032.0
2020,Sep,ลพบุรี,440032.0
2020,Oct,ลพบุรี,440032.0
2020,Nov,ลพบุรี,440032.0
2020,Dec,ลพบุรี,440032.0
2021,Jan,ลพบุรี,446393.0
2021,Feb,ลพบุรี,446393.0
2021,Mar,ลพบุรี,446393.0
2021,Apr,ลพบุรี,446393.0
2021,May,ลพบุรี,446393.0
2021,Jun,ลพบุรี,446393.0
2021,Jul,ลพบุรี,446393.0
2021,Aug,ลพบุรี,446393.0
2021,Sep,ลพบุรี,446393.0
2021,Oct,ลพบุรี,446393.0
2021,Nov,ลพบุรี,446393.0
2021,Dec,ลพบุรี,446393.0
2022,Jan,ลพบุรี,452352.0
2022,Feb,ลพบุรี,452352.0
2022,Mar,ลพบุรี,452352.0
2022,Apr,ลพบุรี,452352.0
2022,May,ลพบุรี,452352.0
2022,Jun,ลพบุรี,452352.0
2022,Jul,ลพบุรี,452352.0
2022,Aug,ลพบุรี,452352.0
2022,Sep,ลพบุรี,452352.0
2022,Oct,ลพบุรี,452352.0
2022,Nov,ลพบุรี,452352.0
2022,Dec,ลพบุรี,452352.0
2023,Jan,ลพบุรี,455548.0
2023,Feb,ลพบุรี,455548.0
2023,Mar,ลพบุรี,455548.0
2023,Apr,ลพบุรี,455548.0
2023,May,ลพบุรี,455548.0
2023,Jun,ลพบุรี,455548.0
2023,Jul,ลพบุรี,455548.0
2023,Aug,ลพบุรี,455548.0
2023,Sep,ลพบุรี,455548.0
2023,Oct,ลพบุรี,455548.0
2023,Nov,ลพบุรี,455548.0
2023,Dec,ลพบุรี,455548.0
2024,Jan,ลพบุรี,
2024,Feb,ลพบุรี,
2024,Mar,ลพบุรี,
2024,Apr,ลพบุรี,
2024,May,ลพบุรี,
2024,Jun,ลพบุรี,
2024,Jul,ลพบุรี,
2024,Aug,ลพบุรี,
2024,Sep,ลพบุรี,
2024,Oct,ลพบุรี,
2024,Nov,ลพบุรี,
2024,Dec,ลพบุรี,
2020,Jan,สิงห์บุรี,141577.0
2020,Feb,สิงห์บุรี,141577.0
2020,Mar,สิงห์บุรี,141577.0
2020,Apr,สิงห์บุรี,141577.0
2020,May,สิงห์บุรี,141577.0
2020,Jun,สิงห์บุรี,141577.0
2020,Jul,สิงห์บุรี,141577.0
2020,Aug,สิงห์บุรี,141577.0
2020,Sep,สิงห์บุรี,141577.0
2020,Oct,สิงห์บุรี,141577.0
2020,Nov,สิงห์บุรี,141577.0
2020,Dec,สิงห์บุรี,141577.0
2021,Jan,สิงห์บุรี,142404.0
2021,Feb,สิงห์บุรี,142404.0
2021,Mar,สิงห์บุรี,142404.0
2021,Apr,สิงห์บุรี,142404.0
2021,May,สิงห์บุรี,142404.0
2021,Jun,สิงห์บุรี,142404.0
2021,Jul,สิงห์บุรี,142404.0
2021,Aug,สิงห์บุรี,142404.0
2021,Sep,สิงห์บุรี,142404.0
2021,Oct,สิงห์บุรี,142404.0
2021,Nov,สิงห์บุรี,142404.0
2021,Dec,สิงห์บุรี,142404.0
2022,Jan,สิงห์บุรี,143809.0
2022,Feb,สิงห์บุรี,143809.0
2022,Mar,สิงห์บุรี,143809.0
2022,Apr,สิงห์บุรี,143809.0
2022,May,สิงห์บุรี,143809.0
2022,Jun,สิงห์บุรี,143809.0
2022,Jul,สิงห์บุรี,143809.0
2022,Aug,สิงห์บุรี,143809.0
2022,Sep,สิงห์บุรี,143809.0
2022,Oct,สิงห์บุรี,143809.0
2022,Nov,สิงห์บุรี,143809.0
2022,Dec,สิงห์บุรี,143809.0
2023,Jan,สิงห์บุรี,145499.0
2023,Feb,สิงห์บุรี,145499.0
2023,Mar,สิงห์บุรี,145499.0
2023,Apr,สิงห์บุรี,145499.0
2023,May,สิงห์บุรี,145499.0
2023,Jun,สิงห์บุรี,145499.0
2023,Jul,สิงห์บุรี,145499.0
2023,Aug,สิงห์บุรี,145499.0
2023,Sep,สิงห์บุรี,145499.0
2023,Oct,สิงห์บุรี,145499.0
2023,Nov,สิงห์บุรี,145499.0
2023,Dec,สิงห์บุรี,145499.0
2024,Jan,สิงห์บุรี,
2024,Feb,สิงห์บุรี,
2024,Mar,สิงห์บุรี,
2024,Apr,สิงห์บุรี,
2024,May,สิงห์บุรี,
2024,Jun,สิงห์บุรี,
2024,Jul,สิงห์บุรี,
2024,Aug,สิงห์บุรี,
2024,Sep,สิงห์บุรี,
2024,Oct,สิงห์บุรี,
2024,Nov,สิงห์บุรี,
2024,Dec,สิงห์บุรี,
2020,Jan,ชัยนาท,177321.0
2020,Feb,ชัยนาท,177321.0
2020,Mar,ชัยนาท,177321.0
2020,Apr,ชัยนาท,177321.0
2020,May,ชัยนาท,177321.0
2020,Jun,ชัยนาท,177321.0
2020,Jul,ชัยนาท,177321.0
2020,Aug,ชัยนาท,177321.0
2020,Sep,ชัยนาท,177321.0
2020,Oct,ชัยนาท,177321.0
2020,Nov,ชัยนาท,177321.0
2020,Dec,ชัยนาท,177321.0
2021,Jan,ชัยนาท,179167.0
2021,Feb,ชัยนาท,179167.0
2021,Mar,ชัยนาท,179167.0
2021,Apr,ชัยนาท,179167.0
2021,May,ชัยนาท,179167.0
2021,Jun,ชัยนาท,179167.0
2021,Jul,ชัยนาท,179167.0
2021,Aug,ชัยนาท,179167.0
2021,Sep,ชัยนาท,179167.0
2021,Oct,ชัยนาท,179167.0
2021,Nov,ชัยนาท,179167.0
2021,Dec,ชัยนาท,179167.0
2022,Jan,ชัยนาท,181917.0
2022,Feb,ชัยนาท,181917.0
2022,Mar,ชัยนาท,181917.0
2022,Apr,ชัยนาท,181917.0
2022,May,ชัยนาท,181917.0
2022,Jun,ชัยนาท,181917.0
2022,Jul,ชัยนาท,181917.0
2022,Aug,ชัยนาท,181917.0
2022,Sep,ชัยนาท,181917.0
2022,Oct,ชัยนาท,181917.0
2022,Nov,ชัยนาท,181917.0
2022,Dec,ชัยนาท,181917.0
2023,Jan,ชัยนาท,184339.0
2023,Feb,ชัยนาท,184339.0
2023,Mar,ชัยนาท,184339.0
2023,Apr,ชัยนาท,184339.0
2023,May,ชัยนาท,184339.0
2023,Jun,ชัยนาท,184339.0
2023,Jul,ชัยนาท,184339.0
2023,Aug,ชัยนาท,184339.0
2023,Sep,ชัยนาท,184339.0
2023,Oct,ชัยนาท,184339.0
2023,Nov,ชัยนาท,184339.0
2023,Dec,ชัยนาท,184339.0
2024,Jan,ชัยนาท,
2024,Feb,ชัยนาท,
2024,Mar,ชัยนาท,
2024,Apr,ชัยนาท,
2024,May,ชัยนาท,
2024,Jun,ชัยนาท,
2024,Jul,ชัยนาท,
2024,Aug,ชัยนาท,
2024,Sep,ชัยนาท,
2024,Oct,ชัยนาท,
2024,Nov,ชัยนาท,
2024,Dec,ชัยนาท,
2020,Jan,สระบุรี,448216.0
2020,Feb,สระบุรี,448216.0
2020,Mar,สระบุรี,448216.0
2020,Apr,สระบุรี,448216.0
2020,May,สระบุรี,448216.0
2020,Jun,สระบุรี,448216.0
2020,Jul,สระบุรี,448216.0
2020,Aug,สระบุรี,448216.0
2020,Sep,สระบุรี,448216.0
2020,Oct,สระบุรี,448216.0
2020,Nov,สระบุรี,448216.0
2020,Dec,สระบุรี,448216.0
2021,Jan,สระบุรี,452398.0
2021,Feb,สระบุรี,452398.0
2021,Mar,สระบุรี,452398.0
2021,Apr,สระบุรี,452398.0
2021,May,สระบุรี,452398.0
2021,Jun,สระบุรี,452398.0
2021,Jul,สระบุรี,452398.0
2021,Aug,สระบุรี,452398.0
2021,Sep,สระบุรี,452398.0
2021,Oct,สระบุรี,452398.0
2021,Nov,สระบุรี,452398.0
2021,Dec,สระบุรี,452398.0
2022,Jan,สระบุรี,460490.0
2022,Feb,สระบุรี,460490.0
2022,Mar,สระบุรี,460490.0
2022,Apr,สระบุรี,460490.0
2022,May,สระบุรี,460490.0
2022,Jun,สระบุรี,460490.0
2022,Jul,สระบุรี,460490.0
2022,Aug,สระบุรี,460490.0
2022,Sep,สระบุรี,460490.0
2022,Oct,สระบุรี,460490.0
2022,Nov,สระบุรี,460490.0
2022,Dec,สระบุรี,460490.0
2023,Jan,สระบุรี,465741.0
2023,Feb,สระบุรี,465741.0
2023,Mar,สระบุรี,465741.0
2023,Apr,สระบุรี,465741.0
2023,May,สระบุรี,465741.0
2023,Jun,สระบุรี,465741.0
2023,Jul,สระบุรี,465741.0
2023,Aug,สระบุรี,465741.0
2023,Sep,สระบุรี,465741.0
2023,Oct,สระบุรี,465741.0
2023,Nov,สระบุรี,465741.0
2023,Dec,สระบุรี,465741.0
2024,Jan,สระบุรี,
2024,Feb,สระบุรี,
2024,Mar,สระบุรี,
2024,Apr,สระบุรี,
2024,May,สระบุรี,
2024,Jun,สระบุรี,
2024,Jul,สระบุรี,
2024,Aug,สระบุรี,
2024,Sep,สระบุรี,
2024,Oct,สระบุรี,
2024,Nov,สระบุรี,
2024,Dec,สระบุรี,
2020,Jan,ชลบุรี,1655116.0
2020,Feb,ชลบุรี,1655116.0
2020,Mar,ชลบุรี,1655116.0
2020,Apr,ชลบุรี,1655116.0
2020,May,ชลบุรี,1655116.0
2020,Jun,ชลบุรี,1655116.0
2020,Jul,ชลบุรี,1655116.0
2020,Aug,ชลบุรี,1655116.0
2020,Sep,ชลบุรี,1655116.0
2020,Oct,ชลบุรี,1655116.0
2020,Nov,ชลบุรี,1655116.0
2020,Dec,ชลบุรี,1655116.0
2021,Jan,ชลบุรี,1686585.0
2021,Feb,ชลบุรี,1686585.0
2021,Mar,ชลบุรี,1686585.0
2021,Apr,ชลบุรี,1686585.0
2021,May,ชลบุรี,1686585.0
2021,Jun,ชลบุรี,1686585.0
2021,Jul,ชลบุรี,1686585.0
2021,Aug,ชลบุรี,1686585.0
2021,Sep,ชลบุรี,1686585.0
2021,Oct,ชลบุรี,1686585.0
2021,Nov,ชลบุรี,1686585.0
2021,Dec,ชลบุรี,1686585.0
2022,Jan,ชลบุรี,1743360.0
2022,Feb,ชลบุรี,1743360.0
2022,Mar,ชลบุรี,1743360.0
2022,Apr,ชลบุรี,1743360.0
2022,May,ชลบุรี,1743360.0
2022,Jun,ชลบุรี,1743360.0
2022,Jul,ชลบุรี,1743360.0
2022,Aug,ชลบุรี,1743360.0
2022,Sep,ชลบุรี,1743360.0
2022,Oct,ชลบุรี,1743360.0
2022,Nov,ชลบุรี,1743360.0
2022,Dec,ชลบุรี,1743360.0
2023,Jan,ชลบุรี,1798472.0
2023,Feb,ชลบุรี,1798472.0
2023,Mar,ชลบุรี,1798472.0
2023,Apr,ชลบุรี,1798472.0
2023,May,ชลบุรี,1798472.0
2023,Jun,ชลบุรี,1798472.0
2023,Jul,ชลบุรี,1798472.0
2023,Aug,ชลบุรี,1798472.0
2023,Sep,ชลบุรี,1798472.0
2023,Oct,ชลบุรี,1798472.0
2023,Nov,ชลบุรี,1798472.0
2023,Dec,ชลบุรี,1798472.0
2024,Jan,ชลบุรี,
2024,Feb,ชลบุรี,
2024,Mar,ชลบุรี,
2024,Apr,ชลบุรี,
2024,May,ชลบุรี,
2024,Jun,ชลบุรี,
2024,Jul,ชลบุรี,
2024,Aug,ชลบุรี,
2024,Sep,ชลบุรี,
2024,Oct,ชลบุรี,
2024,Nov,ชลบุรี,
2024,Dec,ชลบุรี,
2020,Jan,ระยอง,784884.0
2020,Feb,ระยอง,784884.0
2020,Mar,ระยอง,784884.0
2020,Apr,ระยอง,784884.0
2020,May,ระยอง,784884.0
2020,Jun,ระยอง,784884.0
2020,Jul,ระยอง,784884.0
2020,Aug,ระยอง,784884.0
2020,Sep,ระยอง,784884.0
2020,Oct,ระยอง,784884.0
2020,Nov,ระยอง,784884.0
2020,Dec,ระยอง,784884.0
2021,Jan,ระยอง,801133.0
2021,Feb,ระยอง,801133.0
2021,Mar,ระยอง,801133.0
2021,Apr,ระยอง,801133.0
2021,May,ระยอง,801133.0
2021,Jun,ระยอง,801133.0
2021,Jul,ระยอง,801133.0
2021,Aug,ระยอง,801133.0
2021,Sep,ระยอง,801133.0
2021,Oct,ระยอง,801133.0
2021,Nov,ระยอง,801133.0
2021,Dec,ระยอง,801133.0
2022,Jan,ระยอง,828645.0
2022,Feb,ระยอง,828645.0
2022,Mar,ระยอง,828645.0
2022,Apr,ระยอง,828645.0
2022,May,ระยอง,828645.0
2022,Jun,ระยอง,828645.0
2022,Jul,ระยอง,828645.0
2022,Aug,ระยอง,828645.0
2022,Sep,ระยอง,828645.0
2022,Oct,ระยอง,828645.0
2022,Nov,ระยอง,828645.0
2022,Dec,ระยอง,828645.0
2023,Jan,ระยอง,859446.0
2023,Feb,ระยอง,859446.0
2023,Mar,ระยอง,859446.0
2023,Apr,ระยอง,859446.0
2023,May,ระยอง,859446.0
2023,Jun,ระยอง,859446.0
2023,Jul,ระยอง,859446.0
2023,Aug,ระยอง,859446.0
2023,Sep,ระยอง,859446.0
2023,Oct,ระยอง,859446.0
2023,Nov,ระยอง,859446.0
2023,Dec,ระยอง,859446.0
2024,Jan,ระยอง,
2024,Feb,ระยอง,
2024,Mar,ระยอง,
2024,Apr,ระยอง,
2024,May,ระยอง,
2024,Jun,ระยอง,
2024,Jul,ระยอง,
2024,Aug,ระยอง,
2024,Sep,ระยอง,
2024,Oct,ระยอง,
2024,Nov,ระยอง,
2024,Dec,ระยอง,
2020,Jan,จันทบุรี,416371.0
2020,Feb,จันทบุรี,416371.0
2020,Mar,จันทบุรี,416371.0
2020,Apr,จันทบุรี,416371.0
2020,May,จันทบุรี,416371.0
2020,Jun,จันทบุรี,416371.0
2020,Jul,จันทบุรี,416371.0
2020,Aug,จันทบุรี,416371.0
2020,Sep,จันทบุรี,416371.0
2020,Oct,จันทบุรี,416371.0
2020,Nov,จันทบุรี,416371.0
2020,Dec,จันทบุรี,416371.0
2021,Jan,จันทบุรี,425985.0
2021,Feb,จันทบุรี,425985.0
2021,Mar,จันทบุรี,425985.0
2021,Apr,จันทบุรี,425985.0
2021,May,จันทบุรี,425985.0
2021,Jun,จันทบุรี,425985.0
2021,Jul,จันทบุรี,425985.0
2021,Aug,จันทบุรี,425985.0
2021,Sep,จันทบุรี,425985.0
2021,Oct,จันทบุรี,425985.0
2021,Nov,จันทบุรี,425985.0
2021,Dec,จันทบุรี,425985.0
2022,Jan,จันทบุรี,435709.0
2022,Feb,จันทบุรี,435709.0
2022,Mar,จันทบุรี,435709.0
2022,Apr,จันทบุรี,435709.0
2022,May,จันทบุรี,435709.0
2022,Jun,จันทบุรี,435709.0
2022,Jul,จันทบุรี,435709.0
2022,Aug,จันทบุรี,435709.0
2022,Sep,จันทบุรี,435709.0
2022,Oct,จันทบุรี,435709.0
2022,Nov,จันทบุรี,435709.0
2022,Dec,จันทบุรี,435709.0
2023,Jan,จันทบุรี,441968.0
2023,Feb,จันทบุรี,441968.0
2023,Mar,จันทบุรี,441968.0
2023,Apr,จันทบุรี,441968.0
2023,May,จันทบุรี,441968.0
2023,Jun,จันทบุรี,441968.0
2023,Jul,จันทบุรี,441968.0
2023,Aug,จันทบุรี,441968.0
2023,Sep,จันทบุรี,441968.0
2023,Oct,จันทบุรี,441968.0
2023,Nov,จันทบุรี,441968.0
2023,Dec,จันทบุรี,441968.0
2024,Jan,จันทบุรี,
2024,Feb,จันทบุรี,
2024,Mar,จันทบุรี,
2024,Apr,จันทบุรี,
2024,May,จันทบุรี,
2024,Jun,จันทบุรี,
2024,Jul,จันทบุรี,
2024,Aug,จันทบุรี,
2024,Sep,จันทบุรี,
2024,Oct,จันทบุรี,
2024,Nov,จันทบุรี,
2024,Dec,จันทบุรี,
2020,Jan,ตราด,134286.0
2020,Feb,ตราด,134286.0
2020,Mar,ตราด,134286.0
2020,Apr,ตราด,134286.0
2020,May,ตราด,134286.0
2020,Jun,ตราด,134286.0
2020,Jul,ตราด,134286.0
2020,Aug,ตราด,134286.0
2020,Sep,ตราด,134286.0
2020,Oct,ตราด,134286.0
2020,Nov,ตราด,134286.0
2020,Dec,ตราด,134286.0
2021,Jan,ตราด,134533.0
2021,Feb,ตราด,134533.0
2021,Mar,ตราด,134533.0
2021,Apr,ตราด,134533.0
2021,May,ตราด,134533.0
2021,Jun,ตราด,134533.0
2021,Jul,ตราด,134533.0
2021,Aug,ตราด,134533.0
2021,Sep,ตราด,134533.0
2021,Oct,ตราด,134533.0
2021,Nov,ตราด,134533.0
2021,Dec,ตราด,134533.0
2022,Jan,ตราด,136727.0
2022,Feb,ตราด,136727.0
2022,Mar,ตราด,136727.0
2022,Apr,ตราด,136727.0
2022,May,ตราด,136727.0
2022,Jun,ตราด,136727.0
2022,Jul,ตราด,136727.0
2022,Aug,ตราด,136727.0
2022,Sep,ตราด,136727.0
2022,Oct,ตราด,136727.0
2022,Nov,ตราด,136727.0
2022,Dec,ตราด,136727.0
2023,Jan,ตราด,139246.0
2023,Feb,ตราด,139246.0
2023,Mar,ตราด,139246.0
2023,Apr,ตราด,139246.0
2023,May,ตราด,139246.0
2023,Jun,ตราด,139246.0
2023,Jul,ตราด,139246.0
2023,Aug,ตราด,139246.0
2023,Sep,ตราด,139246.0
2023,Oct,ตราด,139246.0
2023,Nov,ตราด,139246.0
2023,Dec,ตราด,139246.0
2024,Jan,ตราด,
2024,Feb,ตราด,
2024,Mar,ตราด,
2024,Apr,ตราด,
2024,May,ตราด,
2024,Jun,ตราด,
2024,Jul,ตราด,
2024,Aug,ตราด,
2024,Sep,ตราด,
2024,Oct,ตราด,
2024,Nov,ตราด,
2024,Dec,ตราด,
2020,Jan,ฉะเชิงเทรา,426248.0
2020,Feb,ฉะเชิงเทรา,426248.0
2020,Mar,ฉะเชิงเทรา,426248.0
2020,Apr,ฉะเชิงเทรา,426248.0
2020,May,ฉะเชิงเทรา,426248.0
2020,Jun,ฉะเชิงเทรา,426248.0
2020,Jul,ฉะเชิงเทรา,426248.0
2020,Aug,ฉะเชิงเทรา,426248.0
2020,Sep,ฉะเชิงเทรา,426248.0
2020,Oct,ฉะเชิงเทรา,426248.0
2020,Nov,ฉะเชิงเทรา,426248.0
2020,Dec,ฉะเชิงเทรา,426248.0
2021,Jan,ฉะเชิงเทรา,432354.0
2021,Feb,ฉะเชิงเทรา,432354.0
2021,Mar,ฉะเชิงเทรา,432354.0
2021,Apr,ฉะเชิงเทรา,432354.0
2021,May,ฉะเชิงเทรา,432354.0
2021,Jun,ฉะเชิงเทรา,432354.0
2021,Jul,ฉะเชิงเทรา,432354.0
2021,Aug,ฉะเชิงเทรา,432354.0
2021,Sep,ฉะเชิงเทรา,432354.0
2021,Oct,ฉะเชิงเทรา,432354.0
2021,Nov,ฉะเชิงเทรา,432354.0
2021,Dec,ฉะเชิงเทรา,432354.0
2022,Jan,ฉะเชิงเทรา,441305.0
2022,Feb,ฉะเชิงเทรา,441305.0
2022,Mar,ฉะเชิงเทรา,441305.0
2022,Apr,ฉะเชิงเทรา,441305.0
2022,May,ฉะเชิงเทรา,441305.0
2022,Jun,ฉะเชิงเทรา,441305.0
2022,Jul,ฉะเชิงเทรา,441305.0
2022,Aug,ฉะเชิงเทรา,441305.0
2022,Sep,ฉะเชิงเทรา,441305.0
2022,Oct,ฉะเชิงเทรา,441305.0
2022,Nov,ฉะเชิงเทรา,441305.0
2022,Dec,ฉะเชิงเทรา,441305.0
2023,Jan,ฉะเชิงเทรา,445967.0
2023,Feb,ฉะเชิงเทรา,445967.0
2023,Mar,ฉะเชิงเทรา,445967.0
2023,Apr,ฉะเชิงเทรา,445967.0
2023,May,ฉะเชิงเทรา,445967.0
2023,Jun,ฉะเชิงเทรา,445967.0
2023,Jul,ฉะเชิงเทรา,445967.0
2023,Aug,ฉะเชิงเทรา,445967.0
2023,Sep,ฉะเชิงเทรา,445967.0
2023,Oct,ฉะเชิงเทรา,445967.0
2023,Nov,ฉะเชิงเทรา,445967.0
2023,Dec,ฉะเชิงเทรา,445967.0
2024,Jan,ฉะเชิงเทรา,
2024,Feb,ฉะเชิงเทรา,
2024,Mar,ฉะเชิงเทรา,
2024,Apr,ฉะเชิงเทรา,
2024,May,ฉะเชิงเทรา,
2024,Jun,ฉะเชิงเทรา,
2024,Jul,ฉะเชิงเทรา,
2024,Aug,ฉะเชิงเทรา,
2024,Sep,ฉะเชิงเทรา,
2024,Oct,ฉะเชิงเทรา,
2024,Nov,ฉะเชิงเทรา,
2024,Dec,ฉะเชิงเทรา,
2020,Jan,ปราจีนบุรี,279467.0
2020,Feb,ปราจีนบุรี,279467.0
2020,Mar,ปราจีนบุรี,279467.0
2020,Apr,ปราจีนบุรี,279467.0
2020,May,ปราจีนบุรี,279467.0
2020,Jun,ปราจีนบุรี,279467.0
2020,Jul,ปราจีนบุรี,279467.0
2020,Aug,ปราจีนบุรี,279467.0
2020,Sep,ปราจีนบุรี,279467.0
2020,Oct,ปราจีนบุรี,279467.0
2020,Nov,ปราจีนบุรี,279467.0
2020,Dec,ปราจีนบุรี,279467.0
2021,Jan,ปราจีนบุรี,285652.0
2021,Feb,ปราจีนบุรี,285652.0
2021,Mar,ปราจีนบุรี,285652.0
2021,Apr,ปราจีนบุรี,285652.0
2021,May,ปราจีนบุรี,285652.0
2021,Jun,ปราจีนบุรี,285652.0
2021,Jul,ปราจีนบุรี,285652.0
2021,Aug,ปราจีนบุรี,285652.0
2021,Sep,ปราจีนบุรี,285652.0
2021,Oct,ปราจีนบุรี,285652.0
2021,Nov,ปราจีนบุรี,285652.0
2021,Dec,ปราจีนบุรี,285652.0
2022,Jan,ปราจีนบุรี,293713.0
2022,Feb,ปราจีนบุรี,293713.0
2022,Mar,ปราจีนบุรี,293713.0
2022,Apr,ปราจีนบุรี,293713.0
2022,May,ปราจีนบุรี,293713.0
2022,Jun,ปราจีนบุรี,293713.0
2022,Jul,ปราจีนบุรี,293713.0
2022,Aug,ปราจีนบุรี,293713.0
2022,Sep,ปราจีนบุรี,293713.0
2022,Oct,ปราจีนบุรี,293713.0
2022,Nov,ปราจีนบุรี,293713.0
2022,Dec,ปราจีนบุรี,293713.0
2023,Jan,ปราจีนบุรี,301296.0
2023,Feb,ปราจีนบุรี,301296.0
2023,Mar,ปราจีนบุรี,301296.0
2023,Apr,ปราจีนบุรี,301296.0
2023,May,ปราจีนบุรี,301296.0
2023,Jun,ปราจีนบุรี,301296.0
2023,Jul,ปราจีนบุรี,301296.0
2023,Aug,ปราจีนบุรี,301296.0
2023,Sep,ปราจีนบุรี,301296.0
2023,Oct,ปราจีนบุรี,301296.0
2023,Nov,ปราจีนบุรี,301296.0
2023,Dec,ปราจีนบุรี,301296.0
2024,Jan,ปราจีนบุรี,
2024,Feb,ปราจีนบุรี,
2024,Mar,ปราจีนบุรี,
2024,Apr,ปราจีนบุรี,
2024,May,ปราจีนบุรี,
2024,Jun,ปราจีนบุรี,
2024,Jul,ปราจีนบุรี,
2024,Aug,ปราจีนบุรี,
2024,Sep,ปราจีนบุรี,
2024,Oct,ปราจีนบุรี,
2024,Nov,ปราจีนบุรี,
2024,Dec,ปราจีนบุรี,
2020,Jan,นครนายก,136953.0
2020,Feb,นครนายก,136953.0
2020,Mar,นครนายก,136953.0
2020,Apr,นครนายก,136953.0
2020,May,นครนายก,136953.0
2020,Jun,นครนายก,136953.0
2020,Jul,นครนายก,136953.0
2020,Aug,นครนายก,136953.0
2020,Sep,นครนายก,136953.0
2020,Oct,นครนายก,136953.0
2020,Nov,นครนายก,136953.0
2020,Dec,นครนายก,136953.0
2021,Jan,นครนายก,139094.0
2021,Feb,นครนายก,139094.0
2021,Mar,นครนายก,139094.0
2021,Apr,นครนายก,139094.0
2021,May,นครนายก,139094.0
2021,Jun,นครนายก,139094.0
2021,Jul,นครนายก,139094.0
2021,Aug,นครนายก,139094.0
2021,Sep,นครนายก,139094.0
2021,Oct,นครนายก,139094.0
2021,Nov,นครนายก,139094.0
2021,Dec,นครนายก,139094.0
2022,Jan,นครนายก,142658.0
2022,Feb,นครนายก,142658.0
2022,Mar,นครนายก,142658.0
2022,Apr,นครนายก,142658.0
2022,May,นครนายก,142658.0
2022,Jun,นครนายก,142658.0
2022,Jul,นครนายก,142658.0
2022,Aug,นครนายก,142658.0
2022,Sep,นครนายก,142658.0
2022,Oct,นครนายก,142658.0
2022,Nov,นครนายก,142658.0
2022,Dec,นครนายก,142658.0
2023,Jan,นครนายก,146532.0
2023,Feb,นครนายก,146532.0
2023,Mar,นครนายก,146532.0
2023,Apr,นครนายก,146532.0
2023,May,นครนายก,146532.0
2023,Jun,นครนายก,146532.0
2023,Jul,นครนายก,146532.0
2023,Aug,นครนายก,146532.0
2023,Sep,นครนายก,146532.0
2023,Oct,นครนายก,146532.0
2023,Nov,นครนายก,146532.0
2023,Dec,นครนายก,146532.0
2024,Jan,นครนายก,
2024,Feb,นครนายก,
2024,Mar,นครนายก,
2024,Apr,นครนายก,
2024,May,นครนายก,
2024,Jun,นครนายก,
2024,Jul,นครนายก,
2024,Aug,นครนายก,
2024,Sep,นครนายก,
2024,Oct,นครนายก,
2024,Nov,นครนายก,
2024,Dec,นครนายก,
2020,Jan,สระแก้ว,262575.0
2020,Feb,สระแก้ว,262575.0
2020,Mar,สระแก้ว,262575.0
2020,Apr,สระแก้ว,262575.0
2020,May,สระแก้ว,262575.0
2020,Jun,สระแก้ว,262575.0
2020,Jul,สระแก้ว,262575.0
2020,Aug,สระแก้ว,262575.0
2020,Sep,สระแก้ว,262575.0
2020,Oct,สระแก้ว,262575.0
2020,Nov,สระแก้ว,262575.0
2020,Dec,สระแก้ว,262575.0
2021,Jan,สระแก้ว,274079.0
2021,Feb,สระแก้ว,274079.0
2021,Mar,สระแก้ว,274079.0
2021,Apr,สระแก้ว,274079.0
2021,May,สระแก้ว,274079.0
2021,Jun,สระแก้ว,274079.0
2021,Jul,สระแก้ว,274079.0
2021,Aug,สระแก้ว,274079.0
2021,Sep,สระแก้ว,274079.0
2021,Oct,สระแก้ว,274079.0
2021,Nov,สระแก้ว,274079.0
2021,Dec,สระแก้ว,274079.0
2022,Jan,สระแก้ว,288531.0
2022,Feb,สระแก้ว,288531.0
2022,Mar,สระแก้ว,288531.0
2022,Apr,สระแก้ว,288531.0
2022,May,สระแก้ว,288531.0
2022,Jun,สระแก้ว,288531.0
2022,Jul,สระแก้ว,288531.0
2022,Aug,สระแก้ว,288531.0
2022,Sep,สระแก้ว,288531.0
2022,Oct,สระแก้ว,288531.0
2022,Nov,สระแก้ว,288531.0
2022,Dec,สระแก้ว,288531.0
2023,Jan,สระแก้ว,300667.0
2023,Feb,สระแก้ว,300667.0
2023,Mar,สระแก้ว,300667.0
2023,Apr,สระแก้ว,300667.0
2023,May,สระแก้ว,300667.0
2023,Jun,สระแก้ว,300667.0
2023,Jul,สระแก้ว,300667.0
2023,Aug,สระแก้ว,300667.0
2023,Sep,สระแก้ว,300667.0
2023,Oct,สระแก้ว,300667.0
2023,Nov,สระแก้ว,300667.0
2023,Dec,สระแก้ว,300667.0
2024,Jan,สระแก้ว,
2024,Feb,สระแก้ว,
2024,Mar,สระแก้ว,
2024,Apr,สระแก้ว,
2024,May,สระแก้ว,
2024,Jun,สระแก้ว,
2024,Jul,สระแก้ว,
2024,Aug,สระแก้ว,
2024,Sep,สระแก้ว,
2024,Oct,สระแก้ว,
2024,Nov,สระแก้ว,
2024,Dec,สระแก้ว,
2020,Jan,ราชบุรี,520878.0
2020,Feb,ราชบุรี,520878.0
2020,Mar,ราชบุรี,520878.0
2020,Apr,ราชบุรี,520878.0
2020,May,ราชบุรี,520878.0
2020,Jun,ราชบุรี,520878.0
2020,Jul,ราชบุรี,520878.0
2020,Aug,ราชบุรี,520878.0
2020,Sep,ราชบุรี,520878.0
2020,Oct,ราชบุรี,520878.0
2020,Nov,ราชบุรี,520878.0
2020,Dec,ราชบุรี,520878.0
2021,Jan,ราชบุรี,529614.0
2021,Feb,ราชบุรี,529614.0
2021,Mar,ราชบุรี,529614.0
2021,Apr,ราชบุรี,529614.0
2021,May,ราชบุรี,529614.0
2021,Jun,ราชบุรี,529614.0
2021,Jul,ราชบุรี,529614.0
2021,Aug,ราชบุรี,529614.0
2021,Sep,ราชบุรี,529614.0
2021,Oct,ราชบุรี,529614.0
2021,Nov,ราชบุรี,529614.0
2021,Dec,ราชบุรี,529614.0
2022,Jan,ราชบุรี,539875.0
2022,Feb,ราชบุรี,539875.0
2022,Mar,ราชบุรี,539875.0
2022,Apr,ราชบุรี,539875.0
2022,May,ราชบุรี,539875.0
2022,Jun,ราชบุรี,539875.0
2022,Jul,ราชบุรี,539875.0
2022,Aug,ราชบุรี,539875.0
2022,Sep,ราชบุรี,539875.0
2022,Oct,ราชบุรี,539875.0
2022,Nov,ราชบุรี,539875.0
2022,Dec,ราชบุรี,539875.0
2023,Jan,ราชบุรี,550435.0
2023,Feb,ราชบุรี,550435.0
2023,Mar,ราชบุรี,550435.0
2023,Apr,ราชบุรี,550435.0
2023,May,ราชบุรี,550435.0
2023,Jun,ราชบุรี,550435.0
2023,Jul,ราชบุรี,550435.0
2023,Aug,ราชบุรี,550435.0
2023,Sep,ราชบุรี,550435.0
2023,Oct,ราชบุรี,550435.0
2023,Nov,ราชบุรี,550435.0
2023,Dec,ราชบุรี,550435.0
2024,Jan,ราชบุรี,
2024,Feb,ราชบุรี,
2024,Mar,ราชบุรี,
2024,Apr,ราชบุรี,
2024,May,ราชบุรี,
2024,Jun,ราชบุรี,
2024,Jul,ราชบุรี,
2024,Aug,ราชบุรี,
2024,Sep,ราชบุรี,
2024,Oct,ราชบุรี,
2024,Nov,ราชบุรี,
2024,Dec,ราชบุรี,
2020,Jan,กาญจนบุรี,413278.0
2020,Feb,กาญจนบุรี,413278.0
2020,Mar,กาญจนบุรี,413278.0
2020,Apr,กาญจนบุรี,413278.0
2020,May,กาญจนบุรี,413278.0
2020,Jun,กาญจนบุรี,413278.0
2020,Jul,กาญจนบุรี,413278.0
2020,Aug,กาญจนบุรี,413278.0
2020,Sep,กาญจนบุรี,413278.0
2020,Oct,กาญจนบุรี,413278.0
2020,Nov,กาญจนบุรี,413278.0
2020,Dec,กาญจนบุรี,413278.0
2021,Jan,กาญจนบุรี,417909.0
2021,Feb,กาญจนบุรี,417909.0
2021,Mar,กาญจนบุรี,417909.0
2021,Apr,กาญจนบุรี,417909.0
2021,May,กาญจนบุรี,417909.0
2021,Jun,กาญจนบุรี,417909.0
2021,Jul,กาญจนบุรี,417909.0
2021,Aug,กาญจนบุรี,417909.0
2021,Sep,กาญจนบุรี,417909.0
2021,Oct,กาญจนบุรี,417909.0
2021,Nov,กาญจนบุรี,417909.0
2021,Dec,กาญจนบุรี,417909.0
2022,Jan,กาญจนบุรี,422530.0
2022,Feb,กาญจนบุรี,422530.0
2022,Mar,กาญจนบุรี,422530.0
2022,Apr,กาญจนบุรี,422530.0
2022,May,กาญจนบุรี,422530.0
2022,Jun,กาญจนบุรี,422530.0
2022,Jul,กาญจนบุรี,422530.0
2022,Aug,กาญจนบุรี,422530.0
2022,Sep,กาญจนบุรี,422530.0
2022,Oct,กาญจนบุรี,422530.0
2022,Nov,กาญจนบุรี,422530.0
2022,Dec,กาญจนบุรี,422530.0
2023,Jan,กาญจนบุรี,428256.0
2023,Feb,กาญจนบุรี,428256.0
2023,Mar,กาญจนบุรี,428256.0
2023,Apr,กาญจนบุรี,428256.0
2023,May,กาญจนบุรี,428256.0
2023,Jun,กาญจนบุรี,428256.0
2023,Jul,กาญจนบุรี,428256.0
2023,Aug,กาญจนบุรี,428256.0
2023,Sep,กาญจนบุรี,428256.0
2023,Oct,กาญจนบุรี,428256.0
2023,Nov,กาญจนบุรี,428256.0
2023,Dec,กาญจนบุรี,428256.0
2024,Jan,กาญจนบุรี,
2024,Feb,กาญจนบุรี,
2024,Mar,กาญจนบุรี,
2024,Apr,กาญจนบุรี,
2024,May,กาญจนบุรี,
2024,Jun,กาญจนบุรี,
2024,Jul,กาญจนบุรี,
2024,Aug,กาญจนบุรี,
2024,Sep,กาญจนบุรี,
2024,Oct,กาญจนบุรี,
2024,Nov,กาญจนบุรี,
2024,Dec,กาญจนบุรี,
2020,Jan,สุพรรณบุรี,504003.0
2020,Feb,สุพรรณบุรี,504003.0
2020,Mar,สุพรรณบุรี,504003.0
2020,Apr,สุพรรณบุรี,504003.0
2020,May,สุพรรณบุรี,504003.0
2020,Jun,สุพรรณบุรี,504003.0
2020,Jul,สุพรรณบุรี,504003.0
2020,Aug,สุพรรณบุรี,504003.0
2020,Sep,สุพรรณบุรี,504003.0
2020,Oct,สุพรรณบุรี,504003.0
2020,Nov,สุพรรณบุรี,504003.0
2020,Dec,สุพรรณบุรี,504003.0
2021,Jan,สุพรรณบุรี,508828.0
2021,Feb,สุพรรณบุรี,508828.0
2021,Mar,สุพรรณบุรี,508828.0
2021,Apr,สุพรรณบุรี,508828.0
2021,May,สุพรรณบุรี,508828.0
2021,Jun,สุพรรณบุรี,508828.0
2021,Jul,สุพรรณบุรี,508828.0
2021,Aug,สุพรรณบุรี,508828.0
2021,Sep,สุพรรณบุรี,508828.0
2021,Oct,สุพรรณบุรี,508828.0
2021,Nov,สุพรรณบุรี,508828.0
2021,Dec,สุพรรณบุรี,508828.0
2022,Jan,สุพรรณบุรี,512457.0
2022,Feb,สุพรรณบุรี,512457.0
2022,Mar,สุพรรณบุรี,512457.0
2022,Apr,สุพรรณบุรี,512457.0
2022,May,สุพรรณบุรี,512457.0
2022,Jun,สุพรรณบุรี,512457.0
2022,Jul,สุพรรณบุรี,512457.0
2022,Aug,สุพรรณบุรี,512457.0
2022,Sep,สุพรรณบุรี,512457.0
2022,Oct,สุพรรณบุรี,512457.0
2022,Nov,สุพรรณบุรี,512457.0
2022,Dec,สุพรรณบุรี,512457.0
2023,Jan,สุพรรณบุรี,516089.0
2023,Feb,สุพรรณบุรี,516089.0
2023,Mar,สุพรรณบุรี,516089.0
2023,Apr,สุพรรณบุรี,516089.0
2023,May,สุพรรณบุรี,516089.0
2023,Jun,สุพรรณบุรี,516089.0
2023,Jul,สุพรรณบุรี,516089.0
2023,Aug,สุพรรณบุรี,516089.0
2023,Sep,สุพรรณบุรี,516089.0
2023,Oct,สุพรรณบุรี,516089.0
2023,Nov,สุพรรณบุรี,516089.0
2023,Dec,สุพรรณบุรี,516089.0
2024,Jan,สุพรรณบุรี,
2024,Feb,สุพรรณบุรี,
2024,Mar,สุพรรณบุรี,
2024,Apr,สุพรรณบุรี,
2024,May,สุพรรณบุรี,
2024,Jun,สุพรรณบุรี,
2024,Jul,สุพรรณบุรี,
2024,Aug,สุพรรณบุรี,
2024,Sep,สุพรรณบุรี,
2024,Oct,สุพรรณบุรี,
2024,Nov,สุพรรณบุรี,
2024,Dec,สุพรรณบุรี,
2020,Jan,นครปฐม,504023.0
2020,Feb,นครปฐม,504023.0
2020,Mar,นครปฐม,504023.0
2020,Apr,นครปฐม,504023.0
2020,May,นครปฐม,504023.0
2020,Jun,นครปฐม,504023.0
2020,Jul,นครปฐม,504023.0
2020,Aug,นครปฐม,504023.0
2020,Sep,นครปฐม,504023.0
2020,Oct,นครปฐม,504023.0
2020,Nov,นครปฐม,504023.0
2020,Dec,นครปฐม,504023.0
2021,Jan,นครปฐม,510639.0
2021,Feb,นครปฐม,510639.0
2021,Mar,นครปฐม,510639.0
2021,Apr,นครปฐม,510639.0
2021,May,นครปฐม,510639.0
2021,Jun,นครปฐม,510639.0
2021,Jul,นครปฐม,510639.0
2021,Aug,นครปฐม,510639.0
2021,Sep,นครปฐม,510639.0
2021,Oct,นครปฐม,510639.0
2021,Nov,นครปฐม,510639.0
2021,Dec,นครปฐม,510639.0
2022,Jan,นครปฐม,518617.0
2022,Feb,นครปฐม,518617.0
2022,Mar,นครปฐม,518617.0
2022,Apr,นครปฐม,518617.0
2022,May,นครปฐม,518617.0
2022,Jun,นครปฐม,518617.0
2022,Jul,นครปฐม,518617.0
2022,Aug,นครปฐม,518617.0
2022,Sep,นครปฐม,518617.0
2022,Oct,นครปฐม,518617.0
2022,Nov,นครปฐม,518617.0
2022,Dec,นครปฐม,518617.0
2023,Jan,นครปฐม,528612.0
2023,Feb,นครปฐม,528612.0
2023,Mar,นครปฐม,528612.0
2023,Apr,นครปฐม,528612.0
2023,May,นครปฐม,528612.0
2023,Jun,นครปฐม,528612.0
2023,Jul,นครปฐม,528612.0
2023,Aug,นครปฐม,528612.0
2023,Sep,นครปฐม,528612.0
2023,Oct,นครปฐม,528612.0
2023,Nov,นครปฐม,528612.0
2023,Dec,นครปฐม,528612.0
2024,Jan,นครปฐม,
2024,Feb,นครปฐม,
2024,Mar,นครปฐม,
2024,Apr,นครปฐม,
2024,May,นครปฐม,
2024,Jun,นครปฐม,
2024,Jul,นครปฐม,
2024,Aug,นครปฐม,
2024,Sep,นครปฐม,
2024,Oct,นครปฐม,
2024,Nov,นครปฐม,
2024,Dec,นครปฐม,
2020,Jan,สมุทรสาคร,244894.0
2020,Feb,สมุทรสาคร,244894.0
2020,Mar,สมุทรสาคร,244894.0
2020,Apr,สมุทรสาคร,244894.0
2020,May,สมุทรสาคร,244894.0
2020,Jun,สมุทรสาคร,244894.0
2020,Jul,สมุทรสาคร,244894.0
2020,Aug,สมุทรสาคร,244894.0
2020,Sep,สมุทรสาคร,244894.0
2020,Oct,สมุทรสาคร,244894.0
2020,Nov,สมุทรสาคร,244894.0
2020,Dec,สมุทรสาคร,244894.0
2021,Jan,สมุทรสาคร,247795.0
2021,Feb,สมุทรสาคร,247795.0
2021,Mar,สมุทรสาคร,247795.0
2021,Apr,สมุทรสาคร,247795.0
2021,May,สมุทรสาคร,247795.0
2021,Jun,สมุทรสาคร,247795.0
2021,Jul,สมุทรสาคร,247795.0
2021,Aug,สมุทรสาคร,247795.0
2021,Sep,สมุทรสาคร,247795.0
2021,Oct,สมุทรสาคร,247795.0
2021,Nov,สมุทรสาคร,247795.0
2021,Dec,สมุทรสาคร,247795.0
2022,Jan,สมุทรสาคร,256536.0
2022,Feb,สมุทรสาคร,256536.0
2022,Mar,สมุทรสาคร,256536.0
2022,Apr,สมุทรสาคร,256536.0
2022,May,สมุทรสาคร,256536.0
2022,Jun,สมุทรสาคร,256536.0
2022,Jul,สมุทรสาคร,256536.0
2022,Aug,สมุทรสาคร,256536.0
2022,Sep,สมุทรสาคร,256536.0
2022,Oct,สมุทรสาคร,256536.0
2022,Nov,สมุทรสาคร,256536.0
2022,Dec,สมุทรสาคร,256536.0
2023,Jan,สมุทรสาคร,268122.0
2023,Feb,สมุทรสาคร,268122.0
2023,Mar,สมุทรสาคร,268122.0
2023,Apr,สมุทรสาคร,268122.0
2023,May,สมุทรสาคร,268122.0
2023,Jun,สมุทรสาคร,268122.0
2023,Jul,สมุทรสาคร,268122.0
2023,Aug,สมุทรสาคร,268122.0
2023,Sep,สมุทรสาคร,268122.0
2023,Oct,สมุทรสาคร,268122.0
2023,Nov,สมุทรสาคร,268122.0
2023,Dec,สมุทรสาคร,268122.0
2024,Jan,สมุทรสาคร,
2024,Feb,สมุทรสาคร,
2024,Mar,สมุทรสาคร,
2024,Apr,สมุทรสาคร,
2024,May,สมุทรสาคร,
2024,Jun,สมุทรสาคร,
2024,Jul,สมุทรสาคร,
2024,Aug,สมุทรสาคร,
2024,Sep,สมุทรสาคร,
2024,Oct,สมุทรสาคร,
2024,Nov,สมุทรสาคร,
2024,Dec,สมุทรสาคร,
2020,Jan,สมุทรสงคราม,80262.0
2020,Feb,สมุทรสงคราม,80262.0
2020,Mar,สมุทรสงคราม,80262.0
2020,Apr,สมุทรสงคราม,80262.0
2020,May,สมุทรสงคราม,80262.0
2020,Jun,สมุทรสงคราม,80262.0
2020,Jul,สมุทรสงคราม,80262.0
2020,Aug,สมุทรสงคราม,80262.0
2020,Sep,สมุทรสงคราม,80262.0
2020,Oct,สมุทรสงคราม,80262.0
2020,Nov,สมุทรสงคราม,80262.0
2020,Dec,สมุทรสงคราม,80262.0
2021,Jan,สมุทรสงคราม,82108.0
2021,Feb,สมุทรสงคราม,82108.0
2021,Mar,สมุทรสงคราม,82108.0
2021,Apr,สมุทรสงคราม,82108.0
2021,May,สมุทรสงคราม,82108.0
2021,Jun,สมุทรสงคราม,82108.0
2021,Jul,สมุทรสงคราม,82108.0
2021,Aug,สมุทรสงคราม,82108.0
2021,Sep,สมุทรสงคราม,82108.0
2021,Oct,สมุทรสงคราม,82108.0
2021,Nov,สมุทรสงคราม,82108.0
2021,Dec,สมุทรสงคราม,82108.0
2022,Jan,สมุทรสงคราม,84345.0
2022,Feb,สมุทรสงคราม,84345.0
2022,Mar,สมุทรสงคราม,84345.0
2022,Apr,สมุทรสงคราม,84345.0
2022,May,สมุทรสงคราม,84345.0
2022,Jun,สมุทรสงคราม,84345.0
2022,Jul,สมุทรสงคราม,84345.0
2022,Aug,สมุทรสงคราม,84345.0
2022,Sep,สมุทรสงคราม,84345.0
2022,Oct,สมุทรสงคราม,84345.0
2022,Nov,สมุทรสงคราม,84345.0
2022,Dec,สมุทรสงคราม,84345.0
2023,Jan,สมุทรสงคราม,86445.0
2023,Feb,สมุทรสงคราม,86445.0
2023,Mar,สมุทรสงคราม,86445.0
2023,Apr,สมุทรสงคราม,86445.0
2023,May,สมุทรสงคราม,86445.0
2023,Jun,สมุทรสงคราม,86445.0
2023,Jul,สมุทรสงคราม,86445.0
2023,Aug,สมุทรสงคราม,86445.0
2023,Sep,สมุทรสงคราม,86445.0
2023,Oct,สมุทรสงคราม,86445.0
2023,Nov,สมุทรสงคราม,86445.0
2023,Dec,สมุทรสงคราม,86445.0
2024,Jan,สมุทรสงคราม,
2024,Feb,สมุทรสงคราม,
2024,Mar,สมุทรสงคราม,
2024,Apr,สมุทรสงคราม,
2024,May,สมุทรสงคราม,
2024,Jun,สมุทรสงคราม,
2024,Jul,สมุทรสงคราม,
2024,Aug,สมุทรสงคราม,
2024,Sep,สมุทรสงคราม,
2024,Oct,สมุทรสงคราม,
2024,Nov,สมุทรสงคราม,
2024,Dec,สมุทรสงคราม,
2020,Jan,เพชรบุรี,343939.0
2020,Feb,เพชรบุรี,343939.0
2020,Mar,เพชรบุรี,343939.0
2020,Apr,เพชรบุรี,343939.0
2020,May,เพชรบุรี,343939.0
2020,Jun,เพชรบุรี,343939.0
2020,Jul,เพชรบุรี,343939.0
2020,Aug,เพชรบุรี,343939.0
2020,Sep,เพชรบุรี,343939.0
2020,Oct,เพชรบุรี,343939.0
2020,Nov,เพชรบุรี,343939.0
2020,Dec,เพชรบุรี,343939.0
2021,Jan,เพชรบุรี,350778.0
2021,Feb,เพชรบุรี,350778.0
2021,Mar,เพชรบุรี,350778.0
2021,Apr,เพชรบุรี,350778.0
2021,May,เพชรบุรี,350778.0
2021,Jun,เพชรบุรี,350778.0
2021,Jul,เพชรบุรี,350778.0
2021,Aug,เพชรบุรี,350778.0
2021,Sep,เพชรบุรี,350778.0
2021,Oct,เพชรบุรี,350778.0
2021,Nov,เพชรบุรี,350778.0
2021,Dec,เพชรบุรี,350778.0
2022,Jan,เพชรบุรี,359931.0
2022,Feb,เพชรบุรี,359931.0
2022,Mar,เพชรบุรี,359931.0
2022,Apr,เพชรบุรี,359931.0
2022,May,เพชรบุรี,359931.0
2022,Jun,เพชรบุรี,359931.0
2022,Jul,เพชรบุรี,359931.0
2022,Aug,เพชรบุรี,359931.0
2022,Sep,เพชรบุรี,359931.0
2022,Oct,เพชรบุรี,359931.0
2022,Nov,เพชรบุรี,359931.0
2022,Dec,เพชรบุรี,359931.0
2023,Jan,เพชรบุรี,366474.0
2023,Feb,เพชรบุรี,366474.0
2023,Mar,เพชรบุรี,366474.0
2023,Apr,เพชรบุรี,366474.0
2023,May,เพชรบุรี,366474.0
2023,Jun,เพชรบุรี,366474.0
2023,Jul,เพชรบุรี,366474.0
2023,Aug,เพชรบุรี,366474.0
2023,Sep,เพชรบุรี,366474.0
2023,Oct,เพชรบุรี,366474.0
2023,Nov,เพชรบุรี,366474.0
2023,Dec,เพชรบุรี,366474.0
2024,Jan,เพชรบุรี,
2024,Feb,เพชรบุรี,
2024,Mar,เพชรบุรี,
2024,Apr,เพชรบุรี,
2024,May,เพชรบุรี,
2024,Jun,เพชรบุรี,
2024,Jul,เพชรบุรี,
2024,Aug,เพชรบุรี,
2024,Sep,เพชรบุรี,
2024,Oct,เพชรบุรี,
2024,Nov,เพชรบุรี,
2024,Dec,เพชรบุรี,
2020,Jan,ประจวบคีรีขันธ์,346970.0
2020,Feb,ประจวบคีรีขันธ์,346970.0
2020,Mar,ประจวบคีรีขันธ์,346970.0
2020,Apr,ประจวบคีรีขันธ์,346970.0
2020,May,ประจวบคีรีขันธ์,346970.0
2020,Jun,ประจวบคีรีขันธ์,346970.0
2020,Jul,ประจวบคีรีขันธ์,346970.0
2020,Aug,ประจวบคีรีขันธ์,346970.0
2020,Sep,ประจวบคีรีขันธ์,346970.0
2020,Oct,ประจวบคีรีขันธ์,346970.0
2020,Nov,ประจวบคีรีขันธ์,346970.0
2020,Dec,ประจวบคีรีขันธ์,346970.0
2021,Jan,ประจวบคีรีขันธ์,349731.0
2021,Feb,ประจวบคีรีขันธ์,349731.0
2021,Mar,ประจวบคีรีขันธ์,349731.0
2021,Apr,ประจวบคีรีขันธ์,349731.0
2021,May,ประจวบคีรีขันธ์,349731.0
2021,Jun,ประจวบคีรีขันธ์,349731.0
2021,Jul,ประจวบคีรีขันธ์,349731.0
2021,Aug,ประจวบคีรีขันธ์,349731.0
2021,Sep,ประจวบคีรีขันธ์,349731.0
2021,Oct,ประจวบคีรีขันธ์,349731.0
2021,Nov,ประจวบคีรีขันธ์,349731.0
2021,Dec,ประจวบคีรีขันธ์,349731.0
2022,Jan,ประจวบคีรีขันธ์,353914.0
2022,Feb,ประจวบคีรีขันธ์,353914.0
2022,Mar,ประจวบคีรีขันธ์,353914.0
2022,Apr,ประจวบคีรีขันธ์,353914.0
2022,May,ประจวบคีรีขันธ์,353914.0
2022,Jun,ประจวบคีรีขันธ์,353914.0
2022,Jul,ประจวบคีรีขันธ์,353914.0
2022,Aug,ประจวบคีรีขันธ์,353914.0
2022,Sep,ประจวบคีรีขันธ์,353914.0
2022,Oct,ประจวบคีรีขันธ์,353914.0
2022,Nov,ประจวบคีรีขันธ์,353914.0
2022,Dec,ประจวบคีรีขันธ์,353914.0
2023,Jan,ประจวบคีรีขันธ์,357185.0
2023,Feb,ประจวบคีรีขันธ์,357185.0
2023,Mar,ประจวบคีรีขันธ์,357185.0
2023,Apr,ประจวบคีรีขันธ์,357185.0
2023,May,ประจวบคีรีขันธ์,357185.0
2023,Jun,ประจวบคีรีขันธ์,357185.0
2023,Jul,ประจวบคีรีขันธ์,357185.0
2023,Aug,ประจวบคีรีขันธ์,357185.0
2023,Sep,ประจวบคีรีขันธ์,357185.0
2023,Oct,ประจวบคีรีขันธ์,357185.0
2023,Nov,ประจวบคีรีขันธ์,357185.0
2023,Dec,ประจวบคีรีขันธ์,357185.0
2024,Jan,ประจวบคีรีขันธ์,
2024,Feb,ประจวบคีรีขันธ์,
2024,Mar,ประจวบคีรีขันธ์,
2024,Apr,ประจวบคีรีขันธ์,
2024,May,ประจวบคีรีขันธ์,
2024,Jun,ประจวบคีรีขันธ์,
2024,Jul,ประจวบคีรีขันธ์,
2024,Aug,ประจวบคีรีขันธ์,
2024,Sep,ประจวบคีรีขันธ์,
2024,Oct,ประจวบคีรีขันธ์,
2024,Nov,ประจวบคีรีขันธ์,
2024,Dec,ประจวบคีรีขันธ์,
2020,Jan,เชียงใหม่,1532297.0
2020,Feb,เชียงใหม่,1532297.0
2020,Mar,เชียงใหม่,1532297.0
2020,Apr,เชียงใหม่,1532297.0
2020,May,เชียงใหม่,1532297.0
2020,Jun,เชียงใหม่,1532297.0
2020,Jul,เชียงใหม่,1532297.0
2020,Aug,เชียงใหม่,1532297.0
2020,Sep,เชียงใหม่,1532297.0
2020,Oct,เชียงใหม่,1532297.0
2020,Nov,เชียงใหม่,1532297.0
2020,Dec,เชียงใหม่,1532297.0
2021,Jan,เชียงใหม่,1553728.0
2021,Feb,เชียงใหม่,1553728.0
2021,Mar,เชียงใหม่,1553728.0
2021,Apr,เชียงใหม่,1553728.0
2021,May,เชียงใหม่,1553728.0
2021,Jun,เชียงใหม่,1553728.0
2021,Jul,เชียงใหม่,1553728.0
2021,Aug,เชียงใหม่,1553728.0
2021,Sep,เชียงใหม่,1553728.0
2021,Oct,เชียงใหม่,1553728.0
2021,Nov,เชียงใหม่,1553728.0
2021,Dec,เชียงใหม่,1553728.0
2022,Jan,เชียงใหม่,1577123.0
2022,Feb,เชียงใหม่,1577123.0
2022,Mar,เชียงใหม่,1577123.0
2022,Apr,เชียงใหม่,1577123.0
2022,May,เชียงใหม่,1577123.0
2022,Jun,เชียงใหม่,1577123.0
2022,Jul,เชียงใหม่,1577123.0
2022,Aug,เชียงใหม่,1577123.0
2022,Sep,เชียงใหม่,1577123.0
2022,Oct,เชียงใหม่,1577123.0
2022,Nov,เชียงใหม่,1577123.0
2022,Dec,เชียงใหม่,1577123.0
2023,Jan,เชียงใหม่,1610122.0
2023,Feb,เชียงใหม่,1610122.0
2023,Mar,เชียงใหม่,1610122.0
2023,Apr,เชียงใหม่,1610122.0
2023,May,เชียงใหม่,1610122.0
2023,Jun,เชียงใหม่,1610122.0
2023,Jul,เชียงใหม่,1610122.0
2023,Aug,เชียงใหม่,1610122.0
2023,Sep,เชียงใหม่,1610122.0
2023,Oct,เชียงใหม่,1610122.0
2023,Nov,เชียงใหม่,1610122.0
2023,Dec,เชียงใหม่,1610122.0
2024,Jan,เชียงใหม่,
2024,Feb,เชียงใหม่,
2024,Mar,เชียงใหม่,
2024,Apr,เชียงใหม่,
2024,May,เชียงใหม่,
2024,Jun,เชียงใหม่,
2024,Jul,เชียงใหม่,
2024,Aug,เชียงใหม่,
2024,Sep,เชียงใหม่,
2024,Oct,เชียงใหม่,
2024,Nov,เชียงใหม่,
2024,Dec,เชียงใหม่,
2020,Jan,ลำพูน,285919.0
2020,Feb,ลำพูน,285919.0
2020,Mar,ลำพูน,285919.0
2020,Apr,ลำพูน,285919.0
2020,May,ลำพูน,285919.0
2020,Jun,ลำพูน,285919.0
2020,Jul,ลำพูน,285919.0
2020,Aug,ลำพูน,285919.0
2020,Sep,ลำพูน,285919.0
2020,Oct,ลำพูน,285919.0
2020,Nov,ลำพูน,285919.0
2020,Dec,ลำพูน,285919.0
2021,Jan,ลำพูน,286878.0
2021,Feb,ลำพูน,286878.0
2021,Mar,ลำพูน,286878.0
2021,Apr,ลำพูน,286878.0
2021,May,ลำพูน,286878.0
2021,Jun,ลำพูน,286878.0
2021,Jul,ลำพูน,286878.0
2021,Aug,ลำพูน,286878.0
2021,Sep,ลำพูน,286878.0
2021,Oct,ลำพูน,286878.0
2021,Nov,ลำพูน,286878.0
2021,Dec,ลำพูน,286878.0
2022,Jan,ลำพูน,285317.0
2022,Feb,ลำพูน,285317.0
2022,Mar,ลำพูน,285317.0
2022,Apr,ลำพูน,285317.0
2022,May,ลำพูน,285317.0
2022,Jun,ลำพูน,285317.0
2022,Jul,ลำพูน,285317.0
2022,Aug,ลำพูน,285317.0
2022,Sep,ลำพูน,285317.0
2022,Oct,ลำพูน,285317.0
2022,Nov,ลำพูน,285317.0
2022,Dec,ลำพูน,285317.0
2023,Jan,ลำพูน,284850.0
2023,Feb,ลำพูน,284850.0
2023,Mar,ลำพูน,284850.0
2023,Apr,ลำพูน,284850.0
2023,May,ลำพูน,284850.0
2023,Jun,ลำพูน,284850.0
2023,Jul,ลำพูน,284850.0
2023,Aug,ลำพูน,284850.0
2023,Sep,ลำพูน,284850.0
2023,Oct,ลำพูน,284850.0
2023,Nov,ลำพูน,284850.0
2023,Dec,ลำพูน,284850.0
2024,Jan,ลำพูน,
2024,Feb,ลำพูน,
2024,Mar,ลำพูน,
2024,Apr,ลำพูน,
2024,May,ลำพูน,
2024,Jun,ลำพูน,
2024,Jul,ลำพูน,
2024,Aug,ลำพูน,
2024,Sep,ลำพูน,
2024,Oct,ลำพูน,
2024,Nov,ลำพูน,
2024,Dec,ลำพูน,
2020,Jan,ลำปาง,469253.0
2020,Feb,ลำปาง,469253.0
2020,Mar,ลำปาง,469253.0
2020,Apr,ลำปาง,469253.0
2020,May,ลำปาง,469253.0
2020,Jun,ลำปาง,469253.0
2020,Jul,ลำปาง,469253.0
2020,Aug,ลำปาง,469253.0
2020,Sep,ลำปาง,469253.0
2020,Oct,ลำปาง,469253.0
2020,Nov,ลำปาง,469253.0
2020,Dec,ลำปาง,469253.0
2021,Jan,ลำปาง,471485.0
2021,Feb,ลำปาง,471485.0
2021,Mar,ลำปาง,471485.0
2021,Apr,ลำปาง,471485.0
2021,May,ลำปาง,471485.0
2021,Jun,ลำปาง,471485.0
2021,Jul,ลำปาง,471485.0
2021,Aug,ลำปาง,471485.0
2021,Sep,ลำปาง,471485.0
2021,Oct,ลำปาง,471485.0
2021,Nov,ลำปาง,471485.0
2021,Dec,ลำปาง,471485.0
2022,Jan,ลำปาง,471928.0
2022,Feb,ลำปาง,471928.0
2022,Mar,ลำปาง,471928.0
2022,Apr,ลำปาง,471928.0
2022,May,ลำปาง,471928.0
2022,Jun,ลำปาง,471928.0
2022,Jul,ลำปาง,471928.0
2022,Aug,ลำปาง,471928.0
2022,Sep,ลำปาง,471928.0
2022,Oct,ลำปาง,471928.0
2022,Nov,ลำปาง,471928.0
2022,Dec,ลำปาง,471928.0
2023,Jan,ลำปาง,472864.0
2023,Feb,ลำปาง,472864.0
2023,Mar,ลำปาง,472864.0
2023,Apr,ลำปาง,472864.0
2023,May,ลำปาง,472864.0
2023,Jun,ลำปาง,472864.0
2023,Jul,ลำปาง,472864.0
2023,Aug,ลำปาง,472864.0
2023,Sep,ลำปาง,472864.0
2023,Oct,ลำปาง,472864.0
2023,Nov,ลำปาง,472864.0
2023,Dec,ลำปาง,472864.0
2024,Jan,ลำปาง,
2024,Feb,ลำปาง,
2024,Mar,ลำปาง,
2024,Apr,ลำปาง,
2024,May,ลำปาง,
2024,Jun,ลำปาง,
2024,Jul,ลำปาง,
2024,Aug,ลำปาง,
2024,Sep,ลำปาง,
2024,Oct,ลำปาง,
2024,Nov,ลำปาง,
2024,Dec,ลำปาง,
2020,Jan,อุตรดิตถ์,269791.0
2020,Feb,อุตรดิตถ์,269791.0
2020,Mar,อุตรดิตถ์,269791.0
2020,Apr,อุตรดิตถ์,269791.0
2020,May,อุตรดิตถ์,269791.0
2020,Jun,อุตรดิตถ์,269791.0
2020,Jul,อุตรดิตถ์,269791.0
2020,Aug,อุตรดิตถ์,269791.0
2020,Sep,อุตรดิตถ์,269791.0
2020,Oct,อุตรดิตถ์,269791.0
2020,Nov,อุตรดิตถ์,269791.0
2020,Dec,อุตรดิตถ์,269791.0
2021,Jan,อุตรดิตถ์,274234.0
2021,Feb,อุตรดิตถ์,274234.0
2021,Mar,อุตรดิตถ์,274234.0
2021,Apr,อุตรดิตถ์,274234.0
2021,May,อุตรดิตถ์,274234.0
2021,Jun,อุตรดิตถ์,274234.0
2021,Jul,อุตรดิตถ์,274234.0
2021,Aug,อุตรดิตถ์,274234.0
2021,Sep,อุตรดิตถ์,274234.0
2021,Oct,อุตรดิตถ์,274234.0
2021,Nov,อุตรดิตถ์,274234.0
2021,Dec,อุตรดิตถ์,274234.0
2022,Jan,อุตรดิตถ์,277671.0
2022,Feb,อุตรดิตถ์,277671.0
2022,Mar,อุตรดิตถ์,277671.0
2022,Apr,อุตรดิตถ์,277671.0
2022,May,อุตรดิตถ์,277671.0
2022,Jun,อุตรดิตถ์,277671.0
2022,Jul,อุตรดิตถ์,277671.0
2022,Aug,อุตรดิตถ์,277671.0
2022,Sep,อุตรดิตถ์,277671.0
2022,Oct,อุตรดิตถ์,277671.0
2022,Nov,อุตรดิตถ์,277671.0
2022,Dec,อุตรดิตถ์,277671.0
2023,Jan,อุตรดิตถ์,280663.0
2023,Feb,อุตรดิตถ์,280663.0
2023,Mar,อุตรดิตถ์,280663.0
2023,Apr,อุตรดิตถ์,280663.0
2023,May,อุตรดิตถ์,280663.0
2023,Jun,อุตรดิตถ์,280663.0
2023,Jul,อุตรดิตถ์,280663.0
2023,Aug,อุตรดิตถ์,280663.0
2023,Sep,อุตรดิตถ์,280663.0
2023,Oct,อุตรดิตถ์,280663.0
2023,Nov,อุตรดิตถ์,280663.0
2023,Dec,อุตรดิตถ์,280663.0
2024,Jan,อุตรดิตถ์,
2024,Feb,อุตรดิตถ์,
2024,Mar,อุตรดิตถ์,
2024,Apr,อุตรดิตถ์,
2024,May,อุตรดิตถ์,
2024,Jun,อุตรดิตถ์,
2024,Jul,อุตรดิตถ์,
2024,Aug,อุตรดิตถ์,
2024,Sep,อุตรดิตถ์,
2024,Oct,อุตรดิตถ์,
2024,Nov,อุตรดิตถ์,
2024,Dec,อุตรดิตถ์,
2020,Jan,แพร่,268101.0
2020,Feb,แพร่,268101.0
2020,Mar,แพร่,268101.0
2020,Apr,แพร่,268101.0
2020,May,แพร่,268101.0
2020,Jun,แพร่,268101.0
2020,Jul,แพร่,268101.0
2020,Aug,แพร่,268101.0
2020,Sep,แพร่,268101.0
2020,Oct,แพร่,268101.0
2020,Nov,แพร่,268101.0
2020,Dec,แพร่,268101.0
2021,Jan,แพร่,273459.0
2021,Feb,แพร่,273459.0
2021,Mar,แพร่,273459.0
2021,Apr,แพร่,273459.0
2021,May,แพร่,273459.0
2021,Jun,แพร่,273459.0
2021,Jul,แพร่,273459.0
2021,Aug,แพร่,273459.0
2021,Sep,แพร่,273459.0
2021,Oct,แพร่,273459.0
2021,Nov,แพร่,273459.0
2021,Dec,แพร่,273459.0
2022,Jan,แพร่,277974.0
2022,Feb,แพร่,277974.0
2022,Mar,แพร่,277974.0
2022,Apr,แพร่,277974.0
2022,May,แพร่,277974.0
2022,Jun,แพร่,277974.0
2022,Jul,แพร่,277974.0
2022,Aug,แพร่,277974.0
2022,Sep,แพร่,277974.0
2022,Oct,แพร่,277974.0
2022,Nov,แพร่,277974.0
2022,Dec,แพร่,277974.0
2023,Jan,แพร่,280282.0
2023,Feb,แพร่,280282.0
2023,Mar,แพร่,280282.0
2023,Apr,แพร่,280282.0
2023,May,แพร่,280282.0
2023,Jun,แพร่,280282.0
2023,Jul,แพร่,280282.0
2023,Aug,แพร่,280282.0
2023,Sep,แพร่,280282.0
2023,Oct,แพร่,280282.0
2023,Nov,แพร่,280282.0
2023,Dec,แพร่,280282.0
2024,Jan,แพร่,
2024,Feb,แพร่,
2024,Mar,แพร่,
2024,Apr,แพร่,
2024,May,แพร่,
2024,Jun,แพร่,
2024,Jul,แพร่,
2024,Aug,แพร่,
2024,Sep,แพร่,
2024,Oct,แพร่,
2024,Nov,แพร่,
2024,Dec,แพร่,
2020,Jan,น่าน,247117.0
2020,Feb,น่าน,247117.0
2020,Mar,น่าน,247117.0
2020,Apr,น่าน,247117.0
2020,May,น่าน,247117.0
2020,Jun,น่าน,247117.0
2020,Jul,น่าน,247117.0
2020,Aug,น่าน,247117.0
2020,Sep,น่าน,247117.0
2020,Oct,น่าน,247117.0
2020,Nov,น่าน,247117.0
2020,Dec,น่าน,247117.0
2021,Jan,น่าน,253658.0
2021,Feb,น่าน,253658.0
2021,Mar,น่าน,253658.0
2021,Apr,น่าน,253658.0
2021,May,น่าน,253658.0
2021,Jun,น่าน,253658.0
2021,Jul,น่าน,253658.0
2021,Aug,น่าน,253658.0
2021,Sep,น่าน,253658.0
2021,Oct,น่าน,253658.0
2021,Nov,น่าน,253658.0
2021,Dec,น่าน,253658.0
2022,Jan,น่าน,259023.0
2022,Feb,น่าน,259023.0
2022,Mar,น่าน,259023.0
2022,Apr,น่าน,259023.0
2022,May,น่าน,259023.0
2022,Jun,น่าน,259023.0
2022,Jul,น่าน,259023.0
2022,Aug,น่าน,259023.0
2022,Sep,น่าน,259023.0
2022,Oct,น่าน,259023.0
2022,Nov,น่าน,259023.0
2022,Dec,น่าน,259023.0
2023,Jan,น่าน,263150.0
2023,Feb,น่าน,263150.0
2023,Mar,น่าน,263150.0
2023,Apr,น่าน,263150.0
2023,May,น่าน,263150.0
2023,Jun,น่าน,263150.0
2023,Jul,น่าน,263150.0
2023,Aug,น่าน,263150.0
2023,Sep,น่าน,263150.0
2023,Oct,น่าน,263150.0
2023,Nov,น่าน,263150.0
2023,Dec,น่าน,263150.0
2024,Jan,น่าน,
2024,Feb,น่าน,
2024,Mar,น่าน,
2024,Apr,น่าน,
2024,May,น่าน,
2024,Jun,น่าน,
2024,Jul,น่าน,
2024,Aug,น่าน,
2024,Sep,น่าน,
2024,Oct,น่าน,
2024,Nov,น่าน,
2024,Dec,น่าน,
2020,Jan,พะเยา,277340.0
2020,Feb,พะเยา,277340.0
2020,Mar,พะเยา,277340.0
2020,Apr,พะเยา,277340.0
2020,May,พะเยา,277340.0
2020,Jun,พะเยา,277340.0
2020,Jul,พะเยา,277340.0
2020,Aug,พะเยา,277340.0
2020,Sep,พะเยา,277340.0
2020,Oct,พะเยา,277340.0
2020,Nov,พะเยา,277340.0
2020,Dec,พะเยา,277340.0
2021,Jan,พะเยา,280964.0
2021,Feb,พะเยา,280964.0
2021,Mar,พะเยา,280964.0
2021,Apr,พะเยา,280964.0
2021,May,พะเยา,280964.0
2021,Jun,พะเยา,280964.0
2021,Jul,พะเยา,280964.0
2021,Aug,พะเยา,280964.0
2021,Sep,พะเยา,280964.0
2021,Oct,พะเยา,280964.0
2021,Nov,พะเยา,280964.0
2021,Dec,พะเยา,280964.0
2022,Jan,พะเยา,282785.0
2022,Feb,พะเยา,282785.0
2022,Mar,พะเยา,282785.0
2022,Apr,พะเยา,282785.0
2022,May,พะเยา,282785.0
2022,Jun,พะเยา,282785.0
2022,Jul,พะเยา,282785.0
2022,Aug,พะเยา,282785.0
2022,Sep,พะเยา,282785.0
2022,Oct,พะเยา,282785.0
2022,Nov,พะเยา,282785.0
2022,Dec,พะเยา,282785.0
2023,Jan,พะเยา,283993.0
2023,Feb,พะเยา,283993.0
2023,Mar,พะเยา,283993.0
2023,Apr,พะเยา,283993.0
2023,May,พะเยา,283993.0
2023,Jun,พะเยา,283993.0
2023,Jul,พะเยา,283993.0
2023,Aug,พะเยา,283993.0
2023,Sep,พะเยา,283993.0
2023,Oct,พะเยา,283993.0
2023,Nov,พะเยา,283993.0
2023,Dec,พะเยา,283993.0
2024,Jan,พะเยา,
2024,Feb,พะเยา,
2024,Mar,พะเยา,
2024,Apr,พะเยา,
2024,May,พะเยา,
2024,Jun,พะเยา,
2024,Jul,พะเยา,
2024,Aug,พะเยา,
2024,Sep,พะเยา,
2024,Oct,พะเยา,
2024,Nov,พะเยา,
2024,Dec,พะเยา,
2020,Jan,เชียงราย,772662.0
2020,Feb,เชียงราย,772662.0
2020,Mar,เชียงราย,772662.0
2020,Apr,เชียงราย,772662.0
2020,May,เชียงราย,772662.0
2020,Jun,เชียงราย,772662.0
2020,Jul,เชียงราย,772662.0
2020,Aug,เชียงราย,772662.0
2020,Sep,เชียงราย,772662.0
2020,Oct,เชียงราย,772662.0
2020,Nov,เชียงราย,772662.0
2020,Dec,เชียงราย,772662.0
2021,Jan,เชียงราย,788162.0
2021,Feb,เชียงราย,788162.0
2021,Mar,เชียงราย,788162.0
2021,Apr,เชียงราย,788162.0
2021,May,เชียงราย,788162.0
2021,Jun,เชียงราย,788162.0
2021,Jul,เชียงราย,788162.0
2021,Aug,เชียงราย,788162.0
2021,Sep,เชียงราย,788162.0
2021,Oct,เชียงราย,788162.0
2021,Nov,เชียงราย,788162.0
2021,Dec,เชียงราย,788162.0
2022,Jan,เชียงราย,801646.0
2022,Feb,เชียงราย,801646.0
2022,Mar,เชียงราย,801646.0
2022,Apr,เชียงราย,801646.0
2022,May,เชียงราย,801646.0
2022,Jun,เชียงราย,801646.0
2022,Jul,เชียงราย,801646.0
2022,Aug,เชียงราย,801646.0
2022,Sep,เชียงราย,801646.0
2022,Oct,เชียงราย,801646.0
2022,Nov,เชียงราย,801646.0
2022,Dec,เชียงราย,801646.0
2023,Jan,เชียงราย,817418.0
2023,Feb,เชียงราย,817418.0
2023,Mar,เชียงราย,817418.0
2023,Apr,เชียงราย,817418.0
2023,May,เชียงราย,817418.0
2023,Jun,เชียงราย,817418.0
2023,Jul,เชียงราย,817418.0
2023,Aug,เชียงราย,817418.0
2023,Sep,เชียงราย,817418.0
2023,Oct,เชียงราย,817418.0
2023,Nov,เชียงราย,817418.0
2023,Dec,เชียงราย,817418.0
2024,Jan,เชียงราย,
2024,Feb,เชียงราย,
2024,Mar,เชียงราย,
2024,Apr,เชียงราย,
2024,May,เชียงราย,
2024,Jun,เชียงราย,
2024,Jul,เชียงราย,
2024,Aug,เชียงราย,
2024,Sep,เชียงราย,
2024,Oct,เชียงราย,
2024,Nov,เชียงราย,
2024,Dec,เชียงราย,
2020,Jan,แม่ฮ่องสอน,72894.0
2020,Feb,แม่ฮ่องสอน,72894.0
2020,Mar,แม่ฮ่องสอน,72894.0
2020,Apr,แม่ฮ่องสอน,72894.0
2020,May,แม่ฮ่องสอน,72894.0
2020,Jun,แม่ฮ่องสอน,72894.0
2020,Jul,แม่ฮ่องสอน,72894.0
2020,Aug,แม่ฮ่องสอน,72894.0
2020,Sep,แม่ฮ่องสอน,72894.0
2020,Oct,แม่ฮ่องสอน,72894.0
2020,Nov,แม่ฮ่องสอน,72894.0
2020,Dec,แม่ฮ่องสอน,72894.0
2021,Jan,แม่ฮ่องสอน,75771.0
2021,Feb,แม่ฮ่องสอน,75771.0
2021,Mar,แม่ฮ่องสอน,75771.0
2021,Apr,แม่ฮ่องสอน,75771.0
2021,May,แม่ฮ่องสอน,75771.0
2021,Jun,แม่ฮ่องสอน,75771.0
2021,Jul,แม่ฮ่องสอน,75771.0
2021,Aug,แม่ฮ่องสอน,75771.0
2021,Sep,แม่ฮ่องสอน,75771.0
2021,Oct,แม่ฮ่องสอน,75771.0
2021,Nov,แม่ฮ่องสอน,75771.0
2021,Dec,แม่ฮ่องสอน,75771.0
2022,Jan,แม่ฮ่องสอน,78170.0
2022,Feb,แม่ฮ่องสอน,78170.0
2022,Mar,แม่ฮ่องสอน,78170.0
2022,Apr,แม่ฮ่องสอน,78170.0
2022,May,แม่ฮ่องสอน,78170.0
2022,Jun,แม่ฮ่องสอน,78170.0
2022,Jul,แม่ฮ่องสอน,78170.0
2022,Aug,แม่ฮ่องสอน,78170.0
2022,Sep,แม่ฮ่องสอน,78170.0
2022,Oct,แม่ฮ่องสอน,78170.0
2022,Nov,แม่ฮ่องสอน,78170.0
2022,Dec,แม่ฮ่องสอน,78170.0
2023,Jan,แม่ฮ่องสอน,80380.0
2023,Feb,แม่ฮ่องสอน,80380.0
2023,Mar,แม่ฮ่องสอน,80380.0
2023,Apr,แม่ฮ่องสอน,80380.0
2023,May,แม่ฮ่องสอน,80380.0
2023,Jun,แม่ฮ่องสอน,80380.0
2023,Jul,แม่ฮ่องสอน,80380.0
2023,Aug,แม่ฮ่องสอน,80380.0
2023,Sep,แม่ฮ่องสอน,80380.0
2023,Oct,แม่ฮ่องสอน,80380.0
2023,Nov,แม่ฮ่องสอน,80380.0
2023,Dec,แม่ฮ่องสอน,80380.0
2024,Jan,แม่ฮ่องสอน,
2024,Feb,แม่ฮ่องสอน,
2024,Mar,แม่ฮ่องสอน,
2024,Apr,แม่ฮ่องสอน,
2024,May,แม่ฮ่องสอน,
2024,Jun,แม่ฮ่องสอน,
2024,Jul,แม่ฮ่องสอน,
2024,Aug,แม่ฮ่องสอน,
2024,Sep,แม่ฮ่องสอน,
2024,Oct,แม่ฮ่องสอน,
2024,Nov,แม่ฮ่องสอน,
2024,Dec,แม่ฮ่องสอน,
2020,Jan,นครสวรรค์,596923.0
2020,Feb,นครสวรรค์,596923.0
2020,Mar,นครสวรรค์,596923.0
2020,Apr,นครสวรรค์,596923.0
2020,May,นครสวรรค์,596923.0
2020,Jun,นครสวรรค์,596923.0
2020,Jul,นครสวรรค์,596923.0
2020,Aug,นครสวรรค์,596923.0
2020,Sep,นครสวรรค์,596923.0
2020,Oct,นครสวรรค์,596923.0
2020,Nov,นครสวรรค์,596923.0
2020,Dec,นครสวรรค์,596923.0
2021,Jan,นครสวรรค์,606998.0
2021,Feb,นครสวรรค์,606998.0
2021,Mar,นครสวรรค์,606998.0
2021,Apr,นครสวรรค์,606998.0
2021,May,นครสวรรค์,606998.0
2021,Jun,นครสวรรค์,606998.0
2021,Jul,นครสวรรค์,606998.0
2021,Aug,นครสวรรค์,606998.0
2021,Sep,นครสวรรค์,606998.0
2021,Oct,นครสวรรค์,606998.0
2021,Nov,นครสวรรค์,606998.0
2021,Dec,นครสวรรค์,606998.0
2022,Jan,นครสวรรค์,619855.0
2022,Feb,นครสวรรค์,619855.0
2022,Mar,นครสวรรค์,619855.0
2022,Apr,นครสวรรค์,619855.0
2022,May,นครสวรรค์,619855.0
2022,Jun,นครสวรรค์,619855.0
2022,Jul,นครสวรรค์,619855.0
2022,Aug,นครสวรรค์,619855.0
2022,Sep,นครสวรรค์,619855.0
2022,Oct,นครสวรรค์,619855.0
2022,Nov,นครสวรรค์,619855.0
2022,Dec,นครสวรรค์,619855.0
2023,Jan,นครสวรรค์,630480.0
2023,Feb,นครสวรรค์,630480.0
2023,Mar,นครสวรรค์,630480.0
2023,Apr,นครสวรรค์,630480.0
2023,May,นครสวรรค์,630480.0
2023,Jun,นครสวรรค์,630480.0
2023,Jul,นครสวรรค์,630480.0
2023,Aug,นครสวรรค์,630480.0
2023,Sep,นครสวรรค์,630480.0
2023,Oct,นครสวรรค์,630480.0
2023,Nov,นครสวรรค์,630480.0
2023,Dec,นครสวรรค์,630480.0
2024,Jan,นครสวรรค์,
2024,Feb,นครสวรรค์,
2024,Mar,นครสวรรค์,
2024,Apr,นครสวรรค์,
2024,May,นครสวรรค์,
2024,Jun,นครสวรรค์,
2024,Jul,นครสวรรค์,
2024,Aug,นครสวรรค์,
2024,Sep,นครสวรรค์,
2024,Oct,นครสวรรค์,
2024,Nov,นครสวรรค์,
2024,Dec,นครสวรรค์,
2020,Jan,อุทัยธานี,184277.0
2020,Feb,อุทัยธานี,184277.0
2020,Mar,อุทัยธานี,184277.0
2020,Apr,อุทัยธานี,184277.0
2020,May,อุทัยธานี,184277.0
2020,Jun,อุทัยธานี,184277.0
2020,Jul,อุทัยธานี,184277.0
2020,Aug,อุทัยธานี,184277.0
2020,Sep,อุทัยธานี,184277.0
2020,Oct,อุทัยธานี,184277.0
2020,Nov,อุทัยธานี,184277.0
2020,Dec,อุทัยธานี,184277.0
2021,Jan,อุทัยธานี,188460.0
2021,Feb,อุทัยธานี,188460.0
2021,Mar,อุทัยธานี,188460.0
2021,Apr,อุทัยธานี,188460.0
2021,May,อุทัยธานี,188460.0
2021,Jun,อุทัยธานี,188460.0
2021,Jul,อุทัยธานี,188460.0
2021,Aug,อุทัยธานี,188460.0
2021,Sep,อุทัยธานี,188460.0
2021,Oct,อุทัยธานี,188460.0
2021,Nov,อุทัยธานี,188460.0
2021,Dec,อุทัยธานี,188460.0
2022,Jan,อุทัยธานี,193903.0
2022,Feb,อุทัยธานี,193903.0
2022,Mar,อุทัยธานี,193903.0
2022,Apr,อุทัยธานี,193903.0
2022,May,อุทัยธานี,193903.0
2022,Jun,อุทัยธานี,193903.0
2022,Jul,อุทัยธานี,193903.0
2022,Aug,อุทัยธานี,193903.0
2022,Sep,อุทัยธานี,193903.0
2022,Oct,อุทัยธานี,193903.0
2022,Nov,อุทัยธานี,193903.0
2022,Dec,อุทัยธานี,193903.0
2023,Jan,อุทัยธานี,198034.0
2023,Feb,อุทัยธานี,198034.0
2023,Mar,อุทัยธานี,198034.0
2023,Apr,อุทัยธานี,198034.0
2023,May,อุทัยธานี,198034.0
2023,Jun,อุทัยธานี,198034.0
2023,Jul,อุทัยธานี,198034.0
2023,Aug,อุทัยธานี,198034.0
2023,Sep,อุทัยธานี,198034.0
2023,Oct,อุทัยธานี,198034.0
2023,Nov,อุทัยธานี,198034.0
2023,Dec,อุทัยธานี,198034.0
2024,Jan,อุทัยธานี,
2024,Feb,อุทัยธานี,
2024,Mar,อุทัยธานี,
2024,Apr,อุทัยธานี,
2024,May,อุทัยธานี,
2024,Jun,อุทัยธานี,
2024,Jul,อุทัยธานี,
2024,Aug,อุทัยธานี,
2024,Sep,อุทัยธานี,
2024,Oct,อุทัยธานี,
2024,Nov,อุทัยธานี,
2024,Dec,อุทัยธานี,
2020,Jan,กำแพงเพชร,375536.0
2020,Feb,กำแพงเพชร,375536.0
2020,Mar,กำแพงเพชร,375536.0
2020,Apr,กำแพงเพชร,375536.0
2020,May,กำแพงเพชร,375536.0
2020,Jun,กำแพงเพชร,375536.0
2020,Jul,กำแพงเพชร,375536.0
2020,Aug,กำแพงเพชร,375536.0
2020,Sep,กำแพงเพชร,375536.0
2020,Oct,กำแพงเพชร,375536.0
2020,Nov,กำแพงเพชร,375536.0
2020,Dec,กำแพงเพชร,375536.0
2021,Jan,กำแพงเพชร,382337.0
2021,Feb,กำแพงเพชร,382337.0
2021,Mar,กำแพงเพชร,382337.0
2021,Apr,กำแพงเพชร,382337.0
2021,May,กำแพงเพชร,382337.0
2021,Jun,กำแพงเพชร,382337.0
2021,Jul,กำแพงเพชร,382337.0
2021,Aug,กำแพงเพชร,382337.0
2021,Sep,กำแพงเพชร,382337.0
2021,Oct,กำแพงเพชร,382337.0
2021,Nov,กำแพงเพชร,382337.0
2021,Dec,กำแพงเพชร,382337.0
2022,Jan,กำแพงเพชร,389627.0
2022,Feb,กำแพงเพชร,389627.0
2022,Mar,กำแพงเพชร,389627.0
2022,Apr,กำแพงเพชร,389627.0
2022,May,กำแพงเพชร,389627.0
2022,Jun,กำแพงเพชร,389627.0
2022,Jul,กำแพงเพชร,389627.0
2022,Aug,กำแพงเพชร,389627.0
2022,Sep,กำแพงเพชร,389627.0
2022,Oct,กำแพงเพชร,389627.0
2022,Nov,กำแพงเพชร,389627.0
2022,Dec,กำแพงเพชร,389627.0
2023,Jan,กำแพงเพชร,395381.0
2023,Feb,กำแพงเพชร,395381.0
2023,Mar,กำแพงเพชร,395381.0
2023,Apr,กำแพงเพชร,395381.0
2023,May,กำแพงเพชร,395381.0
2023,Jun,กำแพงเพชร,395381.0
2023,Jul,กำแพงเพชร,395381.0
2023,Aug,กำแพงเพชร,395381.0
2023,Sep,กำแพงเพชร,395381.0
2023,Oct,กำแพงเพชร,395381.0
2023,Nov,กำแพงเพชร,395381.0
2023,Dec,กำแพงเพชร,395381.0
2024,Jan,กำแพงเพชร,
2024,Feb,กำแพงเพชร,
2024,Mar,กำแพงเพชร,
2024,Apr,กำแพงเพชร,
2024,May,กำแพงเพชร,
2024,Jun,กำแพงเพชร,
2024,Jul,กำแพงเพชร,
2024,Aug,กำแพงเพชร,
2024,Sep,กำแพงเพชร,
2024,Oct,กำแพงเพชร,
2024,Nov,กำแพงเพชร,
2024,Dec,กำแพงเพชร,
2020,Jan,ตาก,245795.0
2020,Feb,ตาก,245795.0
2020,Mar,ตาก,245795.0
2020,Apr,ตาก,245795.0
2020,May,ตาก,245795.0
2020,Jun,ตาก,245795.0
2020,Jul,ตาก,245795.0
2020,Aug,ตาก,245795.0
2020,Sep,ตาก,245795.0
2020,Oct,ตาก,245795.0
2020,Nov,ตาก,245795.0
2020,Dec,ตาก,245795.0
2021,Jan,ตาก,251446.0
2021,Feb,ตาก,251446.0
2021,Mar,ตาก,251446.0
2021,Apr,ตาก,251446.0
2021,May,ตาก,251446.0
2021,Jun,ตาก,251446.0
2021,Jul,ตาก,251446.0
2021,Aug,ตาก,251446.0
2021,Sep,ตาก,251446.0
2021,Oct,ตาก,251446.0
2021,Nov,ตาก,251446.0
2021,Dec,ตาก,251446.0
2022,Jan,ตาก,258391.0
2022,Feb,ตาก,258391.0
2022,Mar,ตาก,258391.0
2022,Apr,ตาก,258391.0
2022,May,ตาก,258391.0
2022,Jun,ตาก,258391.0
2022,Jul,ตาก,258391.0
2022,Aug,ตาก,258391.0
2022,Sep,ตาก,258391.0
2022,Oct,ตาก,258391.0
2022,Nov,ตาก,258391.0
2022,Dec,ตาก,258391.0
2023,Jan,ตาก,266127.0
2023,Feb,ตาก,266127.0
2023,Mar,ตาก,266127.0
2023,Apr,ตาก,266127.0
2023,May,ตาก,266127.0
2023,Jun,ตาก,266127.0
2023,Jul,ตาก,266127.0
2023,Aug,ตาก,266127.0
2023,Sep,ตาก,266127.0
2023,Oct,ตาก,266127.0
2023,Nov,ตาก,266127.0
2023,Dec,ตาก,266127.0
2024,Jan,ตาก,
2024,Feb,ตาก,
2024,Mar,ตาก,
2024,Apr,ตาก,
2024,May,ตาก,
2024,Jun,ตาก,
2024,Jul,ตาก,
2024,Aug,ตาก,
2024,Sep,ตาก,
2024,Oct,ตาก,
2024,Nov,ตาก,
2024,Dec,ตาก,
2020,Jan,สุโขทัย,331662.0
2020,Feb,สุโขทัย,331662.0
2020,Mar,สุโขทัย,331662.0
2020,Apr,สุโขทัย,331662.0
2020,May,สุโขทัย,331662.0
2020,Jun,สุโขทัย,331662.0
2020,Jul,สุโขทัย,331662.0
2020,Aug,สุโขทัย,331662.0
2020,Sep,สุโขทัย,331662.0
2020,Oct,สุโขทัย,331662.0
2020,Nov,สุโขทัย,331662.0
2020,Dec,สุโขทัย,331662.0
2021,Jan,สุโขทัย,337762.0
2021,Feb,สุโขทัย,337762.0
2021,Mar,สุโขทัย,337762.0
2021,Apr,สุโขทัย,337762.0
2021,May,สุโขทัย,337762.0
2021,Jun,สุโขทัย,337762.0
2021,Jul,สุโขทัย,337762.0
2021,Aug,สุโขทัย,337762.0
2021,Sep,สุโขทัย,337762.0
2021,Oct,สุโขทัย,337762.0
2021,Nov,สุโขทัย,337762.0
2021,Dec,สุโขทัย,337762.0
2022,Jan,สุโขทัย,343216.0
2022,Feb,สุโขทัย,343216.0
2022,Mar,สุโขทัย,343216.0
2022,Apr,สุโขทัย,343216.0
2022,May,สุโขทัย,343216.0
2022,Jun,สุโขทัย,343216.0
2022,Jul,สุโขทัย,343216.0
2022,Aug,สุโขทัย,343216.0
2022,Sep,สุโขทัย,343216.0
2022,Oct,สุโขทัย,343216.0
2022,Nov,สุโขทัย,343216.0
2022,Dec,สุโขทัย,343216.0
2023,Jan,สุโขทัย,346562.0
2023,Feb,สุโขทัย,346562.0
2023,Mar,สุโขทัย,346562.0
2023,Apr,สุโขทัย,346562.0
2023,May,สุโขทัย,346562.0
2023,Jun,สุโขทัย,346562.0
2023,Jul,สุโขทัย,346562.0
2023,Aug,สุโขทัย,346562.0
2023,Sep,สุโขทัย,346562.0
2023,Oct,สุโขทัย,346562.0
2023,Nov,สุโขทัย,346562.0
2023,Dec,สุโขทัย,346562.0
2024,Jan,สุโขทัย,
2024,Feb,สุโขทัย,
2024,Mar,สุโขทัย,
2024,Apr,สุโขทัย,
2024,May,สุโขทัย,
2024,Jun,สุโขทัย,
2024,Jul,สุโขทัย,
2024,Aug,สุโขทัย,
2024,Sep,สุโขทัย,
2024,Oct,สุโขทัย,
2024,Nov,สุโขทัย,
2024,Dec,สุโขทัย,
2020,Jan,พิษณุโลก,540424.0
2020,Feb,พิษณุโลก,540424.0
2020,Mar,พิษณุโลก,540424.0
2020,Apr,พิษณุโลก,540424.0
2020,May,พิษณุโลก,540424.0
2020,Jun,พิษณุโลก,540424.0
2020,Jul,พิษณุโลก,540424.0
2020,Aug,พิษณุโลก,540424.0
2020,Sep,พิษณุโลก,540424.0
2020,Oct,พิษณุโลก,540424.0
2020,Nov,พิษณุโลก,540424.0
2020,Dec,พิษณุโลก,540424.0
2021,Jan,พิษณุโลก,554206.0
2021,Feb,พิษณุโลก,554206.0
2021,Mar,พิษณุโลก,554206.0
2021,Apr,พิษณุโลก,554206.0
2021,May,พิษณุโลก,554206.0
2021,Jun,พิษณุโลก,554206.0
2021,Jul,พิษณุโลก,554206.0
2021,Aug,พิษณุโลก,554206.0
2021,Sep,พิษณุโลก,554206.0
2021,Oct,พิษณุโลก,554206.0
2021,Nov,พิษณุโลก,554206.0
2021,Dec,พิษณุโลก,554206.0
2022,Jan,พิษณุโลก,568666.0
2022,Feb,พิษณุโลก,568666.0
2022,Mar,พิษณุโลก,568666.0
2022,Apr,พิษณุโลก,568666.0
2022,May,พิษณุโลก,568666.0
2022,Jun,พิษณุโลก,568666.0
2022,Jul,พิษณุโลก,568666.0
2022,Aug,พิษณุโลก,568666.0
2022,Sep,พิษณุโลก,568666.0
2022,Oct,พิษณุโลก,568666.0
2022,Nov,พิษณุโลก,568666.0
2022,Dec,พิษณุโลก,568666.0
2023,Jan,พิษณุโลก,583256.0
2023,Feb,พิษณุโลก,583256.0
2023,Mar,พิษณุโลก,583256.0
2023,Apr,พิษณุโลก,583256.0
2023,May,พิษณุโลก,583256.0
2023,Jun,พิษณุโลก,583256.0
2023,Jul,พิษณุโลก,583256.0
2023,Aug,พิษณุโลก,583256.0
2023,Sep,พิษณุโลก,583256.0
2023,Oct,พิษณุโลก,583256.0
2023,Nov,พิษณุโลก,583256.0
2023,Dec,พิษณุโลก,583256.0
2024,Jan,พิษณุโลก,
2024,Feb,พิษณุโลก,
2024,Mar,พิษณุโลก,
2024,Apr,พิษณุโลก,
2024,May,พิษณุโลก,
2024,Jun,พิษณุโลก,
2024,Jul,พิษณุโลก,
2024,Aug,พิษณุโลก,
2024,Sep,พิษณุโลก,
2024,Oct,พิษณุโลก,
2024,Nov,พิษณุโลก,
2024,Dec,พิษณุโลก,
2020,Jan,พิจิตร,296723.0
2020,Feb,พิจิตร,296723.0
2020,Mar,พิจิตร,296723.0
2020,Apr,พิจิตร,296723.0
2020,May,พิจิตร,296723.0
2020,Jun,พิจิตร,296723.0
2020,Jul,พิจิตร,296723.0
2020,Aug,พิจิตร,296723.0
2020,Sep,พิจิตร,296723.0
2020,Oct,พิจิตร,296723.0
2020,Nov,พิจิตร,296723.0
2020,Dec,พิจิตร,296723.0
2021,Jan,พิจิตร,299531.0
2021,Feb,พิจิตร,299531.0
2021,Mar,พิจิตร,299531.0
2021,Apr,พิจิตร,299531.0
2021,May,พิจิตร,299531.0
2021,Jun,พิจิตร,299531.0
2021,Jul,พิจิตร,299531.0
2021,Aug,พิจิตร,299531.0
2021,Sep,พิจิตร,299531.0
2021,Oct,พิจิตร,299531.0
2021,Nov,พิจิตร,299531.0
2021,Dec,พิจิตร,299531.0
2022,Jan,พิจิตร,302811.0
2022,Feb,พิจิตร,302811.0
2022,Mar,พิจิตร,302811.0
2022,Apr,พิจิตร,302811.0
2022,May,พิจิตร,302811.0
2022,Jun,พิจิตร,302811.0
2022,Jul,พิจิตร,302811.0
2022,Aug,พิจิตร,302811.0
2022,Sep,พิจิตร,302811.0
2022,Oct,พิจิตร,302811.0
2022,Nov,พิจิตร,302811.0
2022,Dec,พิจิตร,302811.0
2023,Jan,พิจิตร,306000.0
2023,Feb,พิจิตร,306000.0
2023,Mar,พิจิตร,306000.0
2023,Apr,พิจิตร,306000.0
2023,May,พิจิตร,306000.0
2023,Jun,พิจิตร,306000.0
2023,Jul,พิจิตร,306000.0
2023,Aug,พิจิตร,306000.0
2023,Sep,พิจิตร,306000.0
2023,Oct,พิจิตร,306000.0
2023,Nov,พิจิตร,306000.0
2023,Dec,พิจิตร,306000.0
2024,Jan,พิจิตร,
2024,Feb,พิจิตร,
2024,Mar,พิจิตร,
2024,Apr,พิจิตร,
2024,May,พิจิตร,
2024,Jun,พิจิตร,
2024,Jul,พิจิตร,
2024,Aug,พิจิตร,
2024,Sep,พิจิตร,
2024,Oct,พิจิตร,
2024,Nov,พิจิตร,
2024,Dec,พิจิตร,
2020,Jan,เพชรบูรณ์,483356.0
2020,Feb,เพชรบูรณ์,483356.0
2020,Mar,เพชรบูรณ์,483356.0
2020,Apr,เพชรบูรณ์,483356.0
2020,May,เพชรบูรณ์,483356.0
2020,Jun,เพชรบูรณ์,483356.0
2020,Jul,เพชรบูรณ์,483356.0
2020,Aug,เพชรบูรณ์,483356.0
2020,Sep,เพชรบูรณ์,483356.0
2020,Oct,เพชรบูรณ์,483356.0
2020,Nov,เพชรบูรณ์,483356.0
2020,Dec,เพชรบูรณ์,483356.0
2021,Jan,เพชรบูรณ์,491662.0
2021,Feb,เพชรบูรณ์,491662.0
2021,Mar,เพชรบูรณ์,491662.0
2021,Apr,เพชรบูรณ์,491662.0
2021,May,เพชรบูรณ์,491662.0
2021,Jun,เพชรบูรณ์,491662.0
2021,Jul,เพชรบูรณ์,491662.0
2021,Aug,เพชรบูรณ์,491662.0
2021,Sep,เพชรบูรณ์,491662.0
2021,Oct,เพชรบูรณ์,491662.0
2021,Nov,เพชรบูรณ์,491662.0
2021,Dec,เพชรบูรณ์,491662.0
2022,Jan,เพชรบูรณ์,499294.0
2022,Feb,เพชรบูรณ์,499294.0
2022,Mar,เพชรบูรณ์,499294.0
2022,Apr,เพชรบูรณ์,499294.0
2022,May,เพชรบูรณ์,499294.0
2022,Jun,เพชรบูรณ์,499294.0
2022,Jul,เพชรบูรณ์,499294.0
2022,Aug,เพชรบูรณ์,499294.0
2022,Sep,เพชรบูรณ์,499294.0
2022,Oct,เพชรบูรณ์,499294.0
2022,Nov,เพชรบูรณ์,499294.0
2022,Dec,เพชรบูรณ์,499294.0
2023,Jan,เพชรบูรณ์,504164.0
2023,Feb,เพชรบูรณ์,504164.0
2023,Mar,เพชรบูรณ์,504164.0
2023,Apr,เพชรบูรณ์,504164.0
2023,May,เพชรบูรณ์,504164.0
2023,Jun,เพชรบูรณ์,504164.0
2023,Jul,เพชรบูรณ์,504164.0
2023,Aug,เพชรบูรณ์,504164.0
2023,Sep,เพชรบูรณ์,504164.0
2023,Oct,เพชรบูรณ์,504164.0
2023,Nov,เพชรบูรณ์,504164.0
2023,Dec,เพชรบูรณ์,504164.0
2024,Jan,เพชรบูรณ์,
2024,Feb,เพชรบูรณ์,
2024,Mar,เพชรบูรณ์,
2024,Apr,เพชรบูรณ์,
2024,May,เพชรบูรณ์,
2024,Jun,เพชรบูรณ์,
2024,Jul,เพชรบูรณ์,
2024,Aug,เพชรบูรณ์,
2024,Sep,เพชรบูรณ์,
2024,Oct,เพชรบูรณ์,
2024,Nov,เพชรบูรณ์,
2024,Dec,เพชรบูรณ์,
2020,Jan,นครราชสีมา,1422803.0
2020,Feb,นครราชสีมา,1422803.0
2020,Mar,นครราชสีมา,1422803.0
2020,Apr,นครราชสีมา,1422803.0
2020,May,นครราชสีมา,1422803.0
2020,Jun,นครราชสีมา,1422803.0
2020,Jul,นครราชสีมา,1422803.0
2020,Aug,นครราชสีมา,1422803.0
2020,Sep,นครราชสีมา,1422803.0
2020,Oct,นครราชสีมา,1422803.0
2020,Nov,นครราชสีมา,1422803.0
2020,Dec,นครราชสีมา,1422803.0
2021,Jan,นครราชสีมา,1451489.0
2021,Feb,นครราชสีมา,1451489.0
2021,Mar,นครราชสีมา,1451489.0
2021,Apr,นครราชสีมา,1451489.0
2021,May,นครราชสีมา,1451489.0
2021,Jun,นครราชสีมา,1451489.0
2021,Jul,นครราชสีมา,1451489.0
2021,Aug,นครราชสีมา,1451489.0
2021,Sep,นครราชสีมา,1451489.0
2021,Oct,นครราชสีมา,1451489.0
2021,Nov,นครราชสีมา,1451489.0
2021,Dec,นครราชสีมา,1451489.0
2022,Jan,นครราชสีมา,1484062.0
2022,Feb,นครราชสีมา,1484062.0
2022,Mar,นครราชสีมา,1484062.0
2022,Apr,นครราชสีมา,1484062.0
2022,May,นครราชสีมา,1484062.0
2022,Jun,นครราชสีมา,1484062.0
2022,Jul,นครราชสีมา,1484062.0
2022,Aug,นครราชสีมา,1484062.0
2022,Sep,นครราชสีมา,1484062.0
2022,Oct,นครราชสีมา,1484062.0
2022,Nov,นครราชสีมา,1484062.0
2022,Dec,นครราชสีมา,1484062.0
2023,Jan,นครราชสีมา,1503702.0
2023,Feb,นครราชสีมา,1503702.0
2023,Mar,นครราชสีมา,1503702.0
2023,Apr,นครราชสีมา,1503702.0
2023,May,นครราชสีมา,1503702.0
2023,Jun,นครราชสีมา,1503702.0
2023,Jul,นครราชสีมา,1503702.0
2023,Aug,นครราชสีมา,1503702.0
2023,Sep,นครราชสีมา,1503702.0
2023,Oct,นครราชสีมา,1503702.0
2023,Nov,นครราชสีมา,1503702.0
2023,Dec,นครราชสีมา,1503702.0
2024,Jan,นครราชสีมา,
2024,Feb,นครราชสีมา,
2024,Mar,นครราชสีมา,
2024,Apr,นครราชสีมา,
2024,May,นครราชสีมา,
2024,Jun,นครราชสีมา,
2024,Jul,นครราชสีมา,
2024,Aug,นครราชสีมา,
2024,Sep,นครราชสีมา,
2024,Oct,นครราชสีมา,
2024,Nov,นครราชสีมา,
2024,Dec,นครราชสีมา,
2020,Jan,บุรีรัมย์,535692.0
2020,Feb,บุรีรัมย์,535692.0
2020,Mar,บุรีรัมย์,535692.0
2020,Apr,บุรีรัมย์,535692.0
2020,May,บุรีรัมย์,535692.0
2020,Jun,บุรีรัมย์,535692.0
2020,Jul,บุรีรัมย์,535692.0
2020,Aug,บุรีรัมย์,535692.0
2020,Sep,บุรีรัมย์,535692.0
2020,Oct,บุรีรัมย์,535692.0
2020,Nov,บุรีรัมย์,535692.0
2020,Dec,บุรีรัมย์,535692.0
2021,Jan,บุรีรัมย์,548910.0
2021,Feb,บุรีรัมย์,548910.0
2021,Mar,บุรีรัมย์,548910.0
2021,Apr,บุรีรัมย์,548910.0
2021,May,บุรีรัมย์,548910.0
2021,Jun,บุรีรัมย์,548910.0
2021,Jul,บุรีรัมย์,548910.0
2021,Aug,บุรีรัมย์,548910.0
2021,Sep,บุรีรัมย์,548910.0
2021,Oct,บุรีรัมย์,548910.0
2021,Nov,บุรีรัมย์,548910.0
2021,Dec,บุรีรัมย์,548910.0
2022,Jan,บุรีรัมย์,565774.0
2022,Feb,บุรีรัมย์,565774.0
2022,Mar,บุรีรัมย์,565774.0
2022,Apr,บุรีรัมย์,565774.0
2022,May,บุรีรัมย์,565774.0
2022,Jun,บุรีรัมย์,565774.0
2022,Jul,บุรีรัมย์,565774.0
2022,Aug,บุรีรัมย์,565774.0
2022,Sep,บุรีรัมย์,565774.0
2022,Oct,บุรีรัมย์,565774.0
2022,Nov,บุรีรัมย์,565774.0
2022,Dec,บุรีรัมย์,565774.0
2023,Jan,บุรีรัมย์,582258.0
2023,Feb,บุรีรัมย์,582258.0
2023,Mar,บุรีรัมย์,582258.0
2023,Apr,บุรีรัมย์,582258.0
2023,May,บุรีรัมย์,582258.0
2023,Jun,บุรีรัมย์,582258.0
2023,Jul,บุรีรัมย์,582258.0
2023,Aug,บุรีรัมย์,582258.0
2023,Sep,บุรีรัมย์,582258.0
2023,Oct,บุรีรัมย์,582258.0
2023,Nov,บุรีรัมย์,582258.0
2023,Dec,บุรีรัมย์,582258.0
2024,Jan,บุรีรัมย์,
2024,Feb,บุรีรัมย์,
2024,Mar,บุรีรัมย์,
2024,Apr,บุรีรัมย์,
2024,May,บุรีรัมย์,
2024,Jun,บุรีรัมย์,
2024,Jul,บุรีรัมย์,
2024,Aug,บุรีรัมย์,
2024,Sep,บุรีรัมย์,
2024,Oct,บุรีรัมย์,
2024,Nov,บุรีรัมย์,
2024,Dec,บุรีรัมย์,
2020,Jan,สุรินทร์,486776.0
2020,Feb,สุรินทร์,486776.0
2020,Mar,สุรินทร์,486776.0
2020,Apr,สุรินทร์,486776.0
2020,May,สุรินทร์,486776.0
2020,Jun,สุรินทร์,486776.0
2020,Jul,สุรินทร์,486776.0
2020,Aug,สุรินทร์,486776.0
2020,Sep,สุรินทร์,486776.0
2020,Oct,สุรินทร์,486776.0
2020,Nov,สุรินทร์,486776.0
2020,Dec,สุรินทร์,486776.0
2021,Jan,สุรินทร์,498828.0
2021,Feb,สุรินทร์,498828.0
2021,Mar,สุรินทร์,498828.0
2021,Apr,สุรินทร์,498828.0
2021,May,สุรินทร์,498828.0
2021,Jun,สุรินทร์,498828.0
2021,Jul,สุรินทร์,498828.0
2021,Aug,สุรินทร์,498828.0
2021,Sep,สุรินทร์,498828.0
2021,Oct,สุรินทร์,498828.0
2021,Nov,สุรินทร์,498828.0
2021,Dec,สุรินทร์,498828.0
2022,Jan,สุรินทร์,511146.0
2022,Feb,สุรินทร์,511146.0
2022,Mar,สุรินทร์,511146.0
2022,Apr,สุรินทร์,511146.0
2022,May,สุรินทร์,511146.0
2022,Jun,สุรินทร์,511146.0
2022,Jul,สุรินทร์,511146.0
2022,Aug,สุรินทร์,511146.0
2022,Sep,สุรินทร์,511146.0
2022,Oct,สุรินทร์,511146.0
2022,Nov,สุรินทร์,511146.0
2022,Dec,สุรินทร์,511146.0
2023,Jan,สุรินทร์,517605.0
2023,Feb,สุรินทร์,517605.0
2023,Mar,สุรินทร์,517605.0
2023,Apr,สุรินทร์,517605.0
2023,May,สุรินทร์,517605.0
2023,Jun,สุรินทร์,517605.0
2023,Jul,สุรินทร์,517605.0
2023,Aug,สุรินทร์,517605.0
2023,Sep,สุรินทร์,517605.0
2023,Oct,สุรินทร์,517605.0
2023,Nov,สุรินทร์,517605.0
2023,Dec,สุรินทร์,517605.0
2024,Jan,สุรินทร์,
2024,Feb,สุรินทร์,
2024,Mar,สุรินทร์,
2024,Apr,สุรินทร์,
2024,May,สุรินทร์,
2024,Jun,สุรินทร์,
2024,Jul,สุรินทร์,
2024,Aug,สุรินทร์,
2024,Sep,สุรินทร์,
2024,Oct,สุรินทร์,
2024,Nov,สุรินทร์,
2024,Dec,สุรินทร์,
2020,Jan,ศรีสะเกษ,438534.0
2020,Feb,ศรีสะเกษ,438534.0
2020,Mar,ศรีสะเกษ,438534.0
2020,Apr,ศรีสะเกษ,438534.0
2020,May,ศรีสะเกษ,438534.0
2020,Jun,ศรีสะเกษ,438534.0
2020,Jul,ศรีสะเกษ,438534.0
2020,Aug,ศรีสะเกษ,438534.0
2020,Sep,ศรีสะเกษ,438534.0
2020,Oct,ศรีสะเกษ,438534.0
2020,Nov,ศรีสะเกษ,438534.0
2020,Dec,ศรีสะเกษ,438534.0
2021,Jan,ศรีสะเกษ,451444.0
2021,Feb,ศรีสะเกษ,451444.0
2021,Mar,ศรีสะเกษ,451444.0
2021,Apr,ศรีสะเกษ,451444.0
2021,May,ศรีสะเกษ,451444.0
2021,Jun,ศรีสะเกษ,451444.0
2021,Jul,ศรีสะเกษ,451444.0
2021,Aug,ศรีสะเกษ,451444.0
2021,Sep,ศรีสะเกษ,451444.0
2021,Oct,ศรีสะเกษ,451444.0
2021,Nov,ศรีสะเกษ,451444.0
2021,Dec,ศรีสะเกษ,451444.0
2022,Jan,ศรีสะเกษ,458690.0
2022,Feb,ศรีสะเกษ,458690.0
2022,Mar,ศรีสะเกษ,458690.0
2022,Apr,ศรีสะเกษ,458690.0
2022,May,ศรีสะเกษ,458690.0
2022,Jun,ศรีสะเกษ,458690.0
2022,Jul,ศรีสะเกษ,458690.0
2022,Aug,ศรีสะเกษ,458690.0
2022,Sep,ศรีสะเกษ,458690.0
2022,Oct,ศรีสะเกษ,458690.0
2022,Nov,ศรีสะเกษ,458690.0
2022,Dec,ศรีสะเกษ,458690.0
2023,Jan,ศรีสะเกษ,460802.0
2023,Feb,ศรีสะเกษ,460802.0
2023,Mar,ศรีสะเกษ,460802.0
2023,Apr,ศรีสะเกษ,460802.0
2023,May,ศรีสะเกษ,460802.0
2023,Jun,ศรีสะเกษ,460802.0
2023,Jul,ศรีสะเกษ,460802.0
2023,Aug,ศรีสะเกษ,460802.0
2023,Sep,ศรีสะเกษ,460802.0
2023,Oct,ศรีสะเกษ,460802.0
2023,Nov,ศรีสะเกษ,460802.0
2023,Dec,ศรีสะเกษ,460802.0
2024,Jan,ศรีสะเกษ,
2024,Feb,ศรีสะเกษ,
2024,Mar,ศรีสะเกษ,
2024,Apr,ศรีสะเกษ,
2024,May,ศรีสะเกษ,
2024,Jun,ศรีสะเกษ,
2024,Jul,ศรีสะเกษ,
2024,Aug,ศรีสะเกษ,
2024,Sep,ศรีสะเกษ,
2024,Oct,ศรีสะเกษ,
2024,Nov,ศรีสะเกษ,
2024,Dec,ศรีสะเกษ,
2020,Jan,อุบลราชธานี,779306.0
2020,Feb,อุบลราชธานี,779306.0
2020,Mar,อุบลราชธานี,779306.0
2020,Apr,อุบลราชธานี,779306.0
2020,May,อุบลราชธานี,779306.0
2020,Jun,อุบลราชธานี,779306.0
2020,Jul,อุบลราชธานี,779306.0
2020,Aug,อุบลราชธานี,779306.0
2020,Sep,อุบลราชธานี,779306.0
2020,Oct,อุบลราชธานี,779306.0
2020,Nov,อุบลราชธานี,779306.0
2020,Dec,อุบลราชธานี,779306.0
2021,Jan,อุบลราชธานี,800994.0
2021,Feb,อุบลราชธานี,800994.0
2021,Mar,อุบลราชธานี,800994.0
2021,Apr,อุบลราชธานี,800994.0
2021,May,อุบลราชธานี,800994.0
2021,Jun,อุบลราชธานี,800994.0
2021,Jul,อุบลราชธานี,800994.0
2021,Aug,อุบลราชธานี,800994.0
2021,Sep,อุบลราชธานี,800994.0
2021,Oct,อุบลราชธานี,800994.0
2021,Nov,อุบลราชธานี,800994.0
2021,Dec,อุบลราชธานี,800994.0
2022,Jan,อุบลราชธานี,818535.0
2022,Feb,อุบลราชธานี,818535.0
2022,Mar,อุบลราชธานี,818535.0
2022,Apr,อุบลราชธานี,818535.0
2022,May,อุบลราชธานี,818535.0
2022,Jun,อุบลราชธานี,818535.0
2022,Jul,อุบลราชธานี,818535.0
2022,Aug,อุบลราชธานี,818535.0
2022,Sep,อุบลราชธานี,818535.0
2022,Oct,อุบลราชธานี,818535.0
2022,Nov,อุบลราชธานี,818535.0
2022,Dec,อุบลราชธานี,818535.0
2023,Jan,อุบลราชธานี,826812.0
2023,Feb,อุบลราชธานี,826812.0
2023,Mar,อุบลราชธานี,826812.0
2023,Apr,อุบลราชธานี,826812.0
2023,May,อุบลราชธานี,826812.0
2023,Jun,อุบลราชธานี,826812.0
2023,Jul,อุบลราชธานี,826812.0
2023,Aug,อุบลราชธานี,826812.0
2023,Sep,อุบลราชธานี,826812.0
2023,Oct,อุบลราชธานี,826812.0
2023,Nov,อุบลราชธานี,826812.0
2023,Dec,อุบลราชธานี,826812.0
2024,Jan,อุบลราชธานี,
2024,Feb,อุบลราชธานี,
2024,Mar,อุบลราชธานี,
2024,Apr,อุบลราชธานี,
2024,May,อุบลราชธานี,
2024,Jun,อุบลราชธานี,
2024,Jul,อุบลราชธานี,
2024,Aug,อุบลราชธานี,
2024,Sep,อุบลราชธานี,
2024,Oct,อุบลราชธานี,
2024,Nov,อุบลราชธานี,
2024,Dec,อุบลราชธานี,
2020,Jan,ยโสธร,219548.0
2020,Feb,ยโสธร,219548.0
2020,Mar,ยโสธร,219548.0
2020,Apr,ยโสธร,219548.0
2020,May,ยโสธร,219548.0
2020,Jun,ยโสธร,219548.0
2020,Jul,ยโสธร,219548.0
2020,Aug,ยโสธร,219548.0
2020,Sep,ยโสธร,219548.0
2020,Oct,ยโสธร,219548.0
2020,Nov,ยโสธร,219548.0
2020,Dec,ยโสธร,219548.0
2021,Jan,ยโสธร,223718.0
2021,Feb,ยโสธร,223718.0
2021,Mar,ยโสธร,223718.0
2021,Apr,ยโสธร,223718.0
2021,May,ยโสธร,223718.0
2021,Jun,ยโสธร,223718.0
2021,Jul,ยโสธร,223718.0
2021,Aug,ยโสธร,223718.0
2021,Sep,ยโสธร,223718.0
2021,Oct,ยโสธร,223718.0
2021,Nov,ยโสธร,223718.0
2021,Dec,ยโสธร,223718.0
2022,Jan,ยโสธร,227029.0
2022,Feb,ยโสธร,227029.0
2022,Mar,ยโสธร,227029.0
2022,Apr,ยโสธร,227029.0
2022,May,ยโสธร,227029.0
2022,Jun,ยโสธร,227029.0
2022,Jul,ยโสธร,227029.0
2022,Aug,ยโสธร,227029.0
2022,Sep,ยโสธร,227029.0
2022,Oct,ยโสธร,227029.0
2022,Nov,ยโสธร,227029.0
2022,Dec,ยโสธร,227029.0
2023,Jan,ยโสธร,228411.0
2023,Feb,ยโสธร,228411.0
2023,Mar,ยโสธร,228411.0
2023,Apr,ยโสธร,228411.0
2023,May,ยโสธร,228411.0
2023,Jun,ยโสธร,228411.0
2023,Jul,ยโสธร,228411.0
2023,Aug,ยโสธร,228411.0
2023,Sep,ยโสธร,228411.0
2023,Oct,ยโสธร,228411.0
2023,Nov,ยโสธร,228411.0
2023,Dec,ยโสธร,228411.0
2024,Jan,ยโสธร,
2024,Feb,ยโสธร,
2024,Mar,ยโสธร,
2024,Apr,ยโสธร,
2024,May,ยโสธร,
2024,Jun,ยโสธร,
2024,Jul,ยโสธร,
2024,Aug,ยโสธร,
2024,Sep,ยโสธร,
2024,Oct,ยโสธร,
2024,Nov,ยโสธร,
2024,Dec,ยโสธร,
2020,Jan,ชัยภูมิ,388084.0
2020,Feb,ชัยภูมิ,388084.0
2020,Mar,ชัยภูมิ,388084.0
2020,Apr,ชัยภูมิ,388084.0
2020,May,ชัยภูมิ,388084.0
2020,Jun,ชัยภูมิ,388084.0
2020,Jul,ชัยภูมิ,388084.0
2020,Aug,ชัยภูมิ,388084.0
2020,Sep,ชัยภูมิ,388084.0
2020,Oct,ชัยภูมิ,388084.0
2020,Nov,ชัยภูมิ,388084.0
2020,Dec,ชัยภูมิ,388084.0
2021,Jan,ชัยภูมิ,395172.0
2021,Feb,ชัยภูมิ,395172.0
2021,Mar,ชัยภูมิ,395172.0
2021,Apr,ชัยภูมิ,395172.0
2021,May,ชัยภูมิ,395172.0
2021,Jun,ชัยภูมิ,395172.0
2021,Jul,ชัยภูมิ,395172.0
2021,Aug,ชัยภูมิ,395172.0
2021,Sep,ชัยภูมิ,395172.0
2021,Oct,ชัยภูมิ,395172.0
2021,Nov,ชัยภูมิ,395172.0
2021,Dec,ชัยภูมิ,395172.0
2022,Jan,ชัยภูมิ,403969.0
2022,Feb,ชัยภูมิ,403969.0
2022,Mar,ชัยภูมิ,403969.0
2022,Apr,ชัยภูมิ,403969.0
2022,May,ชัยภูมิ,403969.0
2022,Jun,ชัยภูมิ,403969.0
2022,Jul,ชัยภูมิ,403969.0
2022,Aug,ชัยภูมิ,403969.0
2022,Sep,ชัยภูมิ,403969.0
2022,Oct,ชัยภูมิ,403969.0
2022,Nov,ชัยภูมิ,403969.0
2022,Dec,ชัยภูมิ,403969.0
2023,Jan,ชัยภูมิ,410390.0
2023,Feb,ชัยภูมิ,410390.0
2023,Mar,ชัยภูมิ,410390.0
2023,Apr,ชัยภูมิ,410390.0
2023,May,ชัยภูมิ,410390.0
2023,Jun,ชัยภูมิ,410390.0
2023,Jul,ชัยภูมิ,410390.0
2023,Aug,ชัยภูมิ,410390.0
2023,Sep,ชัยภูมิ,410390.0
2023,Oct,ชัยภูมิ,410390.0
2023,Nov,ชัยภูมิ,410390.0
2023,Dec,ชัยภูมิ,410390.0
2024,Jan,ชัยภูมิ,
2024,Feb,ชัยภูมิ,
2024,Mar,ชัยภูมิ,
2024,Apr,ชัยภูมิ,
2024,May,ชัยภูมิ,
2024,Jun,ชัยภูมิ,
2024,Jul,ชัยภูมิ,
2024,Aug,ชัยภูมิ,
2024,Sep,ชัยภูมิ,
2024,Oct,ชัยภูมิ,
2024,Nov,ชัยภูมิ,
2024,Dec,ชัยภูมิ,
2020,Jan,อำนาจเจริญ,133067.0
2020,Feb,อำนาจเจริญ,133067.0
2020,Mar,อำนาจเจริญ,133067.0
2020,Apr,อำนาจเจริญ,133067.0
2020,May,อำนาจเจริญ,133067.0
2020,Jun,อำนาจเจริญ,133067.0
2020,Jul,อำนาจเจริญ,133067.0
2020,Aug,อำนาจเจริญ,133067.0
2020,Sep,อำนาจเจริญ,133067.0
2020,Oct,อำนาจเจริญ,133067.0
2020,Nov,อำนาจเจริญ,133067.0
2020,Dec,อำนาจเจริญ,133067.0
2021,Jan,อำนาจเจริญ,135686.0
2021,Feb,อำนาจเจริญ,135686.0
2021,Mar,อำนาจเจริญ,135686.0
2021,Apr,อำนาจเจริญ,135686.0
2021,May,อำนาจเจริญ,135686.0
2021,Jun,อำนาจเจริญ,135686.0
2021,Jul,อำนาจเจริญ,135686.0
2021,Aug,อำนาจเจริญ,135686.0
2021,Sep,อำนาจเจริญ,135686.0
2021,Oct,อำนาจเจริญ,135686.0
2021,Nov,อำนาจเจริญ,135686.0
2021,Dec,อำนาจเจริญ,135686.0
2022,Jan,อำนาจเจริญ,138096.0
2022,Feb,อำนาจเจริญ,138096.0
2022,Mar,อำนาจเจริญ,138096.0
2022,Apr,อำนาจเจริญ,138096.0
2022,May,อำนาจเจริญ,138096.0
2022,Jun,อำนาจเจริญ,138096.0
2022,Jul,อำนาจเจริญ,138096.0
2022,Aug,อำนาจเจริญ,138096.0
2022,Sep,อำนาจเจริญ,138096.0
2022,Oct,อำนาจเจริญ,138096.0
2022,Nov,อำนาจเจริญ,138096.0
2022,Dec,อำนาจเจริญ,138096.0
2023,Jan,อำนาจเจริญ,138864.0
2023,Feb,อำนาจเจริญ,138864.0
2023,Mar,อำนาจเจริญ,138864.0
2023,Apr,อำนาจเจริญ,138864.0
2023,May,อำนาจเจริญ,138864.0
2023,Jun,อำนาจเจริญ,138864.0
2023,Jul,อำนาจเจริญ,138864.0
2023,Aug,อำนาจเจริญ,138864.0
2023,Sep,อำนาจเจริญ,138864.0
2023,Oct,อำนาจเจริญ,138864.0
2023,Nov,อำนาจเจริญ,138864.0
2023,Dec,อำนาจเจริญ,138864.0
2024,Jan,อำนาจเจริญ,
2024,Feb,อำนาจเจริญ,
2024,Mar,อำนาจเจริญ,
2024,Apr,อำนาจเจริญ,
2024,May,อำนาจเจริญ,
2024,Jun,อำนาจเจริญ,
2024,Jul,อำนาจเจริญ,
2024,Aug,อำนาจเจริญ,
2024,Sep,อำนาจเจริญ,
2024,Oct,อำนาจเจริญ,
2024,Nov,อำนาจเจริญ,
2024,Dec,อำนาจเจริญ,
2020,Jan,บึงกาฬ,124700.0
2020,Feb,บึงกาฬ,124700.0
2020,Mar,บึงกาฬ,124700.0
2020,Apr,บึงกาฬ,124700.0
2020,May,บึงกาฬ,124700.0
2020,Jun,บึงกาฬ,124700.0
2020,Jul,บึงกาฬ,124700.0
2020,Aug,บึงกาฬ,124700.0
2020,Sep,บึงกาฬ,124700.0
2020,Oct,บึงกาฬ,124700.0
2020,Nov,บึงกาฬ,124700.0
2020,Dec,บึงกาฬ,124700.0
2021,Jan,บึงกาฬ,129899.0
2021,Feb,บึงกาฬ,129899.0
2021,Mar,บึงกาฬ,129899.0
2021,Apr,บึงกาฬ,129899.0
2021,May,บึงกาฬ,129899.0
2021,Jun,บึงกาฬ,129899.0
2021,Jul,บึงกาฬ,129899.0
2021,Aug,บึงกาฬ,129899.0
2021,Sep,บึงกาฬ,129899.0
2021,Oct,บึงกาฬ,129899.0
2021,Nov,บึงกาฬ,129899.0
2021,Dec,บึงกาฬ,129899.0
2022,Jan,บึงกาฬ,136050.0
2022,Feb,บึงกาฬ,136050.0
2022,Mar,บึงกาฬ,136050.0
2022,Apr,บึงกาฬ,136050.0
2022,May,บึงกาฬ,136050.0
2022,Jun,บึงกาฬ,136050.0
2022,Jul,บึงกาฬ,136050.0
2022,Aug,บึงกาฬ,136050.0
2022,Sep,บึงกาฬ,136050.0
2022,Oct,บึงกาฬ,136050.0
2022,Nov,บึงกาฬ,136050.0
2022,Dec,บึงกาฬ,136050.0
2023,Jan,บึงกาฬ,138159.0
2023,Feb,บึงกาฬ,138159.0
2023,Mar,บึงกาฬ,138159.0
2023,Apr,บึงกาฬ,138159.0
2023,May,บึงกาฬ,138159.0
2023,Jun,บึงกาฬ,138159.0
2023,Jul,บึงกาฬ,138159.0
2023,Aug,บึงกาฬ,138159.0
2023,Sep,บึงกาฬ,138159.0
2023,Oct,บึงกาฬ,138159.0
2023,Nov,บึงกาฬ,138159.0
2023,Dec,บึงกาฬ,138159.0
2024,Jan,บึงกาฬ,
2024,Feb,บึงกาฬ,
2024,Mar,บึงกาฬ,
2024,Apr,บึงกาฬ,
2024,May,บึงกาฬ,
2024,Jun,บึงกาฬ,
2024,Jul,บึงกาฬ,
2024,Aug,บึงกาฬ,
2024,Sep,บึงกาฬ,
2024,Oct,บึงกาฬ,
2024,Nov,บึงกาฬ,
2024,Dec,บึงกาฬ,
2020,Jan,หนองบัวลำภู,166625.0
2020,Feb,หนองบัวลำภู,166625.0
2020,Mar,หนองบัวลำภู,166625.0
2020,Apr,หนองบัวลำภู,166625.0
2020,May,หนองบัวลำภู,166625.0
2020,Jun,หนองบัวลำภู,166625.0
2020,Jul,หนองบัวลำภู,166625.0
2020,Aug,หนองบัวลำภู,166625.0
2020,Sep,หนองบัวลำภู,166625.0
2020,Oct,หนองบัวลำภู,166625.0
2020,Nov,หนองบัวลำภู,166625.0
2020,Dec,หนองบัวลำภู,166625.0
2021,Jan,หนองบัวลำภู,170768.0
2021,Feb,หนองบัวลำภู,170768.0
2021,Mar,หนองบัวลำภู,170768.0
2021,Apr,หนองบัวลำภู,170768.0
2021,May,หนองบัวลำภู,170768.0
2021,Jun,หนองบัวลำภู,170768.0
2021,Jul,หนองบัวลำภู,170768.0
2021,Aug,หนองบัวลำภู,170768.0
2021,Sep,หนองบัวลำภู,170768.0
2021,Oct,หนองบัวลำภู,170768.0
2021,Nov,หนองบัวลำภู,170768.0
2021,Dec,หนองบัวลำภู,170768.0
2022,Jan,หนองบัวลำภู,176974.0
2022,Feb,หนองบัวลำภู,176974.0
2022,Mar,หนองบัวลำภู,176974.0
2022,Apr,หนองบัวลำภู,176974.0
2022,May,หนองบัวลำภู,176974.0
2022,Jun,หนองบัวลำภู,176974.0
2022,Jul,หนองบัวลำภู,176974.0
2022,Aug,หนองบัวลำภู,176974.0
2022,Sep,หนองบัวลำภู,176974.0
2022,Oct,หนองบัวลำภู,176974.0
2022,Nov,หนองบัวลำภู,176974.0
2022,Dec,หนองบัวลำภู,176974.0
2023,Jan,หนองบัวลำภู,179403.0
2023,Feb,หนองบัวลำภู,179403.0
2023,Mar,หนองบัวลำภู,179403.0
2023,Apr,หนองบัวลำภู,179403.0
2023,May,หนองบัวลำภู,179403.0
2023,Jun,หนองบัวลำภู,179403.0
2023,Jul,หนองบัวลำภู,179403.0
2023,Aug,หนองบัวลำภู,179403.0
2023,Sep,หนองบัวลำภู,179403.0
2023,Oct,หนองบัวลำภู,179403.0
2023,Nov,หนองบัวลำภู,179403.0
2023,Dec,หนองบัวลำภู,179403.0
2024,Jan,หนองบัวลำภู,
2024,Feb,หนองบัวลำภู,
2024,Mar,หนองบัวลำภู,
2024,Apr,หนองบัวลำภู,
2024,May,หนองบัวลำภู,
2024,Jun,หนองบัวลำภู,
2024,Jul,หนองบัวลำภู,
2024,Aug,หนองบัวลำภู,
2024,Sep,หนองบัวลำภู,
2024,Oct,หนองบัวลำภู,
2024,Nov,หนองบัวลำภู,
2024,Dec,หนองบัวลำภู,
2020,Jan,ขอนแก่น,903795.0
2020,Feb,ขอนแก่น,903795.0
2020,Mar,ขอนแก่น,903795.0
2020,Apr,ขอนแก่น,903795.0
2020,May,ขอนแก่น,903795.0
2020,Jun,ขอนแก่น,903795.0
2020,Jul,ขอนแก่น,903795.0
2020,Aug,ขอนแก่น,903795.0
2020,Sep,ขอนแก่น,903795.0
2020,Oct,ขอนแก่น,903795.0
2020,Nov,ขอนแก่น,903795.0
2020,Dec,ขอนแก่น,903795.0
2021,Jan,ขอนแก่น,921736.0
2021,Feb,ขอนแก่น,921736.0
2021,Mar,ขอนแก่น,921736.0
2021,Apr,ขอนแก่น,921736.0
2021,May,ขอนแก่น,921736.0
2021,Jun,ขอนแก่น,921736.0
2021,Jul,ขอนแก่น,921736.0
2021,Aug,ขอนแก่น,921736.0
2021,Sep,ขอนแก่น,921736.0
2021,Oct,ขอนแก่น,921736.0
2021,Nov,ขอนแก่น,921736.0
2021,Dec,ขอนแก่น,921736.0
2022,Jan,ขอนแก่น,943861.0
2022,Feb,ขอนแก่น,943861.0
2022,Mar,ขอนแก่น,943861.0
2022,Apr,ขอนแก่น,943861.0
2022,May,ขอนแก่น,943861.0
2022,Jun,ขอนแก่น,943861.0
2022,Jul,ขอนแก่น,943861.0
2022,Aug,ขอนแก่น,943861.0
2022,Sep,ขอนแก่น,943861.0
2022,Oct,ขอนแก่น,943861.0
2022,Nov,ขอนแก่น,943861.0
2022,Dec,ขอนแก่น,943861.0
2023,Jan,ขอนแก่น,959934.0
2023,Feb,ขอนแก่น,959934.0
2023,Mar,ขอนแก่น,959934.0
2023,Apr,ขอนแก่น,959934.0
2023,May,ขอนแก่น,959934.0
2023,Jun,ขอนแก่น,959934.0
2023,Jul,ขอนแก่น,959934.0
2023,Aug,ขอนแก่น,959934.0
2023,Sep,ขอนแก่น,959934.0
2023,Oct,ขอนแก่น,959934.0
2023,Nov,ขอนแก่น,959934.0
2023,Dec,ขอนแก่น,959934.0
2024,Jan,ขอนแก่น,
2024,Feb,ขอนแก่น,
2024,Mar,ขอนแก่น,
2024,Apr,ขอนแก่น,
2024,May,ขอนแก่น,
2024,Jun,ขอนแก่น,
2024,Jul,ขอนแก่น,
2024,Aug,ขอนแก่น,
2024,Sep,ขอนแก่น,
2024,Oct,ขอนแก่น,
2024,Nov,ขอนแก่น,
2024,Dec,ขอนแก่น,
2020,Jan,อุดรธานี,718683.0
2020,Feb,อุดรธานี,718683.0
2020,Mar,อุดรธานี,718683.0
2020,Apr,อุดรธานี,718683.0
2020,May,อุดรธานี,718683.0
2020,Jun,อุดรธานี,718683.0
2020,Jul,อุดรธานี,718683.0
2020,Aug,อุดรธานี,718683.0
2020,Sep,อุดรธานี,718683.0
2020,Oct,อุดรธานี,718683.0
2020,Nov,อุดรธานี,718683.0
2020,Dec,อุดรธานี,718683.0
2021,Jan,อุดรธานี,738523.0
2021,Feb,อุดรธานี,738523.0
2021,Mar,อุดรธานี,738523.0
2021,Apr,อุดรธานี,738523.0
2021,May,อุดรธานี,738523.0
2021,Jun,อุดรธานี,738523.0
2021,Jul,อุดรธานี,738523.0
2021,Aug,อุดรธานี,738523.0
2021,Sep,อุดรธานี,738523.0
2021,Oct,อุดรธานี,738523.0
2021,Nov,อุดรธานี,738523.0
2021,Dec,อุดรธานี,738523.0
2022,Jan,อุดรธานี,764906.0
2022,Feb,อุดรธานี,764906.0
2022,Mar,อุดรธานี,764906.0
2022,Apr,อุดรธานี,764906.0
2022,May,อุดรธานี,764906.0
2022,Jun,อุดรธานี,764906.0
2022,Jul,อุดรธานี,764906.0
2022,Aug,อุดรธานี,764906.0
2022,Sep,อุดรธานี,764906.0
2022,Oct,อุดรธานี,764906.0
2022,Nov,อุดรธานี,764906.0
2022,Dec,อุดรธานี,764906.0
2023,Jan,อุดรธานี,775936.0
2023,Feb,อุดรธานี,775936.0
2023,Mar,อุดรธานี,775936.0
2023,Apr,อุดรธานี,775936.0
2023,May,อุดรธานี,775936.0
2023,Jun,อุดรธานี,775936.0
2023,Jul,อุดรธานี,775936.0
2023,Aug,อุดรธานี,775936.0
2023,Sep,อุดรธานี,775936.0
2023,Oct,อุดรธานี,775936.0
2023,Nov,อุดรธานี,775936.0
2023,Dec,อุดรธานี,775936.0
2024,Jan,อุดรธานี,
2024,Feb,อุดรธานี,
2024,Mar,อุดรธานี,
2024,Apr,อุดรธานี,
2024,May,อุดรธานี,
2024,Jun,อุดรธานี,
2024,Jul,อุดรธานี,
2024,Aug,อุดรธานี,
2024,Sep,อุดรธานี,
2024,Oct,อุดรธานี,
2024,Nov,อุดรธานี,
2024,Dec,อุดรธานี,
2020,Jan,เลย,292317.0
2020,Feb,เลย,292317.0
2020,Mar,เลย,292317.0
2020,Apr,เลย,292317.0
2020,May,เลย,292317.0
2020,Jun,เลย,292317.0
2020,Jul,เลย,292317.0
2020,Aug,เลย,292317.0
2020,Sep,เลย,292317.0
2020,Oct,เลย,292317.0
2020,Nov,เลย,292317.0
2020,Dec,เลย,292317.0
2021,Jan,เลย,299159.0
2021,Feb,เลย,299159.0
2021,Mar,เลย,299159.0
2021,Apr,เลย,299159.0
2021,May,เลย,299159.0
2021,Jun,เลย,299159.0
2021,Jul,เลย,299159.0
2021,Aug,เลย,299159.0
2021,Sep,เลย,299159.0
2021,Oct,เลย,299159.0
2021,Nov,เลย,299159.0
2021,Dec,เลย,299159.0
2022,Jan,เลย,302914.0
2022,Feb,เลย,302914.0
2022,Mar,เลย,302914.0
2022,Apr,เลย,302914.0
2022,May,เลย,302914.0
2022,Jun,เลย,302914.0
2022,Jul,เลย,302914.0
2022,Aug,เลย,302914.0
2022,Sep,เลย,302914.0
2022,Oct,เลย,302914.0
2022,Nov,เลย,302914.0
2022,Dec,เลย,302914.0
2023,Jan,เลย,304544.0
2023,Feb,เลย,304544.0
2023,Mar,เลย,304544.0
2023,Apr,เลย,304544.0
2023,May,เลย,304544.0
2023,Jun,เลย,304544.0
2023,Jul,เลย,304544.0
2023,Aug,เลย,304544.0
2023,Sep,เลย,304544.0
2023,Oct,เลย,304544.0
2023,Nov,เลย,304544.0
2023,Dec,เลย,304544.0
2024,Jan,เลย,
2024,Feb,เลย,
2024,Mar,เลย,
2024,Apr,เลย,
2024,May,เลย,
2024,Jun,เลย,
2024,Jul,เลย,
2024,Aug,เลย,
2024,Sep,เลย,
2024,Oct,เลย,
2024,Nov,เลย,
2024,Dec,เลย,
2020,Jan,หนองคาย,215279.0
2020,Feb,หนองคาย,215279.0
2020,Mar,หนองคาย,215279.0
2020,Apr,หนองคาย,215279.0
2020,May,หนองคาย,215279.0
2020,Jun,หนองคาย,215279.0
2020,Jul,หนองคาย,215279.0
2020,Aug,หนองคาย,215279.0
2020,Sep,หนองคาย,215279.0
2020,Oct,หนองคาย,215279.0
2020,Nov,หนองคาย,215279.0
2020,Dec,หนองคาย,215279.0
2021,Jan,หนองคาย,215986.0
2021,Feb,หนองคาย,215986.0
2021,Mar,หนองคาย,215986.0
2021,Apr,หนองคาย,215986.0
2021,May,หนองคาย,215986.0
2021,Jun,หนองคาย,215986.0
2021,Jul,หนองคาย,215986.0
2021,Aug,หนองคาย,215986.0
2021,Sep,หนองคาย,215986.0
2021,Oct,หนองคาย,215986.0
2021,Nov,หนองคาย,215986.0
2021,Dec,หนองคาย,215986.0
2022,Jan,หนองคาย,217800.0
2022,Feb,หนองคาย,217800.0
2022,Mar,หนองคาย,217800.0
2022,Apr,หนองคาย,217800.0
2022,May,หนองคาย,217800.0
2022,Jun,หนองคาย,217800.0
2022,Jul,หนองคาย,217800.0
2022,Aug,หนองคาย,217800.0
2022,Sep,หนองคาย,217800.0
2022,Oct,หนองคาย,217800.0
2022,Nov,หนองคาย,217800.0
2022,Dec,หนองคาย,217800.0
2023,Jan,หนองคาย,219035.0
2023,Feb,หนองคาย,219035.0
2023,Mar,หนองคาย,219035.0
2023,Apr,หนองคาย,219035.0
2023,May,หนองคาย,219035.0
2023,Jun,หนองคาย,219035.0
2023,Jul,หนองคาย,219035.0
2023,Aug,หนองคาย,219035.0
2023,Sep,หนองคาย,219035.0
2023,Oct,หนองคาย,219035.0
2023,Nov,หนองคาย,219035.0
2023,Dec,หนองคาย,219035.0
2024,Jan,หนองคาย,
2024,Feb,หนองคาย,
2024,Mar,หนองคาย,
2024,Apr,หนองคาย,
2024,May,หนองคาย,
2024,Jun,หนองคาย,
2024,Jul,หนองคาย,
2024,Aug,หนองคาย,
2024,Sep,หนองคาย,
2024,Oct,หนองคาย,
2024,Nov,หนองคาย,
2024,Dec,หนองคาย,
2020,Jan,มหาสารคาม,367058.0
2020,Feb,มหาสารคาม,367058.0
2020,Mar,มหาสารคาม,367058.0
2020,Apr,มหาสารคาม,367058.0
2020,May,มหาสารคาม,367058.0
2020,Jun,มหาสารคาม,367058.0
2020,Jul,มหาสารคาม,367058.0
2020,Aug,มหาสารคาม,367058.0
2020,Sep,มหาสารคาม,367058.0
2020,Oct,มหาสารคาม,367058.0
2020,Nov,มหาสารคาม,367058.0
2020,Dec,มหาสารคาม,367058.0
2021,Jan,มหาสารคาม,378366.0
2021,Feb,มหาสารคาม,378366.0
2021,Mar,มหาสารคาม,378366.0
2021,Apr,มหาสารคาม,378366.0
2021,May,มหาสารคาม,378366.0
2021,Jun,มหาสารคาม,378366.0
2021,Jul,มหาสารคาม,378366.0
2021,Aug,มหาสารคาม,378366.0
2021,Sep,มหาสารคาม,378366.0
2021,Oct,มหาสารคาม,378366.0
2021,Nov,มหาสารคาม,378366.0
2021,Dec,มหาสารคาม,378366.0
2022,Jan,มหาสารคาม,388377.0
2022,Feb,มหาสารคาม,388377.0
2022,Mar,มหาสารคาม,388377.0
2022,Apr,มหาสารคาม,388377.0
2022,May,มหาสารคาม,388377.0
2022,Jun,มหาสารคาม,388377.0
2022,Jul,มหาสารคาม,388377.0
2022,Aug,มหาสารคาม,388377.0
2022,Sep,มหาสารคาม,388377.0
2022,Oct,มหาสารคาม,388377.0
2022,Nov,มหาสารคาม,388377.0
2022,Dec,มหาสารคาม,388377.0
2023,Jan,มหาสารคาม,392531.0
2023,Feb,มหาสารคาม,392531.0
2023,Mar,มหาสารคาม,392531.0
2023,Apr,มหาสารคาม,392531.0
2023,May,มหาสารคาม,392531.0
2023,Jun,มหาสารคาม,392531.0
2023,Jul,มหาสารคาม,392531.0
2023,Aug,มหาสารคาม,392531.0
2023,Sep,มหาสารคาม,392531.0
2023,Oct,มหาสารคาม,392531.0
2023,Nov,มหาสารคาม,392531.0
2023,Dec,มหาสารคาม,392531.0
2024,Jan,มหาสารคาม,
2024,Feb,มหาสารคาม,
2024,Mar,มหาสารคาม,
2024,Apr,มหาสารคาม,
2024,May,มหาสารคาม,
2024,Jun,มหาสารคาม,
2024,Jul,มหาสารคาม,
2024,Aug,มหาสารคาม,
2024,Sep,มหาสารคาม,
2024,Oct,มหาสารคาม,
2024,Nov,มหาสารคาม,
2024,Dec,มหาสารคาม,
2020,Jan,ร้อยเอ็ด,430561.0
2020,Feb,ร้อยเอ็ด,430561.0
2020,Mar,ร้อยเอ็ด,430561.0
2020,Apr,ร้อยเอ็ด,430561.0
2020,May,ร้อยเอ็ด,430561.0
2020,Jun,ร้อยเอ็ด,430561.0
2020,Jul,ร้อยเอ็ด,430561.0
2020,Aug,ร้อยเอ็ด,430561.0
2020,Sep,ร้อยเอ็ด,430561.0
2020,Oct,ร้อยเอ็ด,430561.0
2020,Nov,ร้อยเอ็ด,430561.0
2020,Dec,ร้อยเอ็ด,430561.0
2021,Jan,ร้อยเอ็ด,446370.0
2021,Feb,ร้อยเอ็ด,446370.0
2021,Mar,ร้อยเอ็ด,446370.0
2021,Apr,ร้อยเอ็ด,446370.0
2021,May,ร้อยเอ็ด,446370.0
2021,Jun,ร้อยเอ็ด,446370.0
2021,Jul,ร้อยเอ็ด,446370.0
2021,Aug,ร้อยเอ็ด,446370.0
2021,Sep,ร้อยเอ็ด,446370.0
2021,Oct,ร้อยเอ็ด,446370.0
2021,Nov,ร้อยเอ็ด,446370.0
2021,Dec,ร้อยเอ็ด,446370.0
2022,Jan,ร้อยเอ็ด,460803.0
2022,Feb,ร้อยเอ็ด,460803.0
2022,Mar,ร้อยเอ็ด,460803.0
2022,Apr,ร้อยเอ็ด,460803.0
2022,May,ร้อยเอ็ด,460803.0
2022,Jun,ร้อยเอ็ด,460803.0
2022,Jul,ร้อยเอ็ด,460803.0
2022,Aug,ร้อยเอ็ด,460803.0
2022,Sep,ร้อยเอ็ด,460803.0
2022,Oct,ร้อยเอ็ด,460803.0
2022,Nov,ร้อยเอ็ด,460803.0
2022,Dec,ร้อยเอ็ด,460803.0
2023,Jan,ร้อยเอ็ด,468644.0
2023,Feb,ร้อยเอ็ด,468644.0
2023,Mar,ร้อยเอ็ด,468644.0
2023,Apr,ร้อยเอ็ด,468644.0
2023,May,ร้อยเอ็ด,468644.0
2023,Jun,ร้อยเอ็ด,468644.0
2023,Jul,ร้อยเอ็ด,468644.0
2023,Aug,ร้อยเอ็ด,468644.0
2023,Sep,ร้อยเอ็ด,468644.0
2023,Oct,ร้อยเอ็ด,468644.0
2023,Nov,ร้อยเอ็ด,468644.0
2023,Dec,ร้อยเอ็ด,468644.0
2024,Jan,ร้อยเอ็ด,
2024,Feb,ร้อยเอ็ด,
2024,Mar,ร้อยเอ็ด,
2024,Apr,ร้อยเอ็ด,
2024,May,ร้อยเอ็ด,
2024,Jun,ร้อยเอ็ด,
2024,Jul,ร้อยเอ็ด,
2024,Aug,ร้อยเอ็ด,
2024,Sep,ร้อยเอ็ด,
2024,Oct,ร้อยเอ็ด,
2024,Nov,ร้อยเอ็ด,
2024,Dec,ร้อยเอ็ด,
2020,Jan,กาฬสินธุ์,308951.0
2020,Feb,กาฬสินธุ์,308951.0
2020,Mar,กาฬสินธุ์,308951.0
2020,Apr,กาฬสินธุ์,308951.0
2020,May,กาฬสินธุ์,308951.0
2020,Jun,กาฬสินธุ์,308951.0
2020,Jul,กาฬสินธุ์,308951.0
2020,Aug,กาฬสินธุ์,308951.0
2020,Sep,กาฬสินธุ์,308951.0
2020,Oct,กาฬสินธุ์,308951.0
2020,Nov,กาฬสินธุ์,308951.0
2020,Dec,กาฬสินธุ์,308951.0
2021,Jan,กาฬสินธุ์,318717.0
2021,Feb,กาฬสินธุ์,318717.0
2021,Mar,กาฬสินธุ์,318717.0
2021,Apr,กาฬสินธุ์,318717.0
2021,May,กาฬสินธุ์,318717.0
2021,Jun,กาฬสินธุ์,318717.0
2021,Jul,กาฬสินธุ์,318717.0
2021,Aug,กาฬสินธุ์,318717.0
2021,Sep,กาฬสินธุ์,318717.0
2021,Oct,กาฬสินธุ์,318717.0
2021,Nov,กาฬสินธุ์,318717.0
2021,Dec,กาฬสินธุ์,318717.0
2022,Jan,กาฬสินธุ์,329012.0
2022,Feb,กาฬสินธุ์,329012.0
2022,Mar,กาฬสินธุ์,329012.0
2022,Apr,กาฬสินธุ์,329012.0
2022,May,กาฬสินธุ์,329012.0
2022,Jun,กาฬสินธุ์,329012.0
2022,Jul,กาฬสินธุ์,329012.0
2022,Aug,กาฬสินธุ์,329012.0
2022,Sep,กาฬสินธุ์,329012.0
2022,Oct,กาฬสินธุ์,329012.0
2022,Nov,กาฬสินธุ์,329012.0
2022,Dec,กาฬสินธุ์,329012.0
2023,Jan,กาฬสินธุ์,336986.0
2023,Feb,กาฬสินธุ์,336986.0
2023,Mar,กาฬสินธุ์,336986.0
2023,Apr,กาฬสินธุ์,336986.0
2023,May,กาฬสินธุ์,336986.0
2023,Jun,กาฬสินธุ์,336986.0
2023,Jul,กาฬสินธุ์,336986.0
2023,Aug,กาฬสินธุ์,336986.0
2023,Sep,กาฬสินธุ์,336986.0
2023,Oct,กาฬสินธุ์,336986.0
2023,Nov,กาฬสินธุ์,336986.0
2023,Dec,กาฬสินธุ์,336986.0
2024,Jan,กาฬสินธุ์,
2024,Feb,กาฬสินธุ์,
2024,Mar,กาฬสินธุ์,
2024,Apr,กาฬสินธุ์,
2024,May,กาฬสินธุ์,
2024,Jun,กาฬสินธุ์,
2024,Jul,กาฬสินธุ์,
2024,Aug,กาฬสินธุ์,
2024,Sep,กาฬสินธุ์,
2024,Oct,กาฬสินธุ์,
2024,Nov,กาฬสินธุ์,
2024,Dec,กาฬสินธุ์,
2020,Jan,สกลนคร,513331.0
2020,Feb,สกลนคร,513331.0
2020,Mar,สกลนคร,513331.0
2020,Apr,สกลนคร,513331.0
2020,May,สกลนคร,513331.0
2020,Jun,สกลนคร,513331.0
2020,Jul,สกลนคร,513331.0
2020,Aug,สกลนคร,513331.0
2020,Sep,สกลนคร,513331.0
2020,Oct,สกลนคร,513331.0
2020,Nov,สกลนคร,513331.0
2020,Dec,สกลนคร,513331.0
2021,Jan,สกลนคร,532184.0
2021,Feb,สกลนคร,532184.0
2021,Mar,สกลนคร,532184.0
2021,Apr,สกลนคร,532184.0
2021,May,สกลนคร,532184.0
2021,Jun,สกลนคร,532184.0
2021,Jul,สกลนคร,532184.0
2021,Aug,สกลนคร,532184.0
2021,Sep,สกลนคร,532184.0
2021,Oct,สกลนคร,532184.0
2021,Nov,สกลนคร,532184.0
2021,Dec,สกลนคร,532184.0
2022,Jan,สกลนคร,552235.0
2022,Feb,สกลนคร,552235.0
2022,Mar,สกลนคร,552235.0
2022,Apr,สกลนคร,552235.0
2022,May,สกลนคร,552235.0
2022,Jun,สกลนคร,552235.0
2022,Jul,สกลนคร,552235.0
2022,Aug,สกลนคร,552235.0
2022,Sep,สกลนคร,552235.0
2022,Oct,สกลนคร,552235.0
2022,Nov,สกลนคร,552235.0
2022,Dec,สกลนคร,552235.0
2023,Jan,สกลนคร,559892.0
2023,Feb,สกลนคร,559892.0
2023,Mar,สกลนคร,559892.0
2023,Apr,สกลนคร,559892.0
2023,May,สกลนคร,559892.0
2023,Jun,สกลนคร,559892.0
2023,Jul,สกลนคร,559892.0
2023,Aug,สกลนคร,559892.0
2023,Sep,สกลนคร,559892.0
2023,Oct,สกลนคร,559892.0
2023,Nov,สกลนคร,559892.0
2023,Dec,สกลนคร,559892.0
2024,Jan,สกลนคร,
2024,Feb,สกลนคร,
2024,Mar,สกลนคร,
2024,Apr,สกลนคร,
2024,May,สกลนคร,
2024,Jun,สกลนคร,
2024,Jul,สกลนคร,
2024,Aug,สกลนคร,
2024,Sep,สกลนคร,
2024,Oct,สกลนคร,
2024,Nov,สกลนคร,
2024,Dec,สกลนคร,
2020,Jan,นครพนม,225012.0
2020,Feb,นครพนม,225012.0
2020,Mar,นครพนม,225012.0
2020,Apr,นครพนม,225012.0
2020,May,นครพนม,225012.0
2020,Jun,นครพนม,225012.0
2020,Jul,นครพนม,225012.0
2020,Aug,นครพนม,225012.0
2020,Sep,นครพนม,225012.0
2020,Oct,นครพนม,225012.0
2020,Nov,นครพนม,225012.0
2020,Dec,นครพนม,225012.0
2021,Jan,นครพนม,230494.0
2021,Feb,นครพนม,230494.0
2021,Mar,นครพนม,230494.0
2021,Apr,นครพนม,230494.0
2021,May,นครพนม,230494.0
2021,Jun,นครพนม,230494.0
2021,Jul,นครพนม,230494.0
2021,Aug,นครพนม,230494.0
2021,Sep,นครพนม,230494.0
2021,Oct,นครพนม,230494.0
2021,Nov,นครพนม,230494.0
2021,Dec,นครพนม,230494.0
2022,Jan,นครพนม,236109.0
2022,Feb,นครพนม,236109.0
2022,Mar,นครพนม,236109.0
2022,Apr,นครพนม,236109.0
2022,May,นครพนม,236109.0
2022,Jun,นครพนม,236109.0
2022,Jul,นครพนม,236109.0
2022,Aug,นครพนม,236109.0
2022,Sep,นครพนม,236109.0
2022,Oct,นครพนม,236109.0
2022,Nov,นครพนม,236109.0
2022,Dec,นครพนม,236109.0
2023,Jan,นครพนม,239456.0
2023,Feb,นครพนม,239456.0
2023,Mar,นครพนม,239456.0
2023,Apr,นครพนม,239456.0
2023,May,นครพนม,239456.0
2023,Jun,นครพนม,239456.0
2023,Jul,นครพนม,239456.0
2023,Aug,นครพนม,239456.0
2023,Sep,นครพนม,239456.0
2023,Oct,นครพนม,239456.0
2023,Nov,นครพนม,239456.0
2023,Dec,นครพนม,239456.0
2024,Jan,นครพนม,
2024,Feb,นครพนม,
2024,Mar,นครพนม,
2024,Apr,นครพนม,
2024,May,นครพนม,
2024,Jun,นครพนม,
2024,Jul,นครพนม,
2024,Aug,นครพนม,
2024,Sep,นครพนม,
2024,Oct,นครพนม,
2024,Nov,นครพนม,
2024,Dec,นครพนม,
2020,Jan,มุกดาหาร,169017.0
2020,Feb,มุกดาหาร,169017.0
2020,Mar,มุกดาหาร,169017.0
2020,Apr,มุกดาหาร,169017.0
2020,May,มุกดาหาร,169017.0
2020,Jun,มุกดาหาร,169017.0
2020,Jul,มุกดาหาร,169017.0
2020,Aug,มุกดาหาร,169017.0
2020,Sep,มุกดาหาร,169017.0
2020,Oct,มุกดาหาร,169017.0
2020,Nov,มุกดาหาร,169017.0
2020,Dec,มุกดาหาร,169017.0
2021,Jan,มุกดาหาร,178621.0
2021,Feb,มุกดาหาร,178621.0
2021,Mar,มุกดาหาร,178621.0
2021,Apr,มุกดาหาร,178621.0
2021,May,มุกดาหาร,178621.0
2021,Jun,มุกดาหาร,178621.0
2021,Jul,มุกดาหาร,178621.0
2021,Aug,มุกดาหาร,178621.0
2021,Sep,มุกดาหาร,178621.0
2021,Oct,มุกดาหาร,178621.0
2021,Nov,มุกดาหาร,178621.0
2021,Dec,มุกดาหาร,178621.0
2022,Jan,มุกดาหาร,186747.0
2022,Feb,มุกดาหาร,186747.0
2022,Mar,มุกดาหาร,186747.0
2022,Apr,มุกดาหาร,186747.0
2022,May,มุกดาหาร,186747.0
2022,Jun,มุกดาหาร,186747.0
2022,Jul,มุกดาหาร,186747.0
2022,Aug,มุกดาหาร,186747.0
2022,Sep,มุกดาหาร,186747.0
2022,Oct,มุกดาหาร,186747.0
2022,Nov,มุกดาหาร,186747.0
2022,Dec,มุกดาหาร,186747.0
2023,Jan,มุกดาหาร,190734.0
2023,Feb,มุกดาหาร,190734.0
2023,Mar,มุกดาหาร,190734.0
2023,Apr,มุกดาหาร,190734.0
2023,May,มุกดาหาร,190734.0
2023,Jun,มุกดาหาร,190734.0
2023,Jul,มุกดาหาร,190734.0
2023,Aug,มุกดาหาร,190734.0
2023,Sep,มุกดาหาร,190734.0
2023,Oct,มุกดาหาร,190734.0
2023,Nov,มุกดาหาร,190734.0
2023,Dec,มุกดาหาร,190734.0
2024,Jan,มุกดาหาร,
2024,Feb,มุกดาหาร,
2024,Mar,มุกดาหาร,
2024,Apr,มุกดาหาร,
2024,May,มุกดาหาร,
2024,Jun,มุกดาหาร,
2024,Jul,มุกดาหาร,
2024,Aug,มุกดาหาร,
2024,Sep,มุกดาหาร,
2024,Oct,มุกดาหาร,
2024,Nov,มุกดาหาร,
2024,Dec,มุกดาหาร,
2020,Jan,นครศรีธรรมราช,645463.0
2020,Feb,นครศรีธรรมราช,645463.0
2020,Mar,นครศรีธรรมราช,645463.0
2020,Apr,นครศรีธรรมราช,645463.0
2020,May,นครศรีธรรมราช,645463.0
2020,Jun,นครศรีธรรมราช,645463.0
2020,Jul,นครศรีธรรมราช,645463.0
2020,Aug,นครศรีธรรมราช,645463.0
2020,Sep,นครศรีธรรมราช,645463.0
2020,Oct,นครศรีธรรมราช,645463.0
2020,Nov,นครศรีธรรมราช,645463.0
2020,Dec,นครศรีธรรมราช,645463.0
2021,Jan,นครศรีธรรมราช,655358.0
2021,Feb,นครศรีธรรมราช,655358.0
2021,Mar,นครศรีธรรมราช,655358.0
2021,Apr,นครศรีธรรมราช,655358.0
2021,May,นครศรีธรรมราช,655358.0
2021,Jun,นครศรีธรรมราช,655358.0
2021,Jul,นครศรีธรรมราช,655358.0
2021,Aug,นครศรีธรรมราช,655358.0
2021,Sep,นครศรีธรรมราช,655358.0
2021,Oct,นครศรีธรรมราช,655358.0
2021,Nov,นครศรีธรรมราช,655358.0
2021,Dec,นครศรีธรรมราช,655358.0
2022,Jan,นครศรีธรรมราช,672352.0
2022,Feb,นครศรีธรรมราช,672352.0
2022,Mar,นครศรีธรรมราช,672352.0
2022,Apr,นครศรีธรรมราช,672352.0
2022,May,นครศรีธรรมราช,672352.0
2022,Jun,นครศรีธรรมราช,672352.0
2022,Jul,นครศรีธรรมราช,672352.0
2022,Aug,นครศรีธรรมราช,672352.0
2022,Sep,นครศรีธรรมราช,672352.0
2022,Oct,นครศรีธรรมราช,672352.0
2022,Nov,นครศรีธรรมราช,672352.0
2022,Dec,นครศรีธรรมราช,672352.0
2023,Jan,นครศรีธรรมราช,685666.0
2023,Feb,นครศรีธรรมราช,685666.0
2023,Mar,นครศรีธรรมราช,685666.0
2023,Apr,นครศรีธรรมราช,685666.0
2023,May,นครศรีธรรมราช,685666.0
2023,Jun,นครศรีธรรมราช,685666.0
2023,Jul,นครศรีธรรมราช,685666.0
2023,Aug,นครศรีธรรมราช,685666.0
2023,Sep,นครศรีธรรมราช,685666.0
2023,Oct,นครศรีธรรมราช,685666.0
2023,Nov,นครศรีธรรมราช,685666.0
2023,Dec,นครศรีธรรมราช,685666.0
2024,Jan,นครศรีธรรมราช,
2024,Feb,นครศรีธรรมราช,
2024,Mar,นครศรีธรรมราช,
2024,Apr,นครศรีธรรมราช,
2024,May,นครศรีธรรมราช,
2024,Jun,นครศรีธรรมราช,
2024,Jul,นครศรีธรรมราช,
2024,Aug,นครศรีธรรมราช,
2024,Sep,นครศรีธรรมราช,
2024,Oct,นครศรีธรรมราช,
2024,Nov,นครศรีธรรมราช,
2024,Dec,นครศรีธรรมราช,
2020,Jan,กระบี่,259625.0
2020,Feb,กระบี่,259625.0
2020,Mar,กระบี่,259625.0
2020,Apr,กระบี่,259625.0
2020,May,กระบี่,259625.0
2020,Jun,กระบี่,259625.0
2020,Jul,กระบี่,259625.0
2020,Aug,กระบี่,259625.0
2020,Sep,กระบี่,259625.0
2020,Oct,กระบี่,259625.0
2020,Nov,กระบี่,259625.0
2020,Dec,กระบี่,259625.0
2021,Jan,กระบี่,261206.0
2021,Feb,กระบี่,261206.0
2021,Mar,กระบี่,261206.0
2021,Apr,กระบี่,261206.0
2021,May,กระบี่,261206.0
2021,Jun,กระบี่,261206.0
2021,Jul,กระบี่,261206.0
2021,Aug,กระบี่,261206.0
2021,Sep,กระบี่,261206.0
2021,Oct,กระบี่,261206.0
2021,Nov,กระบี่,261206.0
2021,Dec,กระบี่,261206.0
2022,Jan,กระบี่,271091.0
2022,Feb,กระบี่,271091.0
2022,Mar,กระบี่,271091.0
2022,Apr,กระบี่,271091.0
2022,May,กระบี่,271091.0
2022,Jun,กระบี่,271091.0
2022,Jul,กระบี่,271091.0
2022,Aug,กระบี่,271091.0
2022,Sep,กระบี่,271091.0
2022,Oct,กระบี่,271091.0
2022,Nov,กระบี่,271091.0
2022,Dec,กระบี่,271091.0
2023,Jan,กระบี่,283402.0
2023,Feb,กระบี่,283402.0
2023,Mar,กระบี่,283402.0
2023,Apr,กระบี่,283402.0
2023,May,กระบี่,283402.0
2023,Jun,กระบี่,283402.0
2023,Jul,กระบี่,283402.0
2023,Aug,กระบี่,283402.0
2023,Sep,กระบี่,283402.0
2023,Oct,กระบี่,283402.0
2023,Nov,กระบี่,283402.0
2023,Dec,กระบี่,283402.0
2024,Jan,กระบี่,
2024,Feb,กระบี่,
2024,Mar,กระบี่,
2024,Apr,กระบี่,
2024,May,กระบี่,
2024,Jun,กระบี่,
2024,Jul,กระบี่,
2024,Aug,กระบี่,
2024,Sep,กระบี่,
2024,Oct,กระบี่,
2024,Nov,กระบี่,
2024,Dec,กระบี่,
2020,Jan,พังงา,127367.0
2020,Feb,พังงา,127367.0
2020,Mar,พังงา,127367.0
2020,Apr,พังงา,127367.0
2020,May,พังงา,127367.0
2020,Jun,พังงา,127367.0
2020,Jul,พังงา,127367.0
2020,Aug,พังงา,127367.0
2020,Sep,พังงา,127367.0
2020,Oct,พังงา,127367.0
2020,Nov,พังงา,127367.0
2020,Dec,พังงา,127367.0
2021,Jan,พังงา,125523.0
2021,Feb,พังงา,125523.0
2021,Mar,พังงา,125523.0
2021,Apr,พังงา,125523.0
2021,May,พังงา,125523.0
2021,Jun,พังงา,125523.0
2021,Jul,พังงา,125523.0
2021,Aug,พังงา,125523.0
2021,Sep,พังงา,125523.0
2021,Oct,พังงา,125523.0
2021,Nov,พังงา,125523.0
2021,Dec,พังงา,125523.0
2022,Jan,พังงา,126864.0
2022,Feb,พังงา,126864.0
2022,Mar,พังงา,126864.0
2022,Apr,พังงา,126864.0
2022,May,พังงา,126864.0
2022,Jun,พังงา,126864.0
2022,Jul,พังงา,126864.0
2022,Aug,พังงา,126864.0
2022,Sep,พังงา,126864.0
2022,Oct,พังงา,126864.0
2022,Nov,พังงา,126864.0
2022,Dec,พังงา,126864.0
2023,Jan,พังงา,129583.0
2023,Feb,พังงา,129583.0
2023,Mar,พังงา,129583.0
2023,Apr,พังงา,129583.0
2023,May,พังงา,129583.0
2023,Jun,พังงา,129583.0
2023,Jul,พังงา,129583.0
2023,Aug,พังงา,129583.0
2023,Sep,พังงา,129583.0
2023,Oct,พังงา,129583.0
2023,Nov,พังงา,129583.0
2023,Dec,พังงา,129583.0
2024,Jan,พังงา,
2024,Feb,พังงา,
2024,Mar,พังงา,
2024,Apr,พังงา,
2024,May,พังงา,
2024,Jun,พังงา,
2024,Jul,พังงา,
2024,Aug,พังงา,
2024,Sep,พังงา,
2024,Oct,พังงา,
2024,Nov,พังงา,
2024,Dec,พังงา,
2020,Jan,ภูเก็ต,492767.0
2020,Feb,ภูเก็ต,492767.0
2020,Mar,ภูเก็ต,492767.0
2020,Apr,ภูเก็ต,492767.0
2020,May,ภูเก็ต,492767.0
2020,Jun,ภูเก็ต,492767.0
2020,Jul,ภูเก็ต,492767.0
2020,Aug,ภูเก็ต,492767.0
2020,Sep,ภูเก็ต,492767.0
2020,Oct,ภูเก็ต,492767.0
2020,Nov,ภูเก็ต,492767.0
2020,Dec,ภูเก็ต,492767.0
2021,Jan,ภูเก็ต,475274.0
2021,Feb,ภูเก็ต,475274.0
2021,Mar,ภูเก็ต,475274.0
2021,Apr,ภูเก็ต,475274.0
2021,May,ภูเก็ต,475274.0
2021,Jun,ภูเก็ต,475274.0
2021,Jul,ภูเก็ต,475274.0
2021,Aug,ภูเก็ต,475274.0
2021,Sep,ภูเก็ต,475274.0
2021,Oct,ภูเก็ต,475274.0
2021,Nov,ภูเก็ต,475274.0
2021,Dec,ภูเก็ต,475274.0
2022,Jan,ภูเก็ต,481700.0
2022,Feb,ภูเก็ต,481700.0
2022,Mar,ภูเก็ต,481700.0
2022,Apr,ภูเก็ต,481700.0
2022,May,ภูเก็ต,481700.0
2022,Jun,ภูเก็ต,481700.0
2022,Jul,ภูเก็ต,481700.0
2022,Aug,ภูเก็ต,481700.0
2022,Sep,ภูเก็ต,481700.0
2022,Oct,ภูเก็ต,481700.0
2022,Nov,ภูเก็ต,481700.0
2022,Dec,ภูเก็ต,481700.0
2023,Jan,ภูเก็ต,516052.0
2023,Feb,ภูเก็ต,516052.0
2023,Mar,ภูเก็ต,516052.0
2023,Apr,ภูเก็ต,516052.0
2023,May,ภูเก็ต,516052.0
2023,Jun,ภูเก็ต,516052.0
2023,Jul,ภูเก็ต,516052.0
2023,Aug,ภูเก็ต,516052.0
2023,Sep,ภูเก็ต,516052.0
2023,Oct,ภูเก็ต,516052.0
2023,Nov,ภูเก็ต,516052.0
2023,Dec,ภูเก็ต,516052.0
2024,Jan,ภูเก็ต,
2024,Feb,ภูเก็ต,
2024,Mar,ภูเก็ต,
2024,Apr,ภูเก็ต,
2024,May,ภูเก็ต,
2024,Jun,ภูเก็ต,
2024,Jul,ภูเก็ต,
2024,Aug,ภูเก็ต,
2024,Sep,ภูเก็ต,
2024,Oct,ภูเก็ต,
2024,Nov,ภูเก็ต,
2024,Dec,ภูเก็ต,
2020,Jan,สุราษฎร์ธานี,645827.0
2020,Feb,สุราษฎร์ธานี,645827.0
2020,Mar,สุราษฎร์ธานี,645827.0
2020,Apr,สุราษฎร์ธานี,645827.0
2020,May,สุราษฎร์ธานี,645827.0
2020,Jun,สุราษฎร์ธานี,645827.0
2020,Jul,สุราษฎร์ธานี,645827.0
2020,Aug,สุราษฎร์ธานี,645827.0
2020,Sep,สุราษฎร์ธานี,645827.0
2020,Oct,สุราษฎร์ธานี,645827.0
2020,Nov,สุราษฎร์ธานี,645827.0
2020,Dec,สุราษฎร์ธานี,645827.0
2021,Jan,สุราษฎร์ธานี,652266.0
2021,Feb,สุราษฎร์ธานี,652266.0
2021,Mar,สุราษฎร์ธานี,652266.0
2021,Apr,สุราษฎร์ธานี,652266.0
2021,May,สุราษฎร์ธานี,652266.0
2021,Jun,สุราษฎร์ธานี,652266.0
2021,Jul,สุราษฎร์ธานี,652266.0
2021,Aug,สุราษฎร์ธานี,652266.0
2021,Sep,สุราษฎร์ธานี,652266.0
2021,Oct,สุราษฎร์ธานี,652266.0
2021,Nov,สุราษฎร์ธานี,652266.0
2021,Dec,สุราษฎร์ธานี,652266.0
2022,Jan,สุราษฎร์ธานี,667350.0
2022,Feb,สุราษฎร์ธานี,667350.0
2022,Mar,สุราษฎร์ธานี,667350.0
2022,Apr,สุราษฎร์ธานี,667350.0
2022,May,สุราษฎร์ธานี,667350.0
2022,Jun,สุราษฎร์ธานี,667350.0
2022,Jul,สุราษฎร์ธานี,667350.0
2022,Aug,สุราษฎร์ธานี,667350.0
2022,Sep,สุราษฎร์ธานี,667350.0
2022,Oct,สุราษฎร์ธานี,667350.0
2022,Nov,สุราษฎร์ธานี,667350.0
2022,Dec,สุราษฎร์ธานี,667350.0
2023,Jan,สุราษฎร์ธานี,684322.0
2023,Feb,สุราษฎร์ธานี,684322.0
2023,Mar,สุราษฎร์ธานี,684322.0
2023,Apr,สุราษฎร์ธานี,684322.0
2023,May,สุราษฎร์ธานี,684322.0
2023,Jun,สุราษฎร์ธานี,684322.0
2023,Jul,สุราษฎร์ธานี,684322.0
2023,Aug,สุราษฎร์ธานี,684322.0
2023,Sep,สุราษฎร์ธานี,684322.0
2023,Oct,สุราษฎร์ธานี,684322.0
2023,Nov,สุราษฎร์ธานี,684322.0
2023,Dec,สุราษฎร์ธานี,684322.0
2024,Jan,สุราษฎร์ธานี,
2024,Feb,สุราษฎร์ธานี,
2024,Mar,สุราษฎร์ธานี,
2024,Apr,สุราษฎร์ธานี,
2024,May,สุราษฎร์ธานี,
2024,Jun,สุราษฎร์ธานี,
2024,Jul,สุราษฎร์ธานี,
2024,Aug,สุราษฎร์ธานี,
2024,Sep,สุราษฎร์ธานี,
2024,Oct,สุราษฎร์ธานี,
2024,Nov,สุราษฎร์ธานี,
2024,Dec,สุราษฎร์ธานี,
2020,Jan,ระนอง,97894.0
2020,Feb,ระนอง,97894.0
2020,Mar,ระนอง,97894.0
2020,Apr,ระนอง,97894.0
2020,May,ระนอง,97894.0
2020,Jun,ระนอง,97894.0
2020,Jul,ระนอง,97894.0
2020,Aug,ระนอง,97894.0
2020,Sep,ระนอง,97894.0
2020,Oct,ระนอง,97894.0
2020,Nov,ระนอง,97894.0
2020,Dec,ระนอง,97894.0
2021,Jan,ระนอง,99801.0
2021,Feb,ระนอง,99801.0
2021,Mar,ระนอง,99801.0
2021,Apr,ระนอง,99801.0
2021,May,ระนอง,99801.0
2021,Jun,ระนอง,99801.0
2021,Jul,ระนอง,99801.0
2021,Aug,ระนอง,99801.0
2021,Sep,ระนอง,99801.0
2021,Oct,ระนอง,99801.0
2021,Nov,ระนอง,99801.0
2021,Dec,ระนอง,99801.0
2022,Jan,ระนอง,102574.0
2022,Feb,ระนอง,102574.0
2022,Mar,ระนอง,102574.0
2022,Apr,ระนอง,102574.0
2022,May,ระนอง,102574.0
2022,Jun,ระนอง,102574.0
2022,Jul,ระนอง,102574.0
2022,Aug,ระนอง,102574.0
2022,Sep,ระนอง,102574.0
2022,Oct,ระนอง,102574.0
2022,Nov,ระนอง,102574.0
2022,Dec,ระนอง,102574.0
2023,Jan,ระนอง,105854.0
2023,Feb,ระนอง,105854.0
2023,Mar,ระนอง,105854.0
2023,Apr,ระนอง,105854.0
2023,May,ระนอง,105854.0
2023,Jun,ระนอง,105854.0
2023,Jul,ระนอง,105854.0
2023,Aug,ระนอง,105854.0
2023,Sep,ระนอง,105854.0
2023,Oct,ระนอง,105854.0
2023,Nov,ระนอง,105854.0
2023,Dec,ระนอง,105854.0
2024,Jan,ระนอง,
2024,Feb,ระนอง,
2024,Mar,ระนอง,
2024,Apr,ระนอง,
2024,May,ระนอง,
2024,Jun,ระนอง,
2024,Jul,ระนอง,
2024,Aug,ระนอง,
2024,Sep,ระนอง,
2024,Oct,ระนอง,
2024,Nov,ระนอง,
2024,Dec,ระนอง,
2020,Jan,ชุมพร,307250.0
2020,Feb,ชุมพร,307250.0
2020,Mar,ชุมพร,307250.0
2020,Apr,ชุมพร,307250.0
2020,May,ชุมพร,307250.0
2020,Jun,ชุมพร,307250.0
2020,Jul,ชุมพร,307250.0
2020,Aug,ชุมพร,307250.0
2020,Sep,ชุมพร,307250.0
2020,Oct,ชุมพร,307250.0
2020,Nov,ชุมพร,307250.0
2020,Dec,ชุมพร,307250.0
2021,Jan,ชุมพร,313418.0
2021,Feb,ชุมพร,313418.0
2021,Mar,ชุมพร,313418.0
2021,Apr,ชุมพร,313418.0
2021,May,ชุมพร,313418.0
2021,Jun,ชุมพร,313418.0
2021,Jul,ชุมพร,313418.0
2021,Aug,ชุมพร,313418.0
2021,Sep,ชุมพร,313418.0
2021,Oct,ชุมพร,313418.0
2021,Nov,ชุมพร,313418.0
2021,Dec,ชุมพร,313418.0
2022,Jan,ชุมพร,321015.0
2022,Feb,ชุมพร,321015.0
2022,Mar,ชุมพร,321015.0
2022,Apr,ชุมพร,321015.0
2022,May,ชุมพร,321015.0
2022,Jun,ชุมพร,321015.0
2022,Jul,ชุมพร,321015.0
2022,Aug,ชุมพร,321015.0
2022,Sep,ชุมพร,321015.0
2022,Oct,ชุมพร,321015.0
2022,Nov,ชุมพร,321015.0
2022,Dec,ชุมพร,321015.0
2023,Jan,ชุมพร,325758.0
2023,Feb,ชุมพร,325758.0
2023,Mar,ชุมพร,325758.0
2023,Apr,ชุมพร,325758.0
2023,May,ชุมพร,325758.0
2023,Jun,ชุมพร,325758.0
2023,Jul,ชุมพร,325758.0
2023,Aug,ชุมพร,325758.0
2023,Sep,ชุมพร,325758.0
2023,Oct,ชุมพร,325758.0
2023,Nov,ชุมพร,325758.0
2023,Dec,ชุมพร,325758.0
2024,Jan,ชุมพร,
2024,Feb,ชุมพร,
2024,Mar,ชุมพร,
2024,Apr,ชุมพร,
2024,May,ชุมพร,
2024,Jun,ชุมพร,
2024,Jul,ชุมพร,
2024,Aug,ชุมพร,
2024,Sep,ชุมพร,
2024,Oct,ชุมพร,
2024,Nov,ชุมพร,
2024,Dec,ชุมพร,
2020,Jan,สงขลา,859971.0
2020,Feb,สงขลา,859971.0
2020,Mar,สงขลา,859971.0
2020,Apr,สงขลา,859971.0
2020,May,สงขลา,859971.0
2020,Jun,สงขลา,859971.0
2020,Jul,สงขลา,859971.0
2020,Aug,สงขลา,859971.0
2020,Sep,สงขลา,859971.0
2020,Oct,สงขลา,859971.0
2020,Nov,สงขลา,859971.0
2020,Dec,สงขลา,859971.0
2021,Jan,สงขลา,878349.0
2021,Feb,สงขลา,878349.0
2021,Mar,สงขลา,878349.0
2021,Apr,สงขลา,878349.0
2021,May,สงขลา,878349.0
2021,Jun,สงขลา,878349.0
2021,Jul,สงขลา,878349.0
2021,Aug,สงขลา,878349.0
2021,Sep,สงขลา,878349.0
2021,Oct,สงขลา,878349.0
2021,Nov,สงขลา,878349.0
2021,Dec,สงขลา,878349.0
2022,Jan,สงขลา,904539.0
2022,Feb,สงขลา,904539.0
2022,Mar,สงขลา,904539.0
2022,Apr,สงขลา,904539.0
2022,May,สงขลา,904539.0
2022,Jun,สงขลา,904539.0
2022,Jul,สงขลา,904539.0
2022,Aug,สงขลา,904539.0
2022,Sep,สงขลา,904539.0
2022,Oct,สงขลา,904539.0
2022,Nov,สงขลา,904539.0
2022,Dec,สงขลา,904539.0
2023,Jan,สงขลา,927450.0
2023,Feb,สงขลา,927450.0
2023,Mar,สงขลา,927450.0
2023,Apr,สงขลา,927450.0
2023,May,สงขลา,927450.0
2023,Jun,สงขลา,927450.0
2023,Jul,สงขลา,927450.0
2023,Aug,สงขลา,927450.0
2023,Sep,สงขลา,927450.0
2023,Oct,สงขลา,927450.0
2023,Nov,สงขลา,927450.0
2023,Dec,สงขลา,927450.0
2024,Jan,สงขลา,
2024,Feb,สงขลา,
2024,Mar,สงขลา,
2024,Apr,สงขลา,
2024,May,สงขลา,
2024,Jun,สงขลา,
2024,Jul,สงขลา,
2024,Aug,สงขลา,
2024,Sep,สงขลา,
2024,Oct,สงขลา,
2024,Nov,สงขลา,
2024,Dec,สงขลา,
2020,Jan,สตูล,137124.0
2020,Feb,สตูล,137124.0
2020,Mar,สตูล,137124.0
2020,Apr,สตูล,137124.0
2020,May,สตูล,137124.0
2020,Jun,สตูล,137124.0
2020,Jul,สตูล,137124.0
2020,Aug,สตูล,137124.0
2020,Sep,สตูล,137124.0
2020,Oct,สตูล,137124.0
2020,Nov,สตูล,137124.0
2020,Dec,สตูล,137124.0
2021,Jan,สตูล,139218.0
2021,Feb,สตูล,139218.0
2021,Mar,สตูล,139218.0
2021,Apr,สตูล,139218.0
2021,May,สตูล,139218.0
2021,Jun,สตูล,139218.0
2021,Jul,สตูล,139218.0
2021,Aug,สตูล,139218.0
2021,Sep,สตูล,139218.0
2021,Oct,สตูล,139218.0
2021,Nov,สตูล,139218.0
2021,Dec,สตูล,139218.0
2022,Jan,สตูล,142100.0
2022,Feb,สตูล,142100.0
2022,Mar,สตูล,142100.0
2022,Apr,สตูล,142100.0
2022,May,สตูล,142100.0
2022,Jun,สตูล,142100.0
2022,Jul,สตูล,142100.0
2022,Aug,สตูล,142100.0
2022,Sep,สตูล,142100.0
2022,Oct,สตูล,142100.0
2022,Nov,สตูล,142100.0
2022,Dec,สตูล,142100.0
2023,Jan,สตูล,143875.0
2023,Feb,สตูล,143875.0
2023,Mar,สตูล,143875.0
2023,Apr,สตูล,143875.0
2023,May,สตูล,143875.0
2023,Jun,สตูล,143875.0
2023,Jul,สตูล,143875.0
2023,Aug,สตูล,143875.0
2023,Sep,สตูล,143875.0
2023,Oct,สตูล,143875.0
2023,Nov,สตูล,143875.0
2023,Dec,สตูล,143875.0
2024,Jan,สตูล,
2024,Feb,สตูล,
2024,Mar,สตูล,
2024,Apr,สตูล,
2024,May,สตูล,
2024,Jun,สตูล,
2024,Jul,สตูล,
2024,Aug,สตูล,
2024,Sep,สตูล,
2024,Oct,สตูล,
2024,Nov,สตูล,
2024,Dec,สตูล,
2020,Jan,ตรัง,353915.0
2020,Feb,ตรัง,353915.0
2020,Mar,ตรัง,353915.0
2020,Apr,ตรัง,353915.0
2020,May,ตรัง,353915.0
2020,Jun,ตรัง,353915.0
2020,Jul,ตรัง,353915.0
2020,Aug,ตรัง,353915.0
2020,Sep,ตรัง,353915.0
2020,Oct,ตรัง,353915.0
2020,Nov,ตรัง,353915.0
2020,Dec,ตรัง,353915.0
2021,Jan,ตรัง,357902.0
2021,Feb,ตรัง,357902.0
2021,Mar,ตรัง,357902.0
2021,Apr,ตรัง,357902.0
2021,May,ตรัง,357902.0
2021,Jun,ตรัง,357902.0
2021,Jul,ตรัง,357902.0
2021,Aug,ตรัง,357902.0
2021,Sep,ตรัง,357902.0
2021,Oct,ตรัง,357902.0
2021,Nov,ตรัง,357902.0
2021,Dec,ตรัง,357902.0
2022,Jan,ตรัง,357902.0
2022,Feb,ตรัง,357902.0
2022,Mar,ตรัง,357902.0
2022,Apr,ตรัง,357902.0
2022,May,ตรัง,357902.0
2022,Jun,ตรัง,357902.0
2022,Jul,ตรัง,357902.0
2022,Aug,ตรัง,357902.0
2022,Sep,ตรัง,357902.0
2022,Oct,ตรัง,357902.0
2022,Nov,ตรัง,357902.0
2022,Dec,ตรัง,357902.0
2023,Jan,ตรัง,357902.0
2023,Feb,ตรัง,357902.0
2023,Mar,ตรัง,357902.0
2023,Apr,ตรัง,357902.0
2023,May,ตรัง,357902.0
2023,Jun,ตรัง,357902.0
2023,Jul,ตรัง,357902.0
2023,Aug,ตรัง,357902.0
2023,Sep,ตรัง,357902.0
2023,Oct,ตรัง,357902.0
2023,Nov,ตรัง,357902.0
2023,Dec,ตรัง,357902.0
2024,Jan,ตรัง,
2024,Feb,ตรัง,
2024,Mar,ตรัง,
2024,Apr,ตรัง,
2024,May,ตรัง,
2024,Jun,ตรัง,
2024,Jul,ตรัง,
2024,Aug,ตรัง,
2024,Sep,ตรัง,
2024,Oct,ตรัง,
2024,Nov,ตรัง,
2024,Dec,ตรัง,
2020,Jan,พัทลุง,254037.0
2020,Feb,พัทลุง,254037.0
2020,Mar,พัทลุง,254037.0
2020,Apr,พัทลุง,254037.0
2020,May,พัทลุง,254037.0
2020,Jun,พัทลุง,254037.0
2020,Jul,พัทลุง,254037.0
2020,Aug,พัทลุง,254037.0
2020,Sep,พัทลุง,254037.0
2020,Oct,พัทลุง,254037.0
2020,Nov,พัทลุง,254037.0
2020,Dec,พัทลุง,254037.0
2021,Jan,พัทลุง,259479.0
2021,Feb,พัทลุง,259479.0
2021,Mar,พัทลุง,259479.0
2021,Apr,พัทลุง,259479.0
2021,May,พัทลุง,259479.0
2021,Jun,พัทลุง,259479.0
2021,Jul,พัทลุง,259479.0
2021,Aug,พัทลุง,259479.0
2021,Sep,พัทลุง,259479.0
2021,Oct,พัทลุง,259479.0
2021,Nov,พัทลุง,259479.0
2021,Dec,พัทลุง,259479.0
2022,Jan,พัทลุง,266047.0
2022,Feb,พัทลุง,266047.0
2022,Mar,พัทลุง,266047.0
2022,Apr,พัทลุง,266047.0
2022,May,พัทลุง,266047.0
2022,Jun,พัทลุง,266047.0
2022,Jul,พัทลุง,266047.0
2022,Aug,พัทลุง,266047.0
2022,Sep,พัทลุง,266047.0
2022,Oct,พัทลุง,266047.0
2022,Nov,พัทลุง,266047.0
2022,Dec,พัทลุง,266047.0
2023,Jan,พัทลุง,268475.0
2023,Feb,พัทลุง,268475.0
2023,Mar,พัทลุง,268475.0
2023,Apr,พัทลุง,268475.0
2023,May,พัทลุง,268475.0
2023,Jun,พัทลุง,268475.0
2023,Jul,พัทลุง,268475.0
2023,Aug,พัทลุง,268475.0
2023,Sep,พัทลุง,268475.0
2023,Oct,พัทลุง,268475.0
2023,Nov,พัทลุง,268475.0
2023,Dec,พัทลุง,268475.0
2024,Jan,พัทลุง,
2024,Feb,พัทลุง,
2024,Mar,พัทลุง,
2024,Apr,พัทลุง,
2024,May,พัทลุง,
2024,Jun,พัทลุง,
2024,Jul,พัทลุง,
2024,Aug,พัทลุง,
2024,Sep,พัทลุง,
2024,Oct,พัทลุง,
2024,Nov,พัทลุง,
2024,Dec,พัทลุง,
2020,Jan,ปัตตานี,245329.0
2020,Feb,ปัตตานี,245329.0
2020,Mar,ปัตตานี,245329.0
2020,Apr,ปัตตานี,245329.0
2020,May,ปัตตานี,245329.0
2020,Jun,ปัตตานี,245329.0
2020,Jul,ปัตตานี,245329.0
2020,Aug,ปัตตานี,245329.0
2020,Sep,ปัตตานี,245329.0
2020,Oct,ปัตตานี,245329.0
2020,Nov,ปัตตานี,245329.0
2020,Dec,ปัตตานี,245329.0
2021,Jan,ปัตตานี,254147.0
2021,Feb,ปัตตานี,254147.0
2021,Mar,ปัตตานี,254147.0
2021,Apr,ปัตตานี,254147.0
2021,May,ปัตตานี,254147.0
2021,Jun,ปัตตานี,254147.0
2021,Jul,ปัตตานี,254147.0
2021,Aug,ปัตตานี,254147.0
2021,Sep,ปัตตานี,254147.0
2021,Oct,ปัตตานี,254147.0
2021,Nov,ปัตตานี,254147.0
2021,Dec,ปัตตานี,254147.0
2022,Jan,ปัตตานี,263130.0
2022,Feb,ปัตตานี,263130.0
2022,Mar,ปัตตานี,263130.0
2022,Apr,ปัตตานี,263130.0
2022,May,ปัตตานี,263130.0
2022,Jun,ปัตตานี,263130.0
2022,Jul,ปัตตานี,263130.0
2022,Aug,ปัตตานี,263130.0
2022,Sep,ปัตตานี,263130.0
2022,Oct,ปัตตานี,263130.0
2022,Nov,ปัตตานี,263130.0
2022,Dec,ปัตตานี,263130.0
2023,Jan,ปัตตานี,270926.0
2023,Feb,ปัตตานี,270926.0
2023,Mar,ปัตตานี,270926.0
2023,Apr,ปัตตานี,270926.0
2023,May,ปัตตานี,270926.0
2023,Jun,ปัตตานี,270926.0
2023,Jul,ปัตตานี,270926.0
2023,Aug,ปัตตานี,270926.0
2023,Sep,ปัตตานี,270926.0
2023,Oct,ปัตตานี,270926.0
2023,Nov,ปัตตานี,270926.0
2023,Dec,ปัตตานี,270926.0
2024,Jan,ปัตตานี,
2024,Feb,ปัตตานี,
2024,Mar,ปัตตานี,
2024,Apr,ปัตตานี,
2024,May,ปัตตานี,
2024,Jun,ปัตตานี,
2024,Jul,ปัตตานี,
2024,Aug,ปัตตานี,
2024,Sep,ปัตตานี,
2024,Oct,ปัตตานี,
2024,Nov,ปัตตานี,
2024,Dec,ปัตตานี,
2020,Jan,ยะลา,292796.0
2020,Feb,ยะลา,292796.0
2020,Mar,ยะลา,292796.0
2020,Apr,ยะลา,292796.0
2020,May,ยะลา,292796.0
2020,Jun,ยะลา,292796.0
2020,Jul,ยะลา,292796.0
2020,Aug,ยะลา,292796.0
2020,Sep,ยะลา,292796.0
2020,Oct,ยะลา,292796.0
2020,Nov,ยะลา,292796.0
2020,Dec,ยะลา,292796.0
2021,Jan,ยะลา,304662.0
2021,Feb,ยะลา,304662.0
2021,Mar,ยะลา,304662.0
2021,Apr,ยะลา,304662.0
2021,May,ยะลา,304662.0
2021,Jun,ยะลา,304662.0
2021,Jul,ยะลา,304662.0
2021,Aug,ยะลา,304662.0
2021,Sep,ยะลา,304662.0
2021,Oct,ยะลา,304662.0
2021,Nov,ยะลา,304662.0
2021,Dec,ยะลา,304662.0
2022,Jan,ยะลา,316009.0
2022,Feb,ยะลา,316009.0
2022,Mar,ยะลา,316009.0
2022,Apr,ยะลา,316009.0
2022,May,ยะลา,316009.0
2022,Jun,ยะลา,316009.0
2022,Jul,ยะลา,316009.0
2022,Aug,ยะลา,316009.0
2022,Sep,ยะลา,316009.0
2022,Oct,ยะลา,316009.0
2022,Nov,ยะลา,316009.0
2022,Dec,ยะลา,316009.0
2023,Jan,ยะลา,324318.0
2023,Feb,ยะลา,324318.0
2023,Mar,ยะลา,324318.0
2023,Apr,ยะลา,324318.0
2023,May,ยะลา,324318.0
2023,Jun,ยะลา,324318.0
2023,Jul,ยะลา,324318.0
2023,Aug,ยะลา,324318.0
2023,Sep,ยะลา,324318.0
2023,Oct,ยะลา,324318.0
2023,Nov,ยะลา,324318.0
2023,Dec,ยะลา,324318.0
2024,Jan,ยะลา,
2024,Feb,ยะลา,
2024,Mar,ยะลา,
2024,Apr,ยะลา,
2024,May,ยะลา,
2024,Jun,ยะลา,
2024,Jul,ยะลา,
2024,Aug,ยะลา,
2024,Sep,ยะลา,
2024,Oct,ยะลา,
2024,Nov,ยะลา,
2024,Dec,ยะลา,
2020,Jan,นราธิวาส,248016.0
2020,Feb,นราธิวาส,248016.0
2020,Mar,นราธิวาส,248016.0
2020,Apr,นราธิวาส,248016.0
2020,May,นราธิวาส,248016.0
2020,Jun,นราธิวาส,248016.0
2020,Jul,นราธิวาส,248016.0
2020,Aug,นราธิวาส,248016.0
2020,Sep,นราธิวาส,248016.0
2020,Oct,นราธิวาส,248016.0
2020,Nov,นราธิวาส,248016.0
2020,Dec,นราธิวาส,248016.0
2021,Jan,นราธิวาส,258186.0
2021,Feb,นราธิวาส,258186.0
2021,Mar,นราธิวาส,258186.0
2021,Apr,นราธิวาส,258186.0
2021,May,นราธิวาส,258186.0
2021,Jun,นราธิวาส,258186.0
2021,Jul,นราธิวาส,258186.0
2021,Aug,นราธิวาส,258186.0
2021,Sep,นราธิวาส,258186.0
2021,Oct,นราธิวาส,258186.0
2021,Nov,นราธิวาส,258186.0
2021,Dec,นราธิวาส,258186.0
2022,Jan,นราธิวาส,265965.0
2022,Feb,นราธิวาส,265965.0
2022,Mar,นราธิวาส,265965.0
2022,Apr,นราธิวาส,265965.0
2022,May,นราธิวาส,265965.0
2022,Jun,นราธิวาส,265965.0
2022,Jul,นราธิวาส,265965.0
2022,Aug,นราธิวาส,265965.0
2022,Sep,นราธิวาส,265965.0
2022,Oct,นราธิวาส,265965.0
2022,Nov,นราธิวาส,265965.0
2022,Dec,นราธิวาส,265965.0
2023,Jan,นราธิวาส,274130.0
2023,Feb,นราธิวาส,274130.0
2023,Mar,นราธิวาส,274130.0
2023,Apr,นราธิวาส,274130.0
2023,May,นราธิวาส,274130.0
2023,Jun,นราธิวาส,274130.0
2023,Jul,นราธิวาส,274130.0
2023,Aug,นราธิวาส,274130.0
2023,Sep,นราธิวาส,274130.0
2023,Oct,นราธิวาส,274130.0
2023,Nov,นราธิวาส,274130.0
2023,Dec,นราธิวาส,274130.0
2024,Jan,นราธิวาส,
2024,Feb,นราธิวาส,
2024,Mar,นราธิวาส,
2024,Apr,นราธิวาส,
2024,May,นราธิวาส,
2024,Jun,นราธิวาส,
2024,Jul,นราธิวาส,
2024,Aug,นราธิวาส,
2024,Sep,นราธิวาส,
2024,Oct,นราธิวาส,
2024,Nov,นราธิวาส,
2024,Dec,นราธิวาส,
