Year,Month,Province,Rainfall_Final
2021,Apr,Chok Chai,66.38333333333334
2021,Apr,Hua Hin,11.366666666666664
2021,Apr,Kabin Buri,45.0
2021,Apr,Khlong Yai,102.23333333333332
2021,Apr,Kosum Phisai,45.9
2021,Apr,Lampang,38.8
2021,Apr,Lamphun,21.200000000000003
2021,Apr,Lom Sak,45.06666666666666
2021,Apr,Lop Buri,34.86666666666667
2021,Apr,Mae Sariang,58.16666666666666
2021,Apr,Mae Sot,27.95
2021,Apr,Mukdahan,44.400000000000006
2021,Apr,Nakhon Phanom,75.08333333333334
2021,Apr,Nakhon Ratchasima,46.23333333333333
2021,Apr,Nakhon Sawan,61.3
2021,Apr,Nang Rong,77.26666666666667
2021,Apr,Narathiwat,87.58333333333333
2021,Apr,Nong Khai,64.68333333333332
2021,Apr,Phayao,80.08333333333333
2021,Apr,Phetchabun,33.333333333333336
2021,Apr,Phetchaburi,12.666666666666666
2021,Apr,Phitsanulok,51.66666666666666
2021,Apr,Prachin Buri,38.93333333333333
2021,Apr,Ranong,89.76666666666667
2021,Apr,Rayong,50.98333333333333
2021,Apr,Roi Et,80.66666666666667
2021,Apr,Sakon Nakhon,59.43333333333334
2021,Apr,Satun,215.25
2021,Apr,Songkhla,59.66666666666666
2021,Apr,Suphan Buri,46.383333333333326
2021,Apr,Surin,94.13333333333333
2021,Apr,Tha Tum,31.133333333333336
2021,Apr,Ubon Ratchathani,59.73333333333334
2021,Apr,Uttaradit,30.433333333333334
2021,Apr,Wichian Buri,41.61666666666667
2021,Apr,กรุงเทพมหานคร,53.18333333333333
2021,Apr,กาญจนบุรี,31.916666666666668
2021,Apr,กำแพงเพชร,51.31666666666666
2021,Apr,ขอนแก่น,64.51666666666667
2021,Apr,จันทบุรี,114.51666666666668
2021,Apr,ฉะเชิงเทรา,0.0
2021,Apr,ชลบุรี,98.0
2021,Apr,ชัยนาท,0.0
2021,Apr,ชัยภูมิ,44.28333333333333
2021,Apr,ชุมพร,48.55
2021,Apr,ตรัง,0.9166666666666666
2021,Apr,ตราด,102.23333333333332
2021,Apr,ตาก,6.958333333333334
2021,Apr,นครพนม,75.08333333333334
2021,Apr,นครราชสีมา,56.30833333333334
2021,Apr,นครศรีธรรมราช,0.0
2021,Apr,นครสวรรค์,61.3
2021,Apr,นราธิวาส,87.58333333333333
2021,Apr,น่าน,66.39999999999999
2021,Apr,บุรีรัมย์,77.26666666666667
2021,Apr,ปทุมธานี,0.0
2021,Apr,ประจวบคีรีขันธ์,11.366666666666664
2021,Apr,ปราจีนบุรี,41.96666666666666
2021,Apr,ปัตตานี,29.53333333333333
2021,Apr,พระนครศรีอยุธยา,0.0
2021,Apr,พะเยา,80.08333333333333
2021,Apr,พังงา,0.65
2021,Apr,พัทลุง,0.0
2021,Apr,พิจิตร,0.0
2021,Apr,พิษณุโลก,51.66666666666666
2021,Apr,ภูเก็ต,78.01666666666668
2021,Apr,มหาสารคาม,45.9
2021,Apr,มุกดาหาร,44.400000000000006
2021,Apr,ยะลา,0.0
2021,Apr,ระนอง,89.76666666666667
2021,Apr,ระยอง,50.98333333333333
2021,Apr,ราชบุรี,0.0
2021,Apr,ร้อยเอ็ด,80.66666666666667
2021,Apr,ลพบุรี,70.80416666666667
2021,Apr,ลำปาง,38.8
2021,Apr,ลำพูน,21.200000000000003
2021,Apr,ศรีสะเกษ,0.0
2021,Apr,สกลนคร,59.43333333333334
2021,Apr,สงขลา,59.66666666666666
2021,Apr,สตูล,215.25
2021,Apr,สระแก้ว,53.68333333333333
2021,Apr,สุพรรณบุรี,46.383333333333326
2021,Apr,สุราษฎร์ธานี,1.0
2021,Apr,สุรินทร์,94.13333333333333
2021,Apr,หนองคาย,64.68333333333332
2021,Apr,อุดรธานี,1.9833333333333336
2021,Apr,อุตรดิตถ์,30.433333333333334
2021,Apr,อุบลราชธานี,59.73333333333334
2021,Apr,เชียงราย,102.93333333333334
2021,Apr,เชียงใหม่,47.95
2021,Apr,เพชรบุรี,12.666666666666666
2021,Apr,เพชรบูรณ์,40.00555555555555
2021,Apr,เลย,37.75
2021,Apr,แพร่,22.05
2021,Apr,แม่ฮ่องสอน,58.16666666666666
2021,Aug,Chok Chai,160.36666666666667
2021,Aug,Hua Hin,65.3
2021,Aug,Kabin Buri,228.66666666666663
2021,Aug,Khlong Yai,654.5666666666667
2021,Aug,Kosum Phisai,169.73333333333332
2021,Aug,Lampang,148.76666666666668
2021,Aug,Lamphun,221.83333333333331
2021,Aug,Lom Sak,104.3
2021,Aug,Lop Buri,246.16666666666663
2021,Aug,Mae Sariang,221.4333333333333
2021,Aug,Mae Sot,375.5
2021,Aug,Mukdahan,293.56666666666666
2021,Aug,Nakhon Phanom,521.8
2021,Aug,Nakhon Ratchasima,115.1
2021,Aug,Nakhon Sawan,217.7
2021,Aug,Nang Rong,178.03333333333333
2021,Aug,Narathiwat,173.86666666666667
2021,Aug,Nong Khai,343.6000000000001
2021,Aug,Phayao,281.1666666666667
2021,Aug,Phetchabun,138.9
2021,Aug,Phetchaburi,73.96666666666665
2021,Aug,Phitsanulok,226.73333333333332
2021,Aug,Prachin Buri,399.1
2021,Aug,Ranong,475.4666666666667
2021,Aug,Rayong,137.20000000000002
2021,Aug,Roi Et,159.86666666666667
2021,Aug,Sakon Nakhon,322.90000000000003
2021,Aug,Satun,275.4666666666667
2021,Aug,Songkhla,76.06666666666666
2021,Aug,Suphan Buri,191.6
2021,Aug,Surin,255.76666666666665
2021,Aug,Tha Tum,28.46666666666667
2021,Aug,Ubon Ratchathani,398.86666666666673
2021,Aug,Uttaradit,234.26666666666665
2021,Aug,Wichian Buri,165.86666666666667
2021,Aug,กรุงเทพมหานคร,266.6
2021,Aug,กาญจนบุรี,125.26666666666668
2021,Aug,กำแพงเพชร,192.53333333333333
2021,Aug,ขอนแก่น,190.8
2021,Aug,จันทบุรี,623.4
2021,Aug,ฉะเชิงเทรา,188.8
2021,Aug,ชลบุรี,144.23333333333332
2021,Aug,ชัยนาท,173.0
2021,Aug,ชัยภูมิ,211.23333333333332
2021,Aug,ชุมพร,128.0
2021,Aug,ตรัง,0.3999999999999999
2021,Aug,ตราด,654.5666666666667
2021,Aug,ตาก,61.35
2021,Aug,นครพนม,156.8
2021,Aug,นครราชสีมา,109.4
2021,Aug,นครศรีธรรมราช,229.7
2021,Aug,นครสวรรค์,218.3
2021,Aug,นราธิวาส,173.86666666666667
2021,Aug,น่าน,134.3
2021,Aug,บุรีรัมย์,178.03333333333333
2021,Aug,ปทุมธานี,182.6
2021,Aug,ประจวบคีรีขันธ์,136.5
2021,Aug,ปราจีนบุรี,313.8833333333334
2021,Aug,ปัตตานี,190.4
2021,Aug,พระนครศรีอยุธยา,124.0
2021,Aug,พะเยา,281.1666666666667
2021,Aug,พังงา,0.3
2021,Aug,พัทลุง,58.3
2021,Aug,พิจิตร,0.0
2021,Aug,พิษณุโลก,226.73333333333332
2021,Aug,ภูเก็ต,431.29999999999995
2021,Aug,มหาสารคาม,169.73333333333332
2021,Aug,มุกดาหาร,293.56666666666666
2021,Aug,ยะลา,204.2
2021,Aug,ระนอง,475.4666666666667
2021,Aug,ระยอง,268.6
2021,Aug,ราชบุรี,0.0
2021,Aug,ร้อยเอ็ด,111.1
2021,Aug,ลพบุรี,172.81666666666666
2021,Aug,ลำปาง,148.76666666666668
2021,Aug,ลำพูน,221.83333333333331
2021,Aug,ศรีสะเกษ,170.2
2021,Aug,สกลนคร,131.1
2021,Aug,สงขลา,85.6
2021,Aug,สตูล,275.4666666666667
2021,Aug,สระแก้ว,217.7
2021,Aug,สุพรรณบุรี,191.6
2021,Aug,สุราษฎร์ธานี,78.0
2021,Aug,สุรินทร์,166.8
2021,Aug,หนองคาย,343.6000000000001
2021,Aug,อุดรธานี,0.3666666666666667
2021,Aug,อุตรดิตถ์,234.26666666666665
2021,Aug,อุบลราชธานี,241.1
2021,Aug,เชียงราย,314.0
2021,Aug,เชียงใหม่,200.9
2021,Aug,เพชรบุรี,73.96666666666665
2021,Aug,เพชรบูรณ์,136.35555555555558
2021,Aug,เลย,183.6
2021,Aug,แพร่,189.13333333333333
2021,Aug,แม่ฮ่องสอน,221.4333333333333
2021,Dec,Chok Chai,0.3
2021,Dec,Hua Hin,0.15
2021,Dec,Kabin Buri,0.3
2021,Dec,Khlong Yai,4.45
2021,Dec,Kosum Phisai,0.0
2021,Dec,Lampang,11.2
2021,Dec,Lamphun,10.85
2021,Dec,Lom Sak,0.0
2021,Dec,Lop Buri,0.25
2021,Dec,Mae Sariang,8.75
2021,Dec,Mae Sot,0.05
2021,Dec,Mukdahan,0.0
2021,Dec,Nakhon Phanom,0.0
2021,Dec,Nakhon Ratchasima,0.1
2021,Dec,Nakhon Sawan,0.65
2021,Dec,Nang Rong,0.0
2021,Dec,Narathiwat,860.9
2021,Dec,Nong Khai,0.0
2021,Dec,Phayao,22.9
2021,Dec,Phetchabun,0.0
2021,Dec,Phetchaburi,0.85
2021,Dec,Phitsanulok,19.65
2021,Dec,Prachin Buri,0.0
2021,Dec,Ranong,173.4
2021,Dec,Rayong,0.55
2021,Dec,Roi Et,0.0
2021,Dec,Sakon Nakhon,0.0
2021,Dec,Satun,69.75
2021,Dec,Songkhla,709.5500000000001
2021,Dec,Suphan Buri,3.9
2021,Dec,Surin,0.25
2021,Dec,Tha Tum,23.9
2021,Dec,Ubon Ratchathani,0.0
2021,Dec,Uttaradit,0.0
2021,Dec,Wichian Buri,0.0
2021,Dec,กรุงเทพมหานคร,0.4
2021,Dec,กาญจนบุรี,0.55
2021,Dec,กำแพงเพชร,0.7
2021,Dec,ขอนแก่น,0.0
2021,Dec,จันทบุรี,6.0
2021,Dec,ฉะเชิงเทรา,0.1
2021,Dec,ชลบุรี,0.1
2021,Dec,ชัยนาท,0.0
2021,Dec,ชัยภูมิ,1.2
2021,Dec,ชุมพร,99.4
2021,Dec,ตรัง,0.35
2021,Dec,ตราด,4.45
2021,Dec,ตาก,0.825
2021,Dec,นครพนม,0.0
2021,Dec,นครราชสีมา,0.0
2021,Dec,นครศรีธรรมราช,473.5
2021,Dec,นครสวรรค์,0.0
2021,Dec,นราธิวาส,860.9
2021,Dec,น่าน,0.0
2021,Dec,บุรีรัมย์,0.0
2021,Dec,ปทุมธานี,0.0
2021,Dec,ประจวบคีรีขันธ์,0.0
2021,Dec,ปราจีนบุรี,0.15
2021,Dec,ปัตตานี,565.85
2021,Dec,พระนครศรีอยุธยา,0.0
2021,Dec,พะเยา,22.9
2021,Dec,พังงา,0.3
2021,Dec,พัทลุง,210.0
2021,Dec,พิจิตร,0.0
2021,Dec,พิษณุโลก,19.65
2021,Dec,ภูเก็ต,59.8
2021,Dec,มหาสารคาม,0.0
2021,Dec,มุกดาหาร,0.0
2021,Dec,ยะลา,343.8
2021,Dec,ระนอง,173.4
2021,Dec,ระยอง,15.9
2021,Dec,ราชบุรี,0.0
2021,Dec,ร้อยเอ็ด,0.0
2021,Dec,ลพบุรี,0.0625
2021,Dec,ลำปาง,11.2
2021,Dec,ลำพูน,10.85
2021,Dec,ศรีสะเกษ,4.1
2021,Dec,สกลนคร,0.0
2021,Dec,สงขลา,262.8
2021,Dec,สตูล,69.75
2021,Dec,สระแก้ว,0.65
2021,Dec,สุพรรณบุรี,3.9
2021,Dec,สุราษฎร์ธานี,64.65
2021,Dec,สุรินทร์,0.0
2021,Dec,หนองคาย,0.0
2021,Dec,อุดรธานี,0.2
2021,Dec,อุตรดิตถ์,0.0
2021,Dec,อุบลราชธานี,6.1
2021,Dec,เชียงราย,0.0
2021,Dec,เชียงใหม่,40.55
2021,Dec,เพชรบุรี,0.85
2021,Dec,เพชรบูรณ์,0.0
2021,Dec,เลย,0.0
2021,Dec,แพร่,1.2000000000000002
2021,Dec,แม่ฮ่องสอน,8.75
2021,Feb,Chok Chai,23.6
2021,Feb,Hua Hin,59.133333333333326
2021,Feb,Kabin Buri,29.3
2021,Feb,Khlong Yai,74.26666666666667
2021,Feb,Kosum Phisai,7.899999999999999
2021,Feb,Lampang,6.5
2021,Feb,Lamphun,18.1
2021,Feb,Lom Sak,11.366666666666667
2021,Feb,Lop Buri,10.533333333333331
2021,Feb,Mae Sariang,8.866666666666667
2021,Feb,Mae Sot,16.066666666666666
2021,Feb,Mukdahan,15.066666666666668
2021,Feb,Nakhon Phanom,12.166666666666666
2021,Feb,Nakhon Ratchasima,7.399999999999999
2021,Feb,Nakhon Sawan,28.566666666666663
2021,Feb,Nang Rong,25.466666666666665
2021,Feb,Narathiwat,255.63333333333333
2021,Feb,Nong Khai,51.26666666666667
2021,Feb,Phayao,28.066666666666663
2021,Feb,Phetchabun,20.566666666666663
2021,Feb,Phetchaburi,56.66666666666666
2021,Feb,Phitsanulok,38.266666666666666
2021,Feb,Prachin Buri,32.43333333333333
2021,Feb,Ranong,60.53333333333334
2021,Feb,Rayong,62.63333333333333
2021,Feb,Roi Et,2.966666666666667
2021,Feb,Sakon Nakhon,16.266666666666666
2021,Feb,Satun,42.66666666666666
2021,Feb,Songkhla,116.46666666666668
2021,Feb,Suphan Buri,5.933333333333333
2021,Feb,Surin,25.4
2021,Feb,Tha Tum,26.73333333333333
2021,Feb,Ubon Ratchathani,15.133333333333336
2021,Feb,Uttaradit,31.33333333333333
2021,Feb,Wichian Buri,9.033333333333331
2021,Feb,กรุงเทพมหานคร,66.7
2021,Feb,กาญจนบุรี,81.06666666666668
2021,Feb,กำแพงเพชร,46.53333333333333
2021,Feb,ขอนแก่น,46.5
2021,Feb,จันทบุรี,80.60000000000001
2021,Feb,ฉะเชิงเทรา,28.7
2021,Feb,ชลบุรี,21.700000000000003
2021,Feb,ชัยนาท,0.0
2021,Feb,ชัยภูมิ,10.366666666666667
2021,Feb,ชุมพร,0.8
2021,Feb,ตรัง,0.4333333333333333
2021,Feb,ตราด,74.26666666666667
2021,Feb,ตาก,18.35
2021,Feb,นครพนม,43.2
2021,Feb,นครราชสีมา,6.9
2021,Feb,นครศรีธรรมราช,2.0
2021,Feb,นครสวรรค์,0.5
2021,Feb,นราธิวาส,255.63333333333333
2021,Feb,น่าน,20.9
2021,Feb,บุรีรัมย์,25.466666666666665
2021,Feb,ปทุมธานี,0.1
2021,Feb,ประจวบคีรีขันธ์,6.6
2021,Feb,ปราจีนบุรี,30.866666666666664
2021,Feb,ปัตตานี,165.1
2021,Feb,พระนครศรีอยุธยา,3.8
2021,Feb,พะเยา,28.066666666666663
2021,Feb,พังงา,0.5333333333333333
2021,Feb,พัทลุง,7.7
2021,Feb,พิจิตร,16.5
2021,Feb,พิษณุโลก,38.266666666666666
2021,Feb,ภูเก็ต,61.95
2021,Feb,มหาสารคาม,7.899999999999999
2021,Feb,มุกดาหาร,15.066666666666668
2021,Feb,ยะลา,2.7
2021,Feb,ระนอง,60.53333333333334
2021,Feb,ระยอง,36.7
2021,Feb,ราชบุรี,12.1
2021,Feb,ร้อยเอ็ด,50.3
2021,Feb,ลพบุรี,5.133333333333333
2021,Feb,ลำปาง,6.5
2021,Feb,ลำพูน,18.1
2021,Feb,ศรีสะเกษ,1.0
2021,Feb,สกลนคร,23.8
2021,Feb,สงขลา,0.0
2021,Feb,สตูล,42.66666666666666
2021,Feb,สระแก้ว,44.43333333333333
2021,Feb,สุพรรณบุรี,18.0
2021,Feb,สุราษฎร์ธานี,0.4833333333333333
2021,Feb,สุรินทร์,22.9
2021,Feb,หนองคาย,51.26666666666667
2021,Feb,อุดรธานี,0.5
2021,Feb,อุตรดิตถ์,31.33333333333333
2021,Feb,อุบลราชธานี,2.5
2021,Feb,เชียงราย,68.2
2021,Feb,เชียงใหม่,12.633333333333333
2021,Feb,เพชรบุรี,56.66666666666666
2021,Feb,เพชรบูรณ์,13.655555555555557
2021,Feb,เลย,26.9
2021,Feb,แพร่,16.266666666666666
2021,Feb,แม่ฮ่องสอน,8.866666666666667
2021,Jan,Chok Chai,5.5
2021,Jan,Hua Hin,11.199999999999998
2021,Jan,Kabin Buri,14.166666666666666
2021,Jan,Khlong Yai,39.36666666666667
2021,Jan,Kosum Phisai,8.766666666666667
2021,Jan,Lampang,15.6
2021,Jan,Lamphun,8.766666666666667
2021,Jan,Lom Sak,5.833333333333333
2021,Jan,Lop Buri,1.4666666666666668
2021,Jan,Mae Sariang,6.533333333333334
2021,Jan,Mae Sot,14.866666666666664
2021,Jan,Mukdahan,1.7666666666666666
2021,Jan,Nakhon Phanom,9.7
2021,Jan,Nakhon Ratchasima,2.0
2021,Jan,Nakhon Sawan,17.833333333333332
2021,Jan,Nang Rong,18.33333333333333
2021,Jan,Narathiwat,233.5666666666667
2021,Jan,Nong Khai,22.466666666666665
2021,Jan,Phayao,10.233333333333333
2021,Jan,Phetchabun,6.566666666666666
2021,Jan,Phetchaburi,18.96666666666667
2021,Jan,Phitsanulok,2.333333333333333
2021,Jan,Prachin Buri,3.633333333333333
2021,Jan,Ranong,6.900000000000001
2021,Jan,Rayong,16.0
2021,Jan,Roi Et,10.666666666666666
2021,Jan,Sakon Nakhon,6.833333333333333
2021,Jan,Satun,44.53333333333333
2021,Jan,Songkhla,184.9333333333333
2021,Jan,Suphan Buri,0.8999999999999999
2021,Jan,Surin,0.6
2021,Jan,Tha Tum,24.6
2021,Jan,Ubon Ratchathani,13.466666666666669
2021,Jan,Uttaradit,9.333333333333334
2021,Jan,Wichian Buri,3.733333333333333
2021,Jan,กรุงเทพมหานคร,9.766666666666667
2021,Jan,กาญจนบุรี,1.0666666666666669
2021,Jan,กำแพงเพชร,7.899999999999999
2021,Jan,ขอนแก่น,3.966666666666667
2021,Jan,จันทบุรี,7.666666666666667
2021,Jan,ฉะเชิงเทรา,0.0
2021,Jan,ชลบุรี,0.6
2021,Jan,ชัยนาท,0.0
2021,Jan,ชัยภูมิ,8.666666666666666
2021,Jan,ชุมพร,47.23333333333333
2021,Jan,ตรัง,0.3666666666666667
2021,Jan,ตราด,39.36666666666667
2021,Jan,ตาก,3.3999999999999995
2021,Jan,นครพนม,9.7
2021,Jan,นครราชสีมา,3.75
2021,Jan,นครศรีธรรมราช,0.0
2021,Jan,นครสวรรค์,17.833333333333332
2021,Jan,นราธิวาส,233.5666666666667
2021,Jan,น่าน,9.0
2021,Jan,บุรีรัมย์,18.33333333333333
2021,Jan,ปทุมธานี,0.0
2021,Jan,ประจวบคีรีขันธ์,11.199999999999998
2021,Jan,ปราจีนบุรี,8.9
2021,Jan,ปัตตานี,142.86666666666667
2021,Jan,พระนครศรีอยุธยา,0.0
2021,Jan,พะเยา,10.233333333333333
2021,Jan,พังงา,0.7000000000000001
2021,Jan,พัทลุง,0.0
2021,Jan,พิจิตร,0.0
2021,Jan,พิษณุโลก,2.333333333333333
2021,Jan,ภูเก็ต,23.45
2021,Jan,มหาสารคาม,8.766666666666667
2021,Jan,มุกดาหาร,1.7666666666666666
2021,Jan,ยะลา,0.0
2021,Jan,ระนอง,6.900000000000001
2021,Jan,ระยอง,16.0
2021,Jan,ราชบุรี,0.0
2021,Jan,ร้อยเอ็ด,10.666666666666666
2021,Jan,ลพบุรี,16.71666666666667
2021,Jan,ลำปาง,15.6
2021,Jan,ลำพูน,8.766666666666667
2021,Jan,ศรีสะเกษ,0.0
2021,Jan,สกลนคร,6.833333333333333
2021,Jan,สงขลา,184.9333333333333
2021,Jan,สตูล,44.53333333333333
2021,Jan,สระแก้ว,5.0
2021,Jan,สุพรรณบุรี,0.8999999999999999
2021,Jan,สุราษฎร์ธานี,0.3666666666666667
2021,Jan,สุรินทร์,0.6
2021,Jan,หนองคาย,22.466666666666665
2021,Jan,อุดรธานี,0.3999999999999999
2021,Jan,อุตรดิตถ์,9.333333333333334
2021,Jan,อุบลราชธานี,13.466666666666669
2021,Jan,เชียงราย,32.6
2021,Jan,เชียงใหม่,10.366666666666667
2021,Jan,เพชรบุรี,18.96666666666667
2021,Jan,เพชรบูรณ์,5.377777777777779
2021,Jan,เลย,5.5
2021,Jan,แพร่,15.433333333333332
2021,Jan,แม่ฮ่องสอน,6.533333333333334
2021,Jul,Chok Chai,121.96666666666664
2021,Jul,Hua Hin,62.06666666666667
2021,Jul,Kabin Buri,255.36666666666667
2021,Jul,Khlong Yai,1199.1
2021,Jul,Kosum Phisai,237.13333333333333
2021,Jul,Lampang,130.96666666666667
2021,Jul,Lamphun,110.33333333333331
2021,Jul,Lom Sak,157.46666666666667
2021,Jul,Lop Buri,128.43333333333334
2021,Jul,Mae Sariang,208.13333333333333
2021,Jul,Mae Sot,321.3333333333333
2021,Jul,Mukdahan,399.8333333333333
2021,Jul,Nakhon Phanom,417.1
2021,Jul,Nakhon Ratchasima,162.29999999999998
2021,Jul,Nakhon Sawan,149.26666666666668
2021,Jul,Nang Rong,216.26666666666665
2021,Jul,Narathiwat,198.9333333333333
2021,Jul,Nong Khai,438.4333333333333
2021,Jul,Phayao,148.63333333333333
2021,Jul,Phetchabun,201.0
2021,Jul,Phetchaburi,74.06666666666668
2021,Jul,Phitsanulok,184.53333333333333
2021,Jul,Prachin Buri,295.7333333333333
2021,Jul,Ranong,756.1666666666666
2021,Jul,Rayong,212.7333333333333
2021,Jul,Roi Et,272.93333333333334
2021,Jul,Sakon Nakhon,305.43333333333334
2021,Jul,Satun,226.33333333333331
2021,Jul,Songkhla,91.76666666666668
2021,Jul,Suphan Buri,89.56666666666666
2021,Jul,Surin,203.5666666666667
2021,Jul,Tha Tum,28.33333333333333
2021,Jul,Ubon Ratchathani,438.23333333333335
2021,Jul,Uttaradit,180.1
2021,Jul,Wichian Buri,160.70000000000002
2021,Jul,กรุงเทพมหานคร,187.1
2021,Jul,กาญจนบุรี,173.43333333333337
2021,Jul,กำแพงเพชร,144.03333333333333
2021,Jul,ขอนแก่น,228.0
2021,Jul,จันทบุรี,713.6999999999999
2021,Jul,ฉะเชิงเทรา,0.0
2021,Jul,ชลบุรี,190.36666666666667
2021,Jul,ชัยนาท,0.0
2021,Jul,ชัยภูมิ,287.5333333333333
2021,Jul,ชุมพร,250.0666666666667
2021,Jul,ตรัง,0.6666666666666666
2021,Jul,ตราด,1199.1
2021,Jul,ตาก,61.84999999999999
2021,Jul,นครพนม,417.1
2021,Jul,นครราชสีมา,142.13333333333333
2021,Jul,นครศรีธรรมราช,0.0
2021,Jul,นครสวรรค์,149.26666666666668
2021,Jul,นราธิวาส,198.9333333333333
2021,Jul,น่าน,255.66666666666663
2021,Jul,บุรีรัมย์,216.26666666666665
2021,Jul,ปทุมธานี,0.0
2021,Jul,ประจวบคีรีขันธ์,62.06666666666667
2021,Jul,ปราจีนบุรี,275.55
2021,Jul,ปัตตานี,142.13333333333333
2021,Jul,พระนครศรีอยุธยา,0.0
2021,Jul,พะเยา,148.63333333333333
2021,Jul,พังงา,0.0666666666666666
2021,Jul,พัทลุง,0.0
2021,Jul,พิจิตร,0.0
2021,Jul,พิษณุโลก,184.53333333333333
2021,Jul,ภูเก็ต,354.45000000000005
2021,Jul,มหาสารคาม,237.13333333333333
2021,Jul,มุกดาหาร,399.8333333333333
2021,Jul,ยะลา,0.0
2021,Jul,ระนอง,756.1666666666666
2021,Jul,ระยอง,212.7333333333333
2021,Jul,ราชบุรี,0.0
2021,Jul,ร้อยเอ็ด,272.93333333333334
2021,Jul,ลพบุรี,121.20833333333334
2021,Jul,ลำปาง,130.96666666666667
2021,Jul,ลำพูน,110.33333333333331
2021,Jul,ศรีสะเกษ,0.0
2021,Jul,สกลนคร,305.43333333333334
2021,Jul,สงขลา,91.76666666666668
2021,Jul,สตูล,226.33333333333331
2021,Jul,สระแก้ว,171.73333333333335
2021,Jul,สุพรรณบุรี,89.56666666666666
2021,Jul,สุราษฎร์ธานี,0.2666666666666666
2021,Jul,สุรินทร์,203.5666666666667
2021,Jul,หนองคาย,438.4333333333333
2021,Jul,อุดรธานี,0.5333333333333333
2021,Jul,อุตรดิตถ์,180.1
2021,Jul,อุบลราชธานี,438.23333333333335
2021,Jul,เชียงราย,238.23333333333332
2021,Jul,เชียงใหม่,151.46666666666667
2021,Jul,เพชรบุรี,74.06666666666668
2021,Jul,เพชรบูรณ์,173.05555555555554
2021,Jul,เลย,271.6333333333333
2021,Jul,แพร่,192.66666666666663
2021,Jul,แม่ฮ่องสอน,208.13333333333333
2021,Jun,Chok Chai,126.35
2021,Jun,Hua Hin,30.85
2021,Jun,Kabin Buri,267.29999999999995
2021,Jun,Khlong Yai,819.05
2021,Jun,Kosum Phisai,145.9
2021,Jun,Lampang,116.85
2021,Jun,Lamphun,103.5
2021,Jun,Lom Sak,104.05
2021,Jun,Lop Buri,65.7
2021,Jun,Mae Sariang,124.05
2021,Jun,Mae Sot,265.25
2021,Jun,Mukdahan,137.89999999999998
2021,Jun,Nakhon Phanom,414.05
2021,Jun,Nakhon Ratchasima,90.5
2021,Jun,Nakhon Sawan,83.8
2021,Jun,Nang Rong,177.4
2021,Jun,Narathiwat,198.05
2021,Jun,Nong Khai,339.9
2021,Jun,Phayao,113.85
2021,Jun,Phetchabun,135.5
2021,Jun,Phetchaburi,28.15
2021,Jun,Phitsanulok,102.45
2021,Jun,Prachin Buri,175.75
2021,Jun,Ranong,519.55
2021,Jun,Rayong,83.0
2021,Jun,Roi Et,167.64999999999998
2021,Jun,Sakon Nakhon,273.95
2021,Jun,Satun,135.14999999999998
2021,Jun,Songkhla,96.85
2021,Jun,Suphan Buri,51.75
2021,Jun,Surin,190.15
2021,Jun,Tha Tum,29.35
2021,Jun,Ubon Ratchathani,256.85
2021,Jun,Uttaradit,91.3
2021,Jun,Wichian Buri,161.4
2021,Jun,กรุงเทพมหานคร,171.2
2021,Jun,กาญจนบุรี,62.25
2021,Jun,กำแพงเพชร,124.5
2021,Jun,ขอนแก่น,122.2
2021,Jun,จันทบุรี,201.7
2021,Jun,ฉะเชิงเทรา,75.2
2021,Jun,ชลบุรี,67.45
2021,Jun,ชัยนาท,27.6
2021,Jun,ชัยภูมิ,53.7
2021,Jun,ชุมพร,113.0
2021,Jun,ตรัง,0.7
2021,Jun,ตราด,819.05
2021,Jun,ตาก,22.224999999999998
2021,Jun,นครพนม,494.7
2021,Jun,นครราชสีมา,43.6
2021,Jun,นครศรีธรรมราช,93.0
2021,Jun,นครสวรรค์,83.6
2021,Jun,นราธิวาส,198.05
2021,Jun,น่าน,130.2
2021,Jun,บุรีรัมย์,177.4
2021,Jun,ปทุมธานี,68.5
2021,Jun,ประจวบคีรีขันธ์,52.9
2021,Jun,ปราจีนบุรี,221.525
2021,Jun,ปัตตานี,132.25
2021,Jun,พระนครศรีอยุธยา,51.8
2021,Jun,พะเยา,113.85
2021,Jun,พังงา,0.55
2021,Jun,พัทลุง,39.4
2021,Jun,พิจิตร,0.0
2021,Jun,พิษณุโลก,102.45
2021,Jun,ภูเก็ต,268.07500000000005
2021,Jun,มหาสารคาม,145.9
2021,Jun,มุกดาหาร,137.89999999999998
2021,Jun,ยะลา,302.7
2021,Jun,ระนอง,519.55
2021,Jun,ระยอง,115.4
2021,Jun,ราชบุรี,0.0
2021,Jun,ร้อยเอ็ด,202.4
2021,Jun,ลพบุรี,137.025
2021,Jun,ลำปาง,116.85
2021,Jun,ลำพูน,103.5
2021,Jun,ศรีสะเกษ,140.2
2021,Jun,สกลนคร,221.2
2021,Jun,สงขลา,143.2
2021,Jun,สตูล,135.14999999999998
2021,Jun,สระแก้ว,110.5
2021,Jun,สุพรรณบุรี,51.75
2021,Jun,สุราษฎร์ธานี,70.65
2021,Jun,สุรินทร์,212.6
2021,Jun,หนองคาย,339.9
2021,Jun,อุดรธานี,0.5
2021,Jun,อุตรดิตถ์,91.3
2021,Jun,อุบลราชธานี,257.9
2021,Jun,เชียงราย,209.5
2021,Jun,เชียงใหม่,86.55000000000001
2021,Jun,เพชรบุรี,28.15
2021,Jun,เพชรบูรณ์,133.65
2021,Jun,เลย,73.5
2021,Jun,แพร่,87.2
2021,Jun,แม่ฮ่องสอน,124.05
2021,Mar,Chok Chai,51.43333333333334
2021,Mar,Hua Hin,39.5
2021,Mar,Kabin Buri,62.96666666666667
2021,Mar,Khlong Yai,129.29999999999998
2021,Mar,Kosum Phisai,35.9
2021,Mar,Lampang,19.433333333333334
2021,Mar,Lamphun,30.866666666666664
2021,Mar,Lom Sak,36.13333333333333
2021,Mar,Lop Buri,37.2
2021,Mar,Mae Sariang,7.233333333333333
2021,Mar,Mae Sot,15.1
2021,Mar,Mukdahan,50.93333333333334
2021,Mar,Nakhon Phanom,50.53333333333333
2021,Mar,Nakhon Ratchasima,49.93333333333334
2021,Mar,Nakhon Sawan,54.833333333333336
2021,Mar,Nang Rong,71.60000000000001
2021,Mar,Narathiwat,67.0
2021,Mar,Nong Khai,101.56666666666666
2021,Mar,Phayao,34.86666666666667
2021,Mar,Phetchabun,63.26666666666667
2021,Mar,Phetchaburi,18.2
2021,Mar,Phitsanulok,35.06666666666667
2021,Mar,Prachin Buri,58.76666666666667
2021,Mar,Ranong,72.39999999999999
2021,Mar,Rayong,37.66666666666666
2021,Mar,Roi Et,72.0
2021,Mar,Sakon Nakhon,29.83333333333333
2021,Mar,Satun,153.26666666666668
2021,Mar,Songkhla,31.96666666666667
2021,Mar,Suphan Buri,6.033333333333334
2021,Mar,Surin,68.7
2021,Mar,Tha Tum,28.8
2021,Mar,Ubon Ratchathani,26.3
2021,Mar,Uttaradit,19.866666666666664
2021,Mar,Wichian Buri,115.5
2021,Mar,กรุงเทพมหานคร,3.0
2021,Mar,กาญจนบุรี,39.6
2021,Mar,กำแพงเพชร,41.73333333333333
2021,Mar,ขอนแก่น,77.6
2021,Mar,จันทบุรี,65.73333333333333
2021,Mar,ฉะเชิงเทรา,95.4
2021,Mar,ชลบุรี,60.76666666666667
2021,Mar,ชัยนาท,6.1
2021,Mar,ชัยภูมิ,50.833333333333336
2021,Mar,ชุมพร,18.5
2021,Mar,ตรัง,0.4333333333333333
2021,Mar,ตราด,129.29999999999998
2021,Mar,ตาก,20.299999999999997
2021,Mar,นครพนม,26.1
2021,Mar,นครราชสีมา,96.0
2021,Mar,นครศรีธรรมราช,53.3
2021,Mar,นครสวรรค์,23.2
2021,Mar,นราธิวาส,67.0
2021,Mar,น่าน,19.6
2021,Mar,บุรีรัมย์,71.60000000000001
2021,Mar,ปทุมธานี,37.5
2021,Mar,ประจวบคีรีขันธ์,7.4
2021,Mar,ปราจีนบุรี,60.86666666666667
2021,Mar,ปัตตานี,52.4
2021,Mar,พระนครศรีอยุธยา,7.3
2021,Mar,พะเยา,34.86666666666667
2021,Mar,พังงา,0.5
2021,Mar,พัทลุง,58.7
2021,Mar,พิจิตร,1.0
2021,Mar,พิษณุโลก,35.06666666666667
2021,Mar,ภูเก็ต,55.66666666666667
2021,Mar,มหาสารคาม,35.9
2021,Mar,มุกดาหาร,50.93333333333334
2021,Mar,ยะลา,200.5
2021,Mar,ระนอง,72.39999999999999
2021,Mar,ระยอง,52.7
2021,Mar,ราชบุรี,19.9
2021,Mar,ร้อยเอ็ด,36.5
2021,Mar,ลพบุรี,65.65
2021,Mar,ลำปาง,19.433333333333334
2021,Mar,ลำพูน,30.866666666666664
2021,Mar,ศรีสะเกษ,1.0
2021,Mar,สกลนคร,106.4
2021,Mar,สงขลา,194.3
2021,Mar,สตูล,153.26666666666668
2021,Mar,สระแก้ว,44.333333333333336
2021,Mar,สุพรรณบุรี,3.0
2021,Mar,สุราษฎร์ธานี,12.55
2021,Mar,สุรินทร์,11.8
2021,Mar,หนองคาย,101.56666666666666
2021,Mar,อุดรธานี,0.4333333333333333
2021,Mar,อุตรดิตถ์,19.866666666666664
2021,Mar,อุบลราชธานี,3.9
2021,Mar,เชียงราย,1.0
2021,Mar,เชียงใหม่,30.9
2021,Mar,เพชรบุรี,18.2
2021,Mar,เพชรบูรณ์,71.63333333333333
2021,Mar,เลย,39.6
2021,Mar,แพร่,45.43333333333334
2021,Mar,แม่ฮ่องสอน,7.233333333333333
2021,May,Chok Chai,132.16666666666666
2021,May,Hua Hin,132.73333333333332
2021,May,Kabin Buri,133.43333333333334
2021,May,Khlong Yai,251.0666666666667
2021,May,Kosum Phisai,244.76666666666665
2021,May,Lampang,198.26666666666665
2021,May,Lamphun,220.4333333333333
2021,May,Lom Sak,132.26666666666665
2021,May,Lop Buri,132.66666666666666
2021,May,Mae Sariang,197.0666666666667
2021,May,Mae Sot,211.4
2021,May,Mukdahan,133.56666666666666
2021,May,Nakhon Phanom,210.80000000000004
2021,May,Nakhon Ratchasima,145.1
2021,May,Nakhon Sawan,127.56666666666666
2021,May,Nang Rong,183.2
2021,May,Narathiwat,166.46666666666667
2021,May,Nong Khai,222.26666666666665
2021,May,Phayao,159.33333333333334
2021,May,Phetchabun,123.16666666666669
2021,May,Phetchaburi,59.133333333333326
2021,May,Phitsanulok,195.76666666666665
2021,May,Prachin Buri,182.86666666666667
2021,May,Ranong,433.5333333333333
2021,May,Rayong,264.76666666666665
2021,May,Roi Et,235.4333333333333
2021,May,Sakon Nakhon,206.4333333333333
2021,May,Satun,227.4333333333333
2021,May,Songkhla,101.26666666666668
2021,May,Suphan Buri,117.93333333333334
2021,May,Surin,184.8
2021,May,Tha Tum,29.4
2021,May,Ubon Ratchathani,309.1666666666667
2021,May,Uttaradit,190.86666666666667
2021,May,Wichian Buri,176.26666666666665
2021,May,กรุงเทพมหานคร,200.9
2021,May,กาญจนบุรี,125.73333333333332
2021,May,กำแพงเพชร,191.93333333333337
2021,May,ขอนแก่น,141.9
2021,May,จันทบุรี,412.5
2021,May,ฉะเชิงเทรา,57.1
2021,May,ชลบุรี,178.03333333333333
2021,May,ชัยนาท,15.5
2021,May,ชัยภูมิ,137.23333333333332
2021,May,ชุมพร,122.4
2021,May,ตรัง,0.6333333333333333
2021,May,ตราด,251.0666666666667
2021,May,ตาก,119.71666666666667
2021,May,นครพนม,85.5
2021,May,นครราชสีมา,100.3
2021,May,นครศรีธรรมราช,189.0
2021,May,นครสวรรค์,122.7
2021,May,นราธิวาส,166.46666666666667
2021,May,น่าน,89.7
2021,May,บุรีรัมย์,183.2
2021,May,ปทุมธานี,164.4
2021,May,ประจวบคีรีขันธ์,149.2
2021,May,ปราจีนบุรี,158.15
2021,May,ปัตตานี,163.83333333333334
2021,May,พระนครศรีอยุธยา,121.0
2021,May,พะเยา,159.33333333333334
2021,May,พังงา,0.4333333333333333
2021,May,พัทลุง,61.9
2021,May,พิจิตร,0.0
2021,May,พิษณุโลก,195.76666666666665
2021,May,ภูเก็ต,308.1166666666667
2021,May,มหาสารคาม,244.76666666666665
2021,May,มุกดาหาร,133.56666666666666
2021,May,ยะลา,375.2
2021,May,ระนอง,433.5333333333333
2021,May,ระยอง,221.8
2021,May,ราชบุรี,0.0
2021,May,ร้อยเอ็ด,96.0
2021,May,ลพบุรี,174.19166666666666
2021,May,ลำปาง,198.26666666666665
2021,May,ลำพูน,220.4333333333333
2021,May,ศรีสะเกษ,155.4
2021,May,สกลนคร,112.7
2021,May,สงขลา,213.3
2021,May,สตูล,227.4333333333333
2021,May,สระแก้ว,175.0
2021,May,สุพรรณบุรี,117.93333333333334
2021,May,สุราษฎร์ธานี,108.9
2021,May,สุรินทร์,214.5
2021,May,หนองคาย,222.26666666666665
2021,May,อุดรธานี,0.8999999999999999
2021,May,อุตรดิตถ์,190.86666666666667
2021,May,อุบลราชธานี,139.4
2021,May,เชียงราย,121.6
2021,May,เชียงใหม่,210.5
2021,May,เพชรบุรี,59.133333333333326
2021,May,เพชรบูรณ์,143.9
2021,May,เลย,80.9
2021,May,แพร่,210.26666666666668
2021,May,แม่ฮ่องสอน,197.0666666666667
2021,Nov,Chok Chai,75.0
2021,Nov,Hua Hin,110.86666666666667
2021,Nov,Kabin Buri,21.96666666666667
2021,Nov,Khlong Yai,111.5
2021,Nov,Kosum Phisai,12.466666666666669
2021,Nov,Lampang,20.933333333333334
2021,Nov,Lamphun,25.066666666666663
2021,Nov,Lom Sak,16.5
2021,Nov,Lop Buri,82.06666666666666
2021,Nov,Mae Sariang,45.7
2021,Nov,Mae Sot,11.2
2021,Nov,Mukdahan,17.633333333333333
2021,Nov,Nakhon Phanom,9.933333333333334
2021,Nov,Nakhon Ratchasima,37.66666666666666
2021,Nov,Nakhon Sawan,65.39999999999999
2021,Nov,Nang Rong,50.53333333333333
2021,Nov,Narathiwat,993.6666666666666
2021,Nov,Nong Khai,14.533333333333331
2021,Nov,Phayao,15.833333333333334
2021,Nov,Phetchabun,23.066666666666663
2021,Nov,Phetchaburi,100.3
2021,Nov,Phitsanulok,22.066666666666663
2021,Nov,Prachin Buri,33.9
2021,Nov,Ranong,254.5333333333333
2021,Nov,Rayong,128.46666666666667
2021,Nov,Roi Et,20.866666666666667
2021,Nov,Sakon Nakhon,7.633333333333333
2021,Nov,Satun,289.6666666666667
2021,Nov,Songkhla,835.9666666666666
2021,Nov,Suphan Buri,54.23333333333334
2021,Nov,Surin,42.06666666666666
2021,Nov,Tha Tum,26.766666666666666
2021,Nov,Ubon Ratchathani,12.800000000000002
2021,Nov,Uttaradit,4.066666666666666
2021,Nov,Wichian Buri,47.8
2021,Nov,กรุงเทพมหานคร,64.9
2021,Nov,กาญจนบุรี,40.16666666666666
2021,Nov,กำแพงเพชร,42.53333333333334
2021,Nov,ขอนแก่น,0.0
2021,Nov,จันทบุรี,9.1
2021,Nov,ฉะเชิงเทรา,61.2
2021,Nov,ชลบุรี,66.13333333333334
2021,Nov,ชัยนาท,8.6
2021,Nov,ชัยภูมิ,35.266666666666666
2021,Nov,ชุมพร,1002.2
2021,Nov,ตรัง,0.1333333333333333
2021,Nov,ตราด,111.5
2021,Nov,ตาก,16.083333333333332
2021,Nov,นครพนม,0.0
2021,Nov,นครราชสีมา,23.0
2021,Nov,นครศรีธรรมราช,1012.3
2021,Nov,นครสวรรค์,25.7
2021,Nov,นราธิวาส,993.6666666666666
2021,Nov,น่าน,6.5
2021,Nov,บุรีรัมย์,50.53333333333333
2021,Nov,ปทุมธานี,43.1
2021,Nov,ประจวบคีรีขันธ์,213.9
2021,Nov,ปราจีนบุรี,27.933333333333334
2021,Nov,ปัตตานี,765.7666666666668
2021,Nov,พระนครศรีอยุธยา,42.5
2021,Nov,พะเยา,15.833333333333334
2021,Nov,พังงา,0.4333333333333333
2021,Nov,พัทลุง,744.1
2021,Nov,พิจิตร,0.0
2021,Nov,พิษณุโลก,22.066666666666663
2021,Nov,ภูเก็ต,163.91666666666669
2021,Nov,มหาสารคาม,12.466666666666669
2021,Nov,มุกดาหาร,17.633333333333333
2021,Nov,ยะลา,289.9
2021,Nov,ระนอง,254.5333333333333
2021,Nov,ระยอง,134.5
2021,Nov,ราชบุรี,0.0
2021,Nov,ร้อยเอ็ด,0.0
2021,Nov,ลพบุรี,43.416666666666664
2021,Nov,ลำปาง,20.933333333333334
2021,Nov,ลำพูน,25.066666666666663
2021,Nov,ศรีสะเกษ,0.1
2021,Nov,สกลนคร,0.0
2021,Nov,สงขลา,750.8
2021,Nov,สตูล,289.6666666666667
2021,Nov,สระแก้ว,49.03333333333334
2021,Nov,สุพรรณบุรี,54.23333333333334
2021,Nov,สุราษฎร์ธานี,371.35
2021,Nov,สุรินทร์,16.8
2021,Nov,หนองคาย,14.533333333333331
2021,Nov,อุดรธานี,1.1333333333333333
2021,Nov,อุตรดิตถ์,4.066666666666666
2021,Nov,อุบลราชธานี,0.0
2021,Nov,เชียงราย,77.8
2021,Nov,เชียงใหม่,21.4
2021,Nov,เพชรบุรี,100.3
2021,Nov,เพชรบูรณ์,29.12222222222222
2021,Nov,เลย,5.6
2021,Nov,แพร่,9.933333333333334
2021,Nov,แม่ฮ่องสอน,45.7
2021,Oct,Chok Chai,304.0
2021,Oct,Hua Hin,256.4
2021,Oct,Kabin Buri,181.4
2021,Oct,Khlong Yai,405.45
2021,Oct,Kosum Phisai,120.9
2021,Oct,Lampang,186.55
2021,Oct,Lamphun,161.35
2021,Oct,Lom Sak,158.75
2021,Oct,Lop Buri,94.4
2021,Oct,Mae Sariang,109.65
2021,Oct,Mae Sot,141.5
2021,Oct,Mukdahan,71.65
2021,Oct,Nakhon Phanom,132.85
2021,Oct,Nakhon Ratchasima,262.35
2021,Oct,Nakhon Sawan,133.05
2021,Oct,Nang Rong,203.2
2021,Oct,Narathiwat,108.2
2021,Oct,Nong Khai,45.6
2021,Oct,Phayao,205.15
2021,Oct,Phetchabun,182.55
2021,Oct,Phetchaburi,216.65
2021,Oct,Phitsanulok,272.25
2021,Oct,Prachin Buri,218.6
2021,Oct,Ranong,317.75
2021,Oct,Rayong,258.25
2021,Oct,Roi Et,47.8
2021,Oct,Sakon Nakhon,46.7
2021,Oct,Satun,342.1
2021,Oct,Songkhla,206.1
2021,Oct,Suphan Buri,181.2
2021,Oct,Surin,91.95
2021,Oct,Tha Tum,27.7
2021,Oct,Ubon Ratchathani,175.65
2021,Oct,Uttaradit,232.05
2021,Oct,Wichian Buri,160.14999999999998
2021,Oct,กรุงเทพมหานคร,328.0
2021,Oct,กาญจนบุรี,258.54999999999995
2021,Oct,กำแพงเพชร,235.4
2021,Oct,ขอนแก่น,125.6
2021,Oct,จันทบุรี,688.0
2021,Oct,ฉะเชิงเทรา,276.5
2021,Oct,ชลบุรี,171.9
2021,Oct,ชัยนาท,223.2
2021,Oct,ชัยภูมิ,82.75
2021,Oct,ชุมพร,384.4
2021,Oct,ตรัง,0.8
2021,Oct,ตราด,405.45
2021,Oct,ตาก,181.47500000000002
2021,Oct,นครพนม,308.1
2021,Oct,นครราชสีมา,138.4
2021,Oct,นครศรีธรรมราช,245.6
2021,Oct,นครสวรรค์,134.0
2021,Oct,นราธิวาส,108.2
2021,Oct,น่าน,123.5
2021,Oct,บุรีรัมย์,203.2
2021,Oct,ปทุมธานี,209.1
2021,Oct,ประจวบคีรีขันธ์,341.8
2021,Oct,ปราจีนบุรี,200.0
2021,Oct,ปัตตานี,188.3
2021,Oct,พระนครศรีอยุธยา,282.6
2021,Oct,พะเยา,205.15
2021,Oct,พังงา,0.6499999999999999
2021,Oct,พัทลุง,327.1
2021,Oct,พิจิตร,0.0
2021,Oct,พิษณุโลก,272.25
2021,Oct,ภูเก็ต,297.6
2021,Oct,มหาสารคาม,120.9
2021,Oct,มุกดาหาร,71.65
2021,Oct,ยะลา,88.2
2021,Oct,ระนอง,317.75
2021,Oct,ระยอง,288.0
2021,Oct,ราชบุรี,0.0
2021,Oct,ร้อยเอ็ด,147.9
2021,Oct,ลพบุรี,153.46249999999998
2021,Oct,ลำปาง,186.55
2021,Oct,ลำพูน,161.35
2021,Oct,ศรีสะเกษ,249.0
2021,Oct,สกลนคร,252.6
2021,Oct,สงขลา,156.7
2021,Oct,สตูล,342.1
2021,Oct,สระแก้ว,144.65
2021,Oct,สุพรรณบุรี,181.2
2021,Oct,สุราษฎร์ธานี,106.95
2021,Oct,สุรินทร์,262.3
2021,Oct,หนองคาย,45.6
2021,Oct,อุดรธานี,1.0
2021,Oct,อุตรดิตถ์,232.05
2021,Oct,อุบลราชธานี,186.7
2021,Oct,เชียงราย,210.0
2021,Oct,เชียงใหม่,195.6
2021,Oct,เพชรบุรี,216.65
2021,Oct,เพชรบูรณ์,167.14999999999998
2021,Oct,เลย,280.6
2021,Oct,แพร่,125.85
2021,Oct,แม่ฮ่องสอน,109.65
2021,Sep,Chok Chai,230.23333333333332
2021,Sep,Hua Hin,59.9
2021,Sep,Kabin Buri,362.4
2021,Sep,Khlong Yai,1099.9666666666667
2021,Sep,Kosum Phisai,256.0
2021,Sep,Lampang,393.8
2021,Sep,Lamphun,322.8333333333333
2021,Sep,Lom Sak,261.90000000000003
2021,Sep,Lop Buri,303.4
2021,Sep,Mae Sariang,297.2
2021,Sep,Mae Sot,308.3333333333333
2021,Sep,Mukdahan,463.4
2021,Sep,Nakhon Phanom,473.26666666666665
2021,Sep,Nakhon Ratchasima,236.33333333333331
2021,Sep,Nakhon Sawan,234.2
2021,Sep,Nang Rong,254.46666666666667
2021,Sep,Narathiwat,209.6
2021,Sep,Nong Khai,395.7
2021,Sep,Phayao,331.53333333333336
2021,Sep,Phetchabun,252.2
2021,Sep,Phetchaburi,129.03333333333333
2021,Sep,Phitsanulok,285.03333333333336
2021,Sep,Prachin Buri,445.8
2021,Sep,Ranong,829.5
2021,Sep,Rayong,319.40000000000003
2021,Sep,Roi Et,341.1666666666667
2021,Sep,Sakon Nakhon,387.2
2021,Sep,Satun,408.7
2021,Sep,Songkhla,154.96666666666667
2021,Sep,Suphan Buri,208.83333333333331
2021,Sep,Surin,412.3666666666666
2021,Sep,Tha Tum,27.633333333333336
2021,Sep,Ubon Ratchathani,585.5333333333333
2021,Sep,Uttaradit,359.6666666666667
2021,Sep,Wichian Buri,384.4666666666667
2021,Sep,กรุงเทพมหานคร,252.9
2021,Sep,กาญจนบุรี,151.33333333333334
2021,Sep,กำแพงเพชร,331.8333333333333
2021,Sep,ขอนแก่น,413.8333333333333
2021,Sep,จันทบุรี,568.5
2021,Sep,ฉะเชิงเทรา,0.0
2021,Sep,ชลบุรี,328.1333333333333
2021,Sep,ชัยนาท,0.0
2021,Sep,ชัยภูมิ,394.6333333333334
2021,Sep,ชุมพร,188.5
2021,Sep,ตรัง,0.1666666666666666
2021,Sep,ตราด,1099.9666666666667
2021,Sep,ตาก,171.75
2021,Sep,นครพนม,473.26666666666665
2021,Sep,นครราชสีมา,233.28333333333333
2021,Sep,นครศรีธรรมราช,0.0
2021,Sep,นครสวรรค์,234.2
2021,Sep,นราธิวาส,209.6
2021,Sep,น่าน,274.93333333333334
2021,Sep,บุรีรัมย์,254.46666666666667
2021,Sep,ปทุมธานี,0.0
2021,Sep,ประจวบคีรีขันธ์,59.9
2021,Sep,ปราจีนบุรี,404.1000000000001
2021,Sep,ปัตตานี,169.23333333333332
2021,Sep,พระนครศรีอยุธยา,0.0
2021,Sep,พะเยา,331.53333333333336
2021,Sep,พังงา,0.3
2021,Sep,พัทลุง,0.0
2021,Sep,พิจิตร,0.0
2021,Sep,พิษณุโลก,285.03333333333336
2021,Sep,ภูเก็ต,512.35
2021,Sep,มหาสารคาม,256.0
2021,Sep,มุกดาหาร,463.4
2021,Sep,ยะลา,0.0
2021,Sep,ระนอง,829.5
2021,Sep,ระยอง,319.40000000000003
2021,Sep,ราชบุรี,0.0
2021,Sep,ร้อยเอ็ด,341.1666666666667
2021,Sep,ลพบุรี,313.90000000000003
2021,Sep,ลำปาง,393.8
2021,Sep,ลำพูน,322.8333333333333
2021,Sep,ศรีสะเกษ,0.0
2021,Sep,สกลนคร,387.2
2021,Sep,สงขลา,154.96666666666667
2021,Sep,สตูล,408.7
2021,Sep,สระแก้ว,280.40000000000003
2021,Sep,สุพรรณบุรี,208.83333333333331
2021,Sep,สุราษฎร์ธานี,0.2
2021,Sep,สุรินทร์,412.3666666666666
2021,Sep,หนองคาย,395.7
2021,Sep,อุดรธานี,0.1333333333333333
2021,Sep,อุตรดิตถ์,359.6666666666667
2021,Sep,อุบลราชธานี,585.5333333333333
2021,Sep,เชียงราย,262.6666666666667
2021,Sep,เชียงใหม่,407.6666666666667
2021,Sep,เพชรบุรี,129.03333333333333
2021,Sep,เพชรบูรณ์,299.5222222222222
2021,Sep,เลย,305.1666666666667
2021,Sep,แพร่,303.1
2021,Sep,แม่ฮ่องสอน,297.2
2022,Apr,Chok Chai,87.75
2022,Apr,Hua Hin,34.099999999999994
2022,Apr,Kabin Buri,132.0
2022,Apr,Khlong Yai,212.8
2022,Apr,Kosum Phisai,91.8
2022,Apr,Lampang,72.6
2022,Apr,Lamphun,48.400000000000006
2022,Apr,Lom Sak,47.3
2022,Apr,Lop Buri,70.9
2022,Apr,Mae Sariang,96.8
2022,Apr,Mae Sot,70.35
2022,Apr,Mukdahan,63.2
2022,Apr,Nakhon Phanom,171.85000000000002
2022,Apr,Nakhon Ratchasima,89.0
2022,Apr,Nakhon Sawan,160.3
2022,Apr,Nang Rong,160.9
2022,Apr,Narathiwat,178.14999999999998
2022,Apr,Nong Khai,142.45
2022,Apr,Phayao,178.05
2022,Apr,Phetchabun,63.7
2022,Apr,Phetchaburi,37.7
2022,Apr,Phitsanulok,78.2
2022,Apr,Prachin Buri,83.19999999999999
2022,Apr,Ranong,242.0
2022,Apr,Rayong,90.25
2022,Apr,Roi Et,154.7
2022,Apr,Sakon Nakhon,113.5
2022,Apr,Satun,295.54999999999995
2022,Apr,Songkhla,162.7
2022,Apr,Suphan Buri,130.95
2022,Apr,Surin,171.6
2022,Apr,Tha Tum,28.5
2022,Apr,Ubon Ratchathani,90.4
2022,Apr,Uttaradit,88.3
2022,Apr,Wichian Buri,106.95
2022,Apr,กรุงเทพมหานคร,145.35
2022,Apr,กาญจนบุรี,77.55
2022,Apr,กำแพงเพชร,147.35
2022,Apr,ขอนแก่น,140.45
2022,Apr,จันทบุรี,165.25
2022,Apr,ฉะเชิงเทรา,0.0
2022,Apr,ชลบุรี,139.9
2022,Apr,ชัยนาท,0.0
2022,Apr,ชัยภูมิ,76.25
2022,Apr,ชุมพร,130.65
2022,Apr,ตรัง,0.0
2022,Apr,ตราด,212.8
2022,Apr,ตาก,12.175
2022,Apr,นครพนม,171.85000000000002
2022,Apr,นครราชสีมา,88.375
2022,Apr,นครศรีธรรมราช,0.0
2022,Apr,นครสวรรค์,160.3
2022,Apr,นราธิวาส,178.14999999999998
2022,Apr,น่าน,91.4
2022,Apr,บุรีรัมย์,160.9
2022,Apr,ปทุมธานี,0.0
2022,Apr,ประจวบคีรีขันธ์,34.099999999999994
2022,Apr,ปราจีนบุรี,107.6
2022,Apr,ปัตตานี,78.5
2022,Apr,พระนครศรีอยุธยา,0.0
2022,Apr,พะเยา,178.05
2022,Apr,พังงา,0.0
2022,Apr,พัทลุง,0.0
2022,Apr,พิจิตร,0.0
2022,Apr,พิษณุโลก,78.2
2022,Apr,ภูเก็ต,153.4
2022,Apr,มหาสารคาม,91.8
2022,Apr,มุกดาหาร,63.2
2022,Apr,ยะลา,0.0
2022,Apr,ระนอง,242.0
2022,Apr,ระยอง,90.25
2022,Apr,ราชบุรี,0.0
2022,Apr,ร้อยเอ็ด,154.7
2022,Apr,ลพบุรี,88.4125
2022,Apr,ลำปาง,72.6
2022,Apr,ลำพูน,48.400000000000006
2022,Apr,ศรีสะเกษ,0.0
2022,Apr,สกลนคร,113.5
2022,Apr,สงขลา,162.7
2022,Apr,สตูล,295.54999999999995
2022,Apr,สระแก้ว,96.35
2022,Apr,สุพรรณบุรี,130.95
2022,Apr,สุราษฎร์ธานี,0.0
2022,Apr,สุรินทร์,171.6
2022,Apr,หนองคาย,142.45
2022,Apr,อุดรธานี,0.0
2022,Apr,อุตรดิตถ์,88.3
2022,Apr,อุบลราชธานี,90.4
2022,Apr,เชียงราย,146.5
2022,Apr,เชียงใหม่,140.95
2022,Apr,เพชรบุรี,37.7
2022,Apr,เพชรบูรณ์,72.64999999999999
2022,Apr,เลย,89.05
2022,Apr,แพร่,60.650000000000006
2022,Apr,แม่ฮ่องสอน,96.8
2022,Aug,Chok Chai,200.2
2022,Aug,Hua Hin,75.1
2022,Aug,Kabin Buri,365.1
2022,Aug,Khlong Yai,1011.9
2022,Aug,Kosum Phisai,336.4
2022,Aug,Lampang,203.0
2022,Aug,Lamphun,312.1
2022,Aug,Lom Sak,165.4
2022,Aug,Lop Buri,303.9
2022,Aug,Mae Sariang,233.0
2022,Aug,Mae Sot,319.2
2022,Aug,Mukdahan,373.9
2022,Aug,Nakhon Phanom,560.8
2022,Aug,Nakhon Ratchasima,125.2
2022,Aug,Nakhon Sawan,233.2
2022,Aug,Nang Rong,212.8
2022,Aug,Narathiwat,232.1
2022,Aug,Nong Khai,329.6
2022,Aug,Phayao,157.6
2022,Aug,Phetchabun,209.0
2022,Aug,Phetchaburi,108.0
2022,Aug,Phitsanulok,312.1
2022,Aug,Prachin Buri,600.6
2022,Aug,Ranong,394.6
2022,Aug,Rayong,205.5
2022,Aug,Roi Et,241.9
2022,Aug,Sakon Nakhon,182.4
2022,Aug,Satun,133.3
2022,Aug,Songkhla,42.9
2022,Aug,Suphan Buri,223.5
2022,Aug,Surin,328.1
2022,Aug,Tha Tum,27.9
2022,Aug,Ubon Ratchathani,557.2
2022,Aug,Uttaradit,254.8
2022,Aug,Wichian Buri,228.5
2022,Aug,กรุงเทพมหานคร,183.6
2022,Aug,กาญจนบุรี,101.4
2022,Aug,กำแพงเพชร,265.8
2022,Aug,ขอนแก่น,272.7
2022,Aug,จันทบุรี,583.0
2022,Aug,ฉะเชิงเทรา,188.8
2022,Aug,ชลบุรี,187.2
2022,Aug,ชัยนาท,173.0
2022,Aug,ชัยภูมิ,205.1
2022,Aug,ชุมพร,57.0
2022,Aug,ตรัง,0.3
2022,Aug,ตราด,1011.9
2022,Aug,ตาก,117.85
2022,Aug,นครพนม,560.8
2022,Aug,นครราชสีมา,162.7
2022,Aug,นครศรีธรรมราช,229.7
2022,Aug,นครสวรรค์,233.2
2022,Aug,นราธิวาส,232.1
2022,Aug,น่าน,245.4
2022,Aug,บุรีรัมย์,212.8
2022,Aug,ปทุมธานี,182.6
2022,Aug,ประจวบคีรีขันธ์,75.1
2022,Aug,ปราจีนบุรี,482.85
2022,Aug,ปัตตานี,198.0
2022,Aug,พระนครศรีอยุธยา,124.0
2022,Aug,พะเยา,157.6
2022,Aug,พังงา,0.1
2022,Aug,พัทลุง,58.3
2022,Aug,พิจิตร,0.0
2022,Aug,พิษณุโลก,312.1
2022,Aug,ภูเก็ต,428.45
2022,Aug,มหาสารคาม,336.4
2022,Aug,มุกดาหาร,373.9
2022,Aug,ยะลา,204.2
2022,Aug,ระนอง,394.6
2022,Aug,ระยอง,205.5
2022,Aug,ราชบุรี,0.0
2022,Aug,ร้อยเอ็ด,241.9
2022,Aug,ลพบุรี,203.175
2022,Aug,ลำปาง,203.0
2022,Aug,ลำพูน,312.1
2022,Aug,ศรีสะเกษ,170.2
2022,Aug,สกลนคร,182.4
2022,Aug,สงขลา,42.9
2022,Aug,สตูล,133.3
2022,Aug,สระแก้ว,371.3
2022,Aug,สุพรรณบุรี,223.5
2022,Aug,สุราษฎร์ธานี,0.4
2022,Aug,สุรินทร์,328.1
2022,Aug,หนองคาย,329.6
2022,Aug,อุดรธานี,0.2
2022,Aug,อุตรดิตถ์,254.8
2022,Aug,อุบลราชธานี,557.2
2022,Aug,เชียงราย,505.8
2022,Aug,เชียงใหม่,262.1
2022,Aug,เพชรบุรี,108.0
2022,Aug,เพชรบูรณ์,200.96666666666667
2022,Aug,เลย,237.9
2022,Aug,แพร่,193.0
2022,Aug,แม่ฮ่องสอน,233.0
2022,Dec,Chok Chai,0.1
2022,Dec,Hua Hin,0.0
2022,Dec,Kabin Buri,0.6
2022,Dec,Khlong Yai,1.2
2022,Dec,Kosum Phisai,0.0
2022,Dec,Lampang,8.1
2022,Dec,Lamphun,8.4
2022,Dec,Lom Sak,0.0
2022,Dec,Lop Buri,0.0
2022,Dec,Mae Sariang,17.5
2022,Dec,Mae Sot,0.0
2022,Dec,Mukdahan,0.0
2022,Dec,Nakhon Phanom,0.0
2022,Dec,Nakhon Ratchasima,0.0
2022,Dec,Nakhon Sawan,0.3
2022,Dec,Nang Rong,0.0
2022,Dec,Narathiwat,1324.6
2022,Dec,Nong Khai,0.0
2022,Dec,Phayao,16.8
2022,Dec,Phetchabun,0.0
2022,Dec,Phetchaburi,0.5
2022,Dec,Phitsanulok,38.8
2022,Dec,Prachin Buri,0.0
2022,Dec,Ranong,99.3
2022,Dec,Rayong,0.0
2022,Dec,Roi Et,0.0
2022,Dec,Sakon Nakhon,0.0
2022,Dec,Satun,106.5
2022,Dec,Songkhla,1052.9
2022,Dec,Suphan Buri,7.5
2022,Dec,Surin,0.0
2022,Dec,Tha Tum,23.7
2022,Dec,Ubon Ratchathani,0.0
2022,Dec,Uttaradit,0.0
2022,Dec,Wichian Buri,0.0
2022,Dec,กรุงเทพมหานคร,6.0
2022,Dec,กาญจนบุรี,0.0
2022,Dec,กำแพงเพชร,1.2
2022,Dec,ขอนแก่น,0.0
2022,Dec,จันทบุรี,0.6
2022,Dec,ฉะเชิงเทรา,0.1
2022,Dec,ชลบุรี,0.0
2022,Dec,ชัยนาท,0.0
2022,Dec,ชัยภูมิ,0.0
2022,Dec,ชุมพร,171.7
2022,Dec,ตรัง,0.0
2022,Dec,ตราด,1.2
2022,Dec,ตาก,1.05
2022,Dec,นครพนม,0.0
2022,Dec,นครราชสีมา,0.05
2022,Dec,นครศรีธรรมราช,473.5
2022,Dec,นครสวรรค์,0.3
2022,Dec,นราธิวาส,1324.6
2022,Dec,น่าน,0.1
2022,Dec,บุรีรัมย์,0.0
2022,Dec,ปทุมธานี,0.0
2022,Dec,ประจวบคีรีขันธ์,0.0
2022,Dec,ปราจีนบุรี,0.3
2022,Dec,ปัตตานี,843.1
2022,Dec,พระนครศรีอยุธยา,0.0
2022,Dec,พะเยา,16.8
2022,Dec,พังงา,0.0
2022,Dec,พัทลุง,210.0
2022,Dec,พิจิตร,0.0
2022,Dec,พิษณุโลก,38.8
2022,Dec,ภูเก็ต,100.35
2022,Dec,มหาสารคาม,0.0
2022,Dec,มุกดาหาร,0.0
2022,Dec,ยะลา,343.8
2022,Dec,ระนอง,99.3
2022,Dec,ระยอง,0.0
2022,Dec,ราชบุรี,0.0
2022,Dec,ร้อยเอ็ด,0.0
2022,Dec,ลพบุรี,0.0
2022,Dec,ลำปาง,8.1
2022,Dec,ลำพูน,8.4
2022,Dec,ศรีสะเกษ,4.1
2022,Dec,สกลนคร,0.0
2022,Dec,สงขลา,1052.9
2022,Dec,สตูล,106.5
2022,Dec,สระแก้ว,0.2
2022,Dec,สุพรรณบุรี,7.5
2022,Dec,สุราษฎร์ธานี,0.0
2022,Dec,สุรินทร์,0.0
2022,Dec,หนองคาย,0.0
2022,Dec,อุดรธานี,0.0
2022,Dec,อุตรดิตถ์,0.0
2022,Dec,อุบลราชธานี,0.0
2022,Dec,เชียงราย,0.4
2022,Dec,เชียงใหม่,69.1
2022,Dec,เพชรบุรี,0.5
2022,Dec,เพชรบูรณ์,0.0
2022,Dec,เลย,0.0
2022,Dec,แพร่,0.8
2022,Dec,แม่ฮ่องสอน,17.5
2022,Feb,Chok Chai,37.9
2022,Feb,Hua Hin,172.7
2022,Feb,Kabin Buri,42.0
2022,Feb,Khlong Yai,156.1
2022,Feb,Kosum Phisai,20.7
2022,Feb,Lampang,15.0
2022,Feb,Lamphun,33.3
2022,Feb,Lom Sak,13.5
2022,Feb,Lop Buri,20.5
2022,Feb,Mae Sariang,6.8
2022,Feb,Mae Sot,46.6
2022,Feb,Mukdahan,36.6
2022,Feb,Nakhon Phanom,21.7
2022,Feb,Nakhon Ratchasima,8.1
2022,Feb,Nakhon Sawan,71.4
2022,Feb,Nang Rong,71.6
2022,Feb,Narathiwat,536.1
2022,Feb,Nong Khai,148.4
2022,Feb,Phayao,26.6
2022,Feb,Phetchabun,26.3
2022,Feb,Phetchaburi,158.9
2022,Feb,Phitsanulok,114.6
2022,Feb,Prachin Buri,70.6
2022,Feb,Ranong,156.8
2022,Feb,Rayong,47.3
2022,Feb,Roi Et,8.8
2022,Feb,Sakon Nakhon,38.8
2022,Feb,Satun,117.9
2022,Feb,Songkhla,230.4
2022,Feb,Suphan Buri,17.4
2022,Feb,Surin,71.5
2022,Feb,Tha Tum,25.4
2022,Feb,Ubon Ratchathani,42.2
2022,Feb,Uttaradit,94.0
2022,Feb,Wichian Buri,13.4
2022,Feb,กรุงเทพมหานคร,95.3
2022,Feb,กาญจนบุรี,130.8
2022,Feb,กำแพงเพชร,137.6
2022,Feb,ขอนแก่น,45.2
2022,Feb,จันทบุรี,117.2
2022,Feb,ฉะเชิงเทรา,28.7
2022,Feb,ชลบุรี,50.6
2022,Feb,ชัยนาท,0.0
2022,Feb,ชัยภูมิ,23.7
2022,Feb,ชุมพร,291.8
2022,Feb,ตรัง,0.0
2022,Feb,ตราด,156.1
2022,Feb,ตาก,53.2
2022,Feb,นครพนม,21.7
2022,Feb,นครราชสีมา,23.0
2022,Feb,นครศรีธรรมราช,2.0
2022,Feb,นครสวรรค์,71.4
2022,Feb,นราธิวาส,536.1
2022,Feb,น่าน,40.9
2022,Feb,บุรีรัมย์,71.6
2022,Feb,ปทุมธานี,0.1
2022,Feb,ประจวบคีรีขันธ์,172.7
2022,Feb,ปราจีนบุรี,56.3
2022,Feb,ปัตตานี,370.0
2022,Feb,พระนครศรีอยุธยา,3.8
2022,Feb,พะเยา,26.6
2022,Feb,พังงา,0.2
2022,Feb,พัทลุง,7.7
2022,Feb,พิจิตร,16.5
2022,Feb,พิษณุโลก,114.6
2022,Feb,ภูเก็ต,107.75
2022,Feb,มหาสารคาม,20.7
2022,Feb,มุกดาหาร,36.6
2022,Feb,ยะลา,2.7
2022,Feb,ระนอง,156.8
2022,Feb,ระยอง,47.3
2022,Feb,ราชบุรี,12.1
2022,Feb,ร้อยเอ็ด,8.8
2022,Feb,ลพบุรี,6.625
2022,Feb,ลำปาง,15.0
2022,Feb,ลำพูน,33.3
2022,Feb,ศรีสะเกษ,1.0
2022,Feb,สกลนคร,38.8
2022,Feb,สงขลา,230.4
2022,Feb,สตูล,117.9
2022,Feb,สระแก้ว,131.1
2022,Feb,สุพรรณบุรี,17.4
2022,Feb,สุราษฎร์ธานี,0.0
2022,Feb,สุรินทร์,71.5
2022,Feb,หนองคาย,148.4
2022,Feb,อุดรธานี,0.0
2022,Feb,อุตรดิตถ์,94.0
2022,Feb,อุบลราชธานี,42.2
2022,Feb,เชียงราย,41.5
2022,Feb,เชียงใหม่,33.9
2022,Feb,เพชรบุรี,158.9
2022,Feb,เพชรบูรณ์,17.733333333333334
2022,Feb,เลย,74.1
2022,Feb,แพร่,48.8
2022,Feb,แม่ฮ่องสอน,6.8
2022,Jan,Chok Chai,0.1
2022,Jan,Hua Hin,19.9
2022,Jan,Kabin Buri,5.7
2022,Jan,Khlong Yai,52.3
2022,Jan,Kosum Phisai,0.0
2022,Jan,Lampang,35.8
2022,Jan,Lamphun,25.7
2022,Jan,Lom Sak,16.5
2022,Jan,Lop Buri,4.4
2022,Jan,Mae Sariang,17.6
2022,Jan,Mae Sot,27.9
2022,Jan,Mukdahan,4.6
2022,Jan,Nakhon Phanom,6.5
2022,Jan,Nakhon Ratchasima,1.9
2022,Jan,Nakhon Sawan,28.9
2022,Jan,Nang Rong,0.8
2022,Jan,Narathiwat,29.4
2022,Jan,Nong Khai,26.2
2022,Jan,Phayao,29.5
2022,Jan,Phetchabun,12.7
2022,Jan,Phetchaburi,50.7
2022,Jan,Phitsanulok,1.7
2022,Jan,Prachin Buri,7.0
2022,Jan,Ranong,13.8
2022,Jan,Rayong,47.4
2022,Jan,Roi Et,14.0
2022,Jan,Sakon Nakhon,1.6
2022,Jan,Satun,1.2
2022,Jan,Songkhla,91.6
2022,Jan,Suphan Buri,0.4
2022,Jan,Surin,1.0
2022,Jan,Tha Tum,25.4
2022,Jan,Ubon Ratchathani,2.0
2022,Jan,Uttaradit,10.1
2022,Jan,Wichian Buri,11.2
2022,Jan,กรุงเทพมหานคร,29.1
2022,Jan,กาญจนบุรี,1.4
2022,Jan,กำแพงเพชร,15.1
2022,Jan,ขอนแก่น,3.8
2022,Jan,จันทบุรี,19.7
2022,Jan,ฉะเชิงเทรา,0.0
2022,Jan,ชลบุรี,1.8
2022,Jan,ชัยนาท,0.0
2022,Jan,ชัยภูมิ,24.1
2022,Jan,ชุมพร,20.7
2022,Jan,ตรัง,0.3
2022,Jan,ตราด,52.3
2022,Jan,ตาก,1.6
2022,Jan,นครพนม,6.5
2022,Jan,นครราชสีมา,1.0
2022,Jan,นครศรีธรรมราช,0.0
2022,Jan,นครสวรรค์,28.9
2022,Jan,นราธิวาส,29.4
2022,Jan,น่าน,11.2
2022,Jan,บุรีรัมย์,0.8
2022,Jan,ปทุมธานี,0.0
2022,Jan,ประจวบคีรีขันธ์,19.9
2022,Jan,ปราจีนบุรี,6.35
2022,Jan,ปัตตานี,1.1
2022,Jan,พระนครศรีอยุธยา,0.0
2022,Jan,พะเยา,29.5
2022,Jan,พังงา,0.8
2022,Jan,พัทลุง,0.0
2022,Jan,พิจิตร,0.0
2022,Jan,พิษณุโลก,1.7
2022,Jan,ภูเก็ต,18.7
2022,Jan,มหาสารคาม,0.0
2022,Jan,มุกดาหาร,4.6
2022,Jan,ยะลา,0.0
2022,Jan,ระนอง,13.8
2022,Jan,ระยอง,47.4
2022,Jan,ราชบุรี,0.0
2022,Jan,ร้อยเอ็ด,14.0
2022,Jan,ลพบุรี,50.150000000000006
2022,Jan,ลำปาง,35.8
2022,Jan,ลำพูน,25.7
2022,Jan,ศรีสะเกษ,0.0
2022,Jan,สกลนคร,1.6
2022,Jan,สงขลา,91.6
2022,Jan,สตูล,1.2
2022,Jan,สระแก้ว,9.5
2022,Jan,สุพรรณบุรี,0.4
2022,Jan,สุราษฎร์ธานี,0.4
2022,Jan,สุรินทร์,1.0
2022,Jan,หนองคาย,26.2
2022,Jan,อุดรธานี,1.1
2022,Jan,อุตรดิตถ์,10.1
2022,Jan,อุบลราชธานี,2.0
2022,Jan,เชียงราย,89.0
2022,Jan,เชียงใหม่,26.7
2022,Jan,เพชรบุรี,50.7
2022,Jan,เพชรบูรณ์,13.466666666666669
2022,Jan,เลย,13.4
2022,Jan,แพร่,25.8
2022,Jan,แม่ฮ่องสอน,17.6
2022,Jul,Chok Chai,225.7
2022,Jul,Hua Hin,70.4
2022,Jul,Kabin Buri,185.8
2022,Jul,Khlong Yai,1547.8
2022,Jul,Kosum Phisai,179.4
2022,Jul,Lampang,173.2
2022,Jul,Lamphun,121.0
2022,Jul,Lom Sak,209.5
2022,Jul,Lop Buri,91.5
2022,Jul,Mae Sariang,158.0
2022,Jul,Mae Sot,136.9
2022,Jul,Mukdahan,319.9
2022,Jul,Nakhon Phanom,273.6
2022,Jul,Nakhon Ratchasima,243.3
2022,Jul,Nakhon Sawan,250.1
2022,Jul,Nang Rong,419.2
2022,Jul,Narathiwat,238.5
2022,Jul,Nong Khai,450.9
2022,Jul,Phayao,129.1
2022,Jul,Phetchabun,297.0
2022,Jul,Phetchaburi,91.4
2022,Jul,Phitsanulok,195.5
2022,Jul,Prachin Buri,341.2
2022,Jul,Ranong,889.5
2022,Jul,Rayong,150.6
2022,Jul,Roi Et,263.4
2022,Jul,Sakon Nakhon,223.7
2022,Jul,Satun,232.9
2022,Jul,Songkhla,91.3
2022,Jul,Suphan Buri,182.8
2022,Jul,Surin,239.7
2022,Jul,Tha Tum,28.2
2022,Jul,Ubon Ratchathani,429.1
2022,Jul,Uttaradit,228.5
2022,Jul,Wichian Buri,177.9
2022,Jul,กรุงเทพมหานคร,184.3
2022,Jul,กาญจนบุรี,94.1
2022,Jul,กำแพงเพชร,145.3
2022,Jul,ขอนแก่น,281.2
2022,Jul,จันทบุรี,550.5
2022,Jul,ฉะเชิงเทรา,0.0
2022,Jul,ชลบุรี,223.0
2022,Jul,ชัยนาท,0.0
2022,Jul,ชัยภูมิ,417.7
2022,Jul,ชุมพร,263.7
2022,Jul,ตรัง,0.5
2022,Jul,ตราด,1547.8
2022,Jul,ตาก,68.35
2022,Jul,นครพนม,273.6
2022,Jul,นครราชสีมา,234.5
2022,Jul,นครศรีธรรมราช,0.0
2022,Jul,นครสวรรค์,250.1
2022,Jul,นราธิวาส,238.5
2022,Jul,น่าน,268.9
2022,Jul,บุรีรัมย์,419.2
2022,Jul,ปทุมธานี,0.0
2022,Jul,ประจวบคีรีขันธ์,70.4
2022,Jul,ปราจีนบุรี,263.5
2022,Jul,ปัตตานี,185.6
2022,Jul,พระนครศรีอยุธยา,0.0
2022,Jul,พะเยา,129.1
2022,Jul,พังงา,0.0
2022,Jul,พัทลุง,0.0
2022,Jul,พิจิตร,0.0
2022,Jul,พิษณุโลก,195.5
2022,Jul,ภูเก็ต,372.8
2022,Jul,มหาสารคาม,179.4
2022,Jul,มุกดาหาร,319.9
2022,Jul,ยะลา,0.0
2022,Jul,ระนอง,889.5
2022,Jul,ระยอง,150.6
2022,Jul,ราชบุรี,0.0
2022,Jul,ร้อยเอ็ด,263.4
2022,Jul,ลพบุรี,135.375
2022,Jul,ลำปาง,173.2
2022,Jul,ลำพูน,121.0
2022,Jul,ศรีสะเกษ,0.0
2022,Jul,สกลนคร,223.7
2022,Jul,สงขลา,91.3
2022,Jul,สตูล,232.9
2022,Jul,สระแก้ว,131.7
2022,Jul,สุพรรณบุรี,182.8
2022,Jul,สุราษฎร์ธานี,0.0
2022,Jul,สุรินทร์,239.7
2022,Jul,หนองคาย,450.9
2022,Jul,อุดรธานี,0.5
2022,Jul,อุตรดิตถ์,228.5
2022,Jul,อุบลราชธานี,429.1
2022,Jul,เชียงราย,302.1
2022,Jul,เชียงใหม่,171.7
2022,Jul,เพชรบุรี,91.4
2022,Jul,เพชรบูรณ์,228.13333333333333
2022,Jul,เลย,359.2
2022,Jul,แพร่,247.4
2022,Jul,แม่ฮ่องสอน,158.0
2022,Jun,Chok Chai,126.35
2022,Jun,Hua Hin,30.85
2022,Jun,Kabin Buri,267.29999999999995
2022,Jun,Khlong Yai,819.05
2022,Jun,Kosum Phisai,145.9
2022,Jun,Lampang,116.85
2022,Jun,Lamphun,103.5
2022,Jun,Lom Sak,104.05
2022,Jun,Lop Buri,65.7
2022,Jun,Mae Sariang,124.05
2022,Jun,Mae Sot,265.25
2022,Jun,Mukdahan,137.89999999999998
2022,Jun,Nakhon Phanom,414.05
2022,Jun,Nakhon Ratchasima,90.5
2022,Jun,Nakhon Sawan,83.8
2022,Jun,Nang Rong,177.4
2022,Jun,Narathiwat,198.05
2022,Jun,Nong Khai,339.9
2022,Jun,Phayao,113.85
2022,Jun,Phetchabun,135.5
2022,Jun,Phetchaburi,28.15
2022,Jun,Phitsanulok,102.45
2022,Jun,Prachin Buri,175.75
2022,Jun,Ranong,519.55
2022,Jun,Rayong,83.0
2022,Jun,Roi Et,167.64999999999998
2022,Jun,Sakon Nakhon,273.95
2022,Jun,Satun,135.14999999999998
2022,Jun,Songkhla,96.85
2022,Jun,Suphan Buri,51.75
2022,Jun,Surin,190.15
2022,Jun,Tha Tum,29.35
2022,Jun,Ubon Ratchathani,256.85
2022,Jun,Uttaradit,91.3
2022,Jun,Wichian Buri,161.4
2022,Jun,กรุงเทพมหานคร,138.79999999999998
2022,Jun,กาญจนบุรี,62.25
2022,Jun,กำแพงเพชร,124.5
2022,Jun,ขอนแก่น,150.70000000000002
2022,Jun,จันทบุรี,396.4666666666666
2022,Jun,ฉะเชิงเทรา,75.2
2022,Jun,ชลบุรี,67.45
2022,Jun,ชัยนาท,27.6
2022,Jun,ชัยภูมิ,53.7
2022,Jun,ชุมพร,124.03333333333336
2022,Jun,ตรัง,0.7
2022,Jun,ตราด,819.05
2022,Jun,ตาก,22.224999999999998
2022,Jun,นครพนม,440.9333333333333
2022,Jun,นครราชสีมา,86.81666666666666
2022,Jun,นครศรีธรรมราช,93.0
2022,Jun,นครสวรรค์,83.73333333333333
2022,Jun,นราธิวาส,198.05
2022,Jun,น่าน,161.56666666666666
2022,Jun,บุรีรัมย์,177.4
2022,Jun,ปทุมธานี,68.5
2022,Jun,ประจวบคีรีขันธ์,38.2
2022,Jun,ปราจีนบุรี,221.525
2022,Jun,ปัตตานี,132.25
2022,Jun,พระนครศรีอยุธยา,51.8
2022,Jun,พะเยา,113.85
2022,Jun,พังงา,0.55
2022,Jun,พัทลุง,39.4
2022,Jun,พิจิตร,0.0
2022,Jun,พิษณุโลก,102.45
2022,Jun,ภูเก็ต,268.07500000000005
2022,Jun,มหาสารคาม,145.9
2022,Jun,มุกดาหาร,137.89999999999998
2022,Jun,ยะลา,302.7
2022,Jun,ระนอง,519.55
2022,Jun,ระยอง,93.8
2022,Jun,ราชบุรี,0.0
2022,Jun,ร้อยเอ็ด,179.23333333333335
2022,Jun,ลพบุรี,137.025
2022,Jun,ลำปาง,116.85
2022,Jun,ลำพูน,103.5
2022,Jun,ศรีสะเกษ,140.2
2022,Jun,สกลนคร,256.3666666666666
2022,Jun,สงขลา,112.3
2022,Jun,สตูล,135.14999999999998
2022,Jun,สระแก้ว,110.5
2022,Jun,สุพรรณบุรี,51.75
2022,Jun,สุราษฎร์ธานี,24.150000000000002
2022,Jun,สุรินทร์,197.63333333333333
2022,Jun,หนองคาย,339.9
2022,Jun,อุดรธานี,0.5
2022,Jun,อุตรดิตถ์,91.3
2022,Jun,อุบลราชธานี,257.2
2022,Jun,เชียงราย,199.13333333333333
2022,Jun,เชียงใหม่,86.55000000000001
2022,Jun,เพชรบุรี,28.15
2022,Jun,เพชรบูรณ์,133.65
2022,Jun,เลย,131.43333333333334
2022,Jun,แพร่,87.2
2022,Jun,แม่ฮ่องสอน,124.05
2022,Mar,Chok Chai,91.5
2022,Mar,Hua Hin,33.3
2022,Mar,Kabin Buri,179.3
2022,Mar,Khlong Yai,139.4
2022,Mar,Kosum Phisai,44.7
2022,Mar,Lampang,28.1
2022,Mar,Lamphun,61.8
2022,Mar,Lom Sak,77.8
2022,Mar,Lop Buri,36.5
2022,Mar,Mae Sariang,21.7
2022,Mar,Mae Sot,28.9
2022,Mar,Mukdahan,64.4
2022,Mar,Nakhon Phanom,50.7
2022,Mar,Nakhon Ratchasima,67.4
2022,Mar,Nakhon Sawan,62.9
2022,Mar,Nang Rong,13.6
2022,Mar,Narathiwat,177.3
2022,Mar,Nong Khai,193.3
2022,Mar,Phayao,87.3
2022,Mar,Phetchabun,97.7
2022,Mar,Phetchaburi,24.3
2022,Mar,Phitsanulok,18.2
2022,Mar,Prachin Buri,69.7
2022,Mar,Ranong,206.1
2022,Mar,Rayong,54.1
2022,Mar,Roi Et,112.9
2022,Mar,Sakon Nakhon,62.8
2022,Mar,Satun,324.0
2022,Mar,Songkhla,57.0
2022,Mar,Suphan Buri,18.0
2022,Mar,Surin,187.2
2022,Mar,Tha Tum,28.5
2022,Mar,Ubon Ratchathani,70.3
2022,Mar,Uttaradit,2.7
2022,Mar,Wichian Buri,282.9
2022,Mar,กรุงเทพมหานคร,75.4
2022,Mar,กาญจนบุรี,108.3
2022,Mar,กำแพงเพชร,16.1
2022,Mar,ขอนแก่น,47.4
2022,Mar,จันทบุรี,113.0
2022,Mar,ฉะเชิงเทรา,95.4
2022,Mar,ชลบุรี,117.9
2022,Mar,ชัยนาท,6.1
2022,Mar,ชัยภูมิ,119.7
2022,Mar,ชุมพร,104.0
2022,Mar,ตรัง,0.0
2022,Mar,ตราด,139.4
2022,Mar,ตาก,13.8
2022,Mar,นครพนม,50.7
2022,Mar,นครราชสีมา,79.45
2022,Mar,นครศรีธรรมราช,53.3
2022,Mar,นครสวรรค์,62.9
2022,Mar,นราธิวาส,177.3
2022,Mar,น่าน,194.6
2022,Mar,บุรีรัมย์,13.6
2022,Mar,ปทุมธานี,37.5
2022,Mar,ประจวบคีรีขันธ์,33.3
2022,Mar,ปราจีนบุรี,124.5
2022,Mar,ปัตตานี,99.7
2022,Mar,พระนครศรีอยุธยา,7.3
2022,Mar,พะเยา,87.3
2022,Mar,พังงา,0.0
2022,Mar,พัทลุง,58.7
2022,Mar,พิจิตร,1.0
2022,Mar,พิษณุโลก,18.2
2022,Mar,ภูเก็ต,131.75
2022,Mar,มหาสารคาม,44.7
2022,Mar,มุกดาหาร,64.4
2022,Mar,ยะลา,200.5
2022,Mar,ระนอง,206.1
2022,Mar,ระยอง,54.1
2022,Mar,ราชบุรี,19.9
2022,Mar,ร้อยเอ็ด,112.9
2022,Mar,ลพบุรี,129.875
2022,Mar,ลำปาง,28.1
2022,Mar,ลำพูน,61.8
2022,Mar,ศรีสะเกษ,1.0
2022,Mar,สกลนคร,62.8
2022,Mar,สงขลา,57.0
2022,Mar,สตูล,324.0
2022,Mar,สระแก้ว,104.0
2022,Mar,สุพรรณบุรี,18.0
2022,Mar,สุราษฎร์ธานี,0.0
2022,Mar,สุรินทร์,187.2
2022,Mar,หนองคาย,193.3
2022,Mar,อุดรธานี,0.2
2022,Mar,อุตรดิตถ์,2.7
2022,Mar,อุบลราชธานี,70.3
2022,Mar,เชียงราย,33.9
2022,Mar,เชียงใหม่,47.0
2022,Mar,เพชรบุรี,24.3
2022,Mar,เพชรบูรณ์,152.79999999999998
2022,Mar,เลย,117.7
2022,Mar,แพร่,92.3
2022,Mar,แม่ฮ่องสอน,21.7
2022,May,Chok Chai,98.4
2022,May,Hua Hin,283.2
2022,May,Kabin Buri,150.4
2022,May,Khlong Yai,276.2
2022,May,Kosum Phisai,361.8
2022,May,Lampang,200.4
2022,May,Lamphun,289.7
2022,May,Lom Sak,55.7
2022,May,Lop Buri,68.0
2022,May,Mae Sariang,276.4
2022,May,Mae Sot,394.4
2022,May,Mukdahan,218.2
2022,May,Nakhon Phanom,257.3
2022,May,Nakhon Ratchasima,252.3
2022,May,Nakhon Sawan,116.6
2022,May,Nang Rong,384.4
2022,May,Narathiwat,248.2
2022,May,Nong Khai,270.4
2022,May,Phayao,232.6
2022,May,Phetchabun,94.6
2022,May,Phetchaburi,116.6
2022,May,Phitsanulok,261.5
2022,May,Prachin Buri,215.3
2022,May,Ranong,692.7
2022,May,Rayong,169.9
2022,May,Roi Et,292.1
2022,May,Sakon Nakhon,250.3
2022,May,Satun,232.6
2022,May,Songkhla,167.1
2022,May,Suphan Buri,186.2
2022,May,Surin,270.7
2022,May,Tha Tum,27.5
2022,May,Ubon Ratchathani,347.9
2022,May,Uttaradit,196.3
2022,May,Wichian Buri,193.4
2022,May,กรุงเทพมหานคร,286.0
2022,May,กาญจนบุรี,152.7
2022,May,กำแพงเพชร,405.6
2022,May,ขอนแก่น,192.5
2022,May,จันทบุรี,368.7
2022,May,ฉะเชิงเทรา,57.1
2022,May,ชลบุรี,133.2
2022,May,ชัยนาท,15.5
2022,May,ชัยภูมิ,82.1
2022,May,ชุมพร,477.7
2022,May,ตรัง,0.0
2022,May,ตราด,276.2
2022,May,ตาก,106.9
2022,May,นครพนม,257.3
2022,May,นครราชสีมา,175.35000000000002
2022,May,นครศรีธรรมราช,189.0
2022,May,นครสวรรค์,116.6
2022,May,นราธิวาส,248.2
2022,May,น่าน,174.6
2022,May,บุรีรัมย์,384.4
2022,May,ปทุมธานี,164.4
2022,May,ประจวบคีรีขันธ์,283.2
2022,May,ปราจีนบุรี,182.85
2022,May,ปัตตานี,222.3
2022,May,พระนครศรีอยุธยา,121.0
2022,May,พะเยา,232.6
2022,May,พังงา,0.0
2022,May,พัทลุง,61.9
2022,May,พิจิตร,0.0
2022,May,พิษณุโลก,261.5
2022,May,ภูเก็ต,294.1
2022,May,มหาสารคาม,361.8
2022,May,มุกดาหาร,218.2
2022,May,ยะลา,375.2
2022,May,ระนอง,692.7
2022,May,ระยอง,169.9
2022,May,ราชบุรี,0.0
2022,May,ร้อยเอ็ด,292.1
2022,May,ลพบุรี,160.7
2022,May,ลำปาง,200.4
2022,May,ลำพูน,289.7
2022,May,ศรีสะเกษ,155.4
2022,May,สกลนคร,250.3
2022,May,สงขลา,167.1
2022,May,สตูล,232.6
2022,May,สระแก้ว,145.8
2022,May,สุพรรณบุรี,186.2
2022,May,สุราษฎร์ธานี,0.0
2022,May,สุรินทร์,270.7
2022,May,หนองคาย,270.4
2022,May,อุดรธานี,0.0
2022,May,อุตรดิตถ์,196.3
2022,May,อุบลราชธานี,347.9
2022,May,เชียงราย,247.8
2022,May,เชียงใหม่,392.0
2022,May,เพชรบุรี,116.6
2022,May,เพชรบูรณ์,114.56666666666666
2022,May,เลย,120.0
2022,May,แพร่,191.3
2022,May,แม่ฮ่องสอน,276.4
2022,Nov,Chok Chai,171.7
2022,Nov,Hua Hin,131.4
2022,Nov,Kabin Buri,31.0
2022,Nov,Khlong Yai,147.1
2022,Nov,Kosum Phisai,26.4
2022,Nov,Lampang,25.8
2022,Nov,Lamphun,37.3
2022,Nov,Lom Sak,32.8
2022,Nov,Lop Buri,124.8
2022,Nov,Mae Sariang,73.1
2022,Nov,Mae Sot,6.8
2022,Nov,Mukdahan,51.4
2022,Nov,Nakhon Phanom,29.7
2022,Nov,Nakhon Ratchasima,63.8
2022,Nov,Nakhon Sawan,111.0
2022,Nov,Nang Rong,94.4
2022,Nov,Narathiwat,569.5
2022,Nov,Nong Khai,43.6
2022,Nov,Phayao,11.0
2022,Nov,Phetchabun,44.3
2022,Nov,Phetchaburi,67.9
2022,Nov,Phitsanulok,52.5
2022,Nov,Prachin Buri,71.3
2022,Nov,Ranong,289.9
2022,Nov,Rayong,292.6
2022,Nov,Roi Et,56.9
2022,Nov,Sakon Nakhon,22.9
2022,Nov,Satun,284.3
2022,Nov,Songkhla,435.8
2022,Nov,Suphan Buri,104.9
2022,Nov,Surin,43.6
2022,Nov,Tha Tum,27.0
2022,Nov,Ubon Ratchathani,25.6
2022,Nov,Uttaradit,1.7
2022,Nov,Wichian Buri,97.0
2022,Nov,กรุงเทพมหานคร,102.6
2022,Nov,กาญจนบุรี,51.2
2022,Nov,กำแพงเพชร,76.7
2022,Nov,ขอนแก่น,47.0
2022,Nov,จันทบุรี,155.4
2022,Nov,ฉะเชิงเทรา,61.2
2022,Nov,ชลบุรี,91.4
2022,Nov,ชัยนาท,8.6
2022,Nov,ชัยภูมิ,94.8
2022,Nov,ชุมพร,316.8
2022,Nov,ตรัง,0.1
2022,Nov,ตราด,147.1
2022,Nov,ตาก,34.05
2022,Nov,นครพนม,29.7
2022,Nov,นครราชสีมา,117.75
2022,Nov,นครศรีธรรมราช,1012.3
2022,Nov,นครสวรรค์,111.0
2022,Nov,นราธิวาส,569.5
2022,Nov,น่าน,41.4
2022,Nov,บุรีรัมย์,94.4
2022,Nov,ปทุมธานี,43.1
2022,Nov,ประจวบคีรีขันธ์,131.4
2022,Nov,ปราจีนบุรี,51.15
2022,Nov,ปัตตานี,280.5
2022,Nov,พระนครศรีอยุธยา,42.5
2022,Nov,พะเยา,11.0
2022,Nov,พังงา,0.0
2022,Nov,พัทลุง,744.1
2022,Nov,พิจิตร,0.0
2022,Nov,พิษณุโลก,52.5
2022,Nov,ภูเก็ต,288.20000000000005
2022,Nov,มหาสารคาม,26.4
2022,Nov,มุกดาหาร,51.4
2022,Nov,ยะลา,289.9
2022,Nov,ระนอง,289.9
2022,Nov,ระยอง,292.6
2022,Nov,ราชบุรี,0.0
2022,Nov,ร้อยเอ็ด,56.9
2022,Nov,ลพบุรี,55.05
2022,Nov,ลำปาง,25.8
2022,Nov,ลำพูน,37.3
2022,Nov,ศรีสะเกษ,0.1
2022,Nov,สกลนคร,22.9
2022,Nov,สงขลา,435.8
2022,Nov,สตูล,284.3
2022,Nov,สระแก้ว,44.2
2022,Nov,สุพรรณบุรี,104.9
2022,Nov,สุราษฎร์ธานี,0.0
2022,Nov,สุรินทร์,43.6
2022,Nov,หนองคาย,43.6
2022,Nov,อุดรธานี,1.4
2022,Nov,อุตรดิตถ์,1.7
2022,Nov,อุบลราชธานี,25.6
2022,Nov,เชียงราย,73.6
2022,Nov,เชียงใหม่,16.0
2022,Nov,เพชรบุรี,67.9
2022,Nov,เพชรบูรณ์,58.03333333333333
2022,Nov,เลย,28.2
2022,Nov,แพร่,3.1
2022,Nov,แม่ฮ่องสอน,73.1
2022,Oct,Chok Chai,304.0
2022,Oct,Hua Hin,256.4
2022,Oct,Kabin Buri,181.4
2022,Oct,Khlong Yai,405.45
2022,Oct,Kosum Phisai,120.9
2022,Oct,Lampang,186.55
2022,Oct,Lamphun,161.35
2022,Oct,Lom Sak,158.75
2022,Oct,Lop Buri,94.4
2022,Oct,Mae Sariang,109.65
2022,Oct,Mae Sot,141.5
2022,Oct,Mukdahan,71.65
2022,Oct,Nakhon Phanom,132.85
2022,Oct,Nakhon Ratchasima,262.35
2022,Oct,Nakhon Sawan,133.05
2022,Oct,Nang Rong,203.2
2022,Oct,Narathiwat,108.2
2022,Oct,Nong Khai,45.6
2022,Oct,Phayao,205.15
2022,Oct,Phetchabun,182.55
2022,Oct,Phetchaburi,216.65
2022,Oct,Phitsanulok,272.25
2022,Oct,Prachin Buri,218.6
2022,Oct,Ranong,317.75
2022,Oct,Rayong,258.25
2022,Oct,Roi Et,47.8
2022,Oct,Sakon Nakhon,46.7
2022,Oct,Satun,342.1
2022,Oct,Songkhla,206.1
2022,Oct,Suphan Buri,181.2
2022,Oct,Surin,91.95
2022,Oct,Tha Tum,27.7
2022,Oct,Ubon Ratchathani,175.65
2022,Oct,Uttaradit,232.05
2022,Oct,Wichian Buri,160.14999999999998
2022,Oct,กรุงเทพมหานคร,208.46666666666667
2022,Oct,กาญจนบุรี,258.54999999999995
2022,Oct,กำแพงเพชร,235.4
2022,Oct,ขอนแก่น,101.16666666666669
2022,Oct,จันทบุรี,456.1666666666667
2022,Oct,ฉะเชิงเทรา,276.5
2022,Oct,ชลบุรี,171.9
2022,Oct,ชัยนาท,223.2
2022,Oct,ชัยภูมิ,82.75
2022,Oct,ชุมพร,280.8333333333333
2022,Oct,ตรัง,0.8
2022,Oct,ตราด,405.45
2022,Oct,ตาก,181.47500000000002
2022,Oct,นครพนม,191.26666666666668
2022,Oct,นครราชสีมา,234.91666666666663
2022,Oct,นครศรีธรรมราช,245.6
2022,Oct,นครสวรรค์,133.36666666666667
2022,Oct,นราธิวาส,108.2
2022,Oct,น่าน,126.66666666666669
2022,Oct,บุรีรัมย์,203.2
2022,Oct,ปทุมธานี,209.1
2022,Oct,ประจวบคีรีขันธ์,284.8666666666667
2022,Oct,ปราจีนบุรี,200.0
2022,Oct,ปัตตานี,188.3
2022,Oct,พระนครศรีอยุธยา,282.6
2022,Oct,พะเยา,205.15
2022,Oct,พังงา,0.6499999999999999
2022,Oct,พัทลุง,327.1
2022,Oct,พิจิตร,0.0
2022,Oct,พิษณุโลก,272.25
2022,Oct,ภูเก็ต,297.6
2022,Oct,มหาสารคาม,120.9
2022,Oct,มุกดาหาร,71.65
2022,Oct,ยะลา,88.2
2022,Oct,ระนอง,317.75
2022,Oct,ระยอง,268.1666666666667
2022,Oct,ราชบุรี,0.0
2022,Oct,ร้อยเอ็ด,81.16666666666667
2022,Oct,ลพบุรี,153.46249999999998
2022,Oct,ลำปาง,186.55
2022,Oct,ลำพูน,161.35
2022,Oct,ศรีสะเกษ,249.0
2022,Oct,สกลนคร,115.33333333333331
2022,Oct,สงขลา,189.63333333333333
2022,Oct,สตูล,342.1
2022,Oct,สระแก้ว,144.65
2022,Oct,สุพรรณบุรี,181.2
2022,Oct,สุราษฎร์ธานี,35.983333333333334
2022,Oct,สุรินทร์,148.73333333333335
2022,Oct,หนองคาย,45.6
2022,Oct,อุดรธานี,1.0
2022,Oct,อุตรดิตถ์,232.05
2022,Oct,อุบลราชธานี,179.33333333333334
2022,Oct,เชียงราย,220.96666666666667
2022,Oct,เชียงใหม่,195.6
2022,Oct,เพชรบุรี,216.65
2022,Oct,เพชรบูรณ์,167.14999999999998
2022,Oct,เลย,225.6
2022,Oct,แพร่,125.85
2022,Oct,แม่ฮ่องสอน,109.65
2022,Sep,Chok Chai,222.8
2022,Sep,Hua Hin,45.1
2022,Sep,Kabin Buri,440.6
2022,Sep,Khlong Yai,917.9
2022,Sep,Kosum Phisai,254.1
2022,Sep,Lampang,355.2
2022,Sep,Lamphun,340.2
2022,Sep,Lom Sak,363.3
2022,Sep,Lop Buri,312.7
2022,Sep,Mae Sariang,369.6
2022,Sep,Mae Sot,274.5
2022,Sep,Mukdahan,306.0
2022,Sep,Nakhon Phanom,283.2
2022,Sep,Nakhon Ratchasima,307.8
2022,Sep,Nakhon Sawan,276.7
2022,Sep,Nang Rong,392.1
2022,Sep,Narathiwat,183.0
2022,Sep,Nong Khai,282.1
2022,Sep,Phayao,383.8
2022,Sep,Phetchabun,236.8
2022,Sep,Phetchaburi,99.8
2022,Sep,Phitsanulok,379.2
2022,Sep,Prachin Buri,407.5
2022,Sep,Ranong,866.7
2022,Sep,Rayong,650.9
2022,Sep,Roi Et,289.5
2022,Sep,Sakon Nakhon,257.8
2022,Sep,Satun,300.3
2022,Sep,Songkhla,125.4
2022,Sep,Suphan Buri,262.1
2022,Sep,Surin,676.3
2022,Sep,Tha Tum,27.2
2022,Sep,Ubon Ratchathani,653.9
2022,Sep,Uttaradit,227.3
2022,Sep,Wichian Buri,540.0
2022,Sep,กรุงเทพมหานคร,291.2
2022,Sep,กาญจนบุรี,288.6
2022,Sep,กำแพงเพชร,330.5
2022,Sep,ขอนแก่น,455.0
2022,Sep,จันทบุรี,836.7
2022,Sep,ฉะเชิงเทรา,0.0
2022,Sep,ชลบุรี,301.9
2022,Sep,ชัยนาท,0.0
2022,Sep,ชัยภูมิ,516.1
2022,Sep,ชุมพร,203.6
2022,Sep,ตรัง,0.2
2022,Sep,ตราด,917.9
2022,Sep,ตาก,205.55
2022,Sep,นครพนม,283.2
2022,Sep,นครราชสีมา,265.3
2022,Sep,นครศรีธรรมราช,0.0
2022,Sep,นครสวรรค์,276.7
2022,Sep,นราธิวาส,183.0
2022,Sep,น่าน,201.4
2022,Sep,บุรีรัมย์,392.1
2022,Sep,ปทุมธานี,0.0
2022,Sep,ประจวบคีรีขันธ์,45.1
2022,Sep,ปราจีนบุรี,424.05
2022,Sep,ปัตตานี,116.1
2022,Sep,พระนครศรีอยุธยา,0.0
2022,Sep,พะเยา,383.8
2022,Sep,พังงา,0.4
2022,Sep,พัทลุง,0.0
2022,Sep,พิจิตร,0.0
2022,Sep,พิษณุโลก,379.2
2022,Sep,ภูเก็ต,392.0
2022,Sep,มหาสารคาม,254.1
2022,Sep,มุกดาหาร,306.0
2022,Sep,ยะลา,0.0
2022,Sep,ระนอง,866.7
2022,Sep,ระยอง,650.9
2022,Sep,ราชบุรี,0.0
2022,Sep,ร้อยเอ็ด,289.5
2022,Sep,ลพบุรี,354.09999999999997
2022,Sep,ลำปาง,355.2
2022,Sep,ลำพูน,340.2
2022,Sep,ศรีสะเกษ,0.0
2022,Sep,สกลนคร,257.8
2022,Sep,สงขลา,125.4
2022,Sep,สตูล,300.3
2022,Sep,สระแก้ว,316.5
2022,Sep,สุพรรณบุรี,262.1
2022,Sep,สุราษฎร์ธานี,0.1
2022,Sep,สุรินทร์,676.3
2022,Sep,หนองคาย,282.1
2022,Sep,อุดรธานี,0.0
2022,Sep,อุตรดิตถ์,227.3
2022,Sep,อุบลราชธานี,653.9
2022,Sep,เชียงราย,251.6
2022,Sep,เชียงใหม่,452.9
2022,Sep,เพชรบุรี,99.8
2022,Sep,เพชรบูรณ์,380.0333333333333
2022,Sep,เลย,301.8
2022,Sep,แพร่,235.7
2022,Sep,แม่ฮ่องสอน,369.6
2023,Apr,Chok Chai,74.7
2023,Apr,Hua Hin,0.0
2023,Apr,Kabin Buri,0.7
2023,Apr,Khlong Yai,76.3
2023,Apr,Kosum Phisai,43.5
2023,Apr,Lampang,3.2
2023,Apr,Lamphun,11.4
2023,Apr,Lom Sak,68.1
2023,Apr,Lop Buri,33.7
2023,Apr,Mae Sariang,31.0
2023,Apr,Mae Sot,10.4
2023,Apr,Mukdahan,68.9
2023,Apr,Nakhon Phanom,53.4
2023,Apr,Nakhon Ratchasima,12.3
2023,Apr,Nakhon Sawan,23.6
2023,Apr,Nang Rong,64.7
2023,Apr,Narathiwat,53.4
2023,Apr,Nong Khai,6.6
2023,Apr,Phayao,30.2
2023,Apr,Phetchabun,25.4
2023,Apr,Phetchaburi,0.3
2023,Apr,Phitsanulok,75.5
2023,Apr,Prachin Buri,32.4
2023,Apr,Ranong,18.4
2023,Apr,Rayong,62.3
2023,Apr,Roi Et,84.0
2023,Apr,Sakon Nakhon,35.8
2023,Apr,Satun,156.2
2023,Apr,Songkhla,9.8
2023,Apr,Suphan Buri,8.2
2023,Apr,Surin,95.9
2023,Apr,Tha Tum,31.3
2023,Apr,Ubon Ratchathani,75.7
2023,Apr,Uttaradit,3.0
2023,Apr,Wichian Buri,16.1
2023,Apr,กรุงเทพมหานคร,13.8
2023,Apr,กาญจนบุรี,16.2
2023,Apr,กำแพงเพชร,6.4
2023,Apr,ขอนแก่น,35.6
2023,Apr,จันทบุรี,168.3
2023,Apr,ฉะเชิงเทรา,0.0
2023,Apr,ชลบุรี,138.1
2023,Apr,ชัยนาท,0.0
2023,Apr,ชัยภูมิ,54.0
2023,Apr,ชุมพร,10.5
2023,Apr,ตรัง,0.7
2023,Apr,ตราด,76.3
2023,Apr,ตาก,6.1
2023,Apr,นครพนม,53.4
2023,Apr,นครราชสีมา,43.5
2023,Apr,นครศรีธรรมราช,0.0
2023,Apr,นครสวรรค์,23.6
2023,Apr,นราธิวาส,53.4
2023,Apr,น่าน,39.0
2023,Apr,บุรีรัมย์,64.7
2023,Apr,ปทุมธานี,0.0
2023,Apr,ประจวบคีรีขันธ์,0.0
2023,Apr,ปราจีนบุรี,16.55
2023,Apr,ปัตตานี,4.8
2023,Apr,พระนครศรีอยุธยา,0.0
2023,Apr,พะเยา,30.2
2023,Apr,พังงา,0.4
2023,Apr,พัทลุง,0.0
2023,Apr,พิจิตร,0.0
2023,Apr,พิษณุโลก,75.5
2023,Apr,ภูเก็ต,36.75
2023,Apr,มหาสารคาม,43.5
2023,Apr,มุกดาหาร,68.9
2023,Apr,ยะลา,0.0
2023,Apr,ระนอง,18.4
2023,Apr,ระยอง,62.3
2023,Apr,ราชบุรี,0.0
2023,Apr,ร้อยเอ็ด,84.0
2023,Apr,ลพบุรี,89.35000000000001
2023,Apr,ลำปาง,3.2
2023,Apr,ลำพูน,11.4
2023,Apr,ศรีสะเกษ,0.0
2023,Apr,สกลนคร,35.8
2023,Apr,สงขลา,9.8
2023,Apr,สตูล,156.2
2023,Apr,สระแก้ว,59.5
2023,Apr,สุพรรณบุรี,8.2
2023,Apr,สุราษฎร์ธานี,1.0
2023,Apr,สุรินทร์,95.9
2023,Apr,หนองคาย,6.6
2023,Apr,อุดรธานี,2.7
2023,Apr,อุตรดิตถ์,3.0
2023,Apr,อุบลราชธานี,75.7
2023,Apr,เชียงราย,40.6
2023,Apr,เชียงใหม่,1.5
2023,Apr,เพชรบุรี,0.3
2023,Apr,เพชรบูรณ์,36.53333333333333
2023,Apr,เลย,14.4
2023,Apr,แพร่,5.4
2023,Apr,แม่ฮ่องสอน,31.0
2023,Aug,Chok Chai,152.1
2023,Aug,Hua Hin,87.0
2023,Aug,Kabin Buri,172.9
2023,Aug,Khlong Yai,502.6
2023,Aug,Kosum Phisai,95.1
2023,Aug,Lampang,51.9
2023,Aug,Lamphun,78.7
2023,Aug,Lom Sak,66.5
2023,Aug,Lop Buri,30.0
2023,Aug,Mae Sariang,238.6
2023,Aug,Mae Sot,590.3
2023,Aug,Mukdahan,240.6
2023,Aug,Nakhon Phanom,561.4
2023,Aug,Nakhon Ratchasima,115.5
2023,Aug,Nakhon Sawan,165.5
2023,Aug,Nang Rong,118.3
2023,Aug,Narathiwat,171.4
2023,Aug,Nong Khai,354.6
2023,Aug,Phayao,145.9
2023,Aug,Phetchabun,81.5
2023,Aug,Phetchaburi,71.6
2023,Aug,Phitsanulok,168.3
2023,Aug,Prachin Buri,252.2
2023,Aug,Ranong,668.9
2023,Aug,Rayong,34.1
2023,Aug,Roi Et,128.0
2023,Aug,Sakon Nakhon,326.2
2023,Aug,Satun,443.1
2023,Aug,Songkhla,87.2
2023,Aug,Suphan Buri,87.2
2023,Aug,Surin,280.5
2023,Aug,Tha Tum,28.6
2023,Aug,Ubon Ratchathani,441.5
2023,Aug,Uttaradit,65.8
2023,Aug,Wichian Buri,171.7
2023,Aug,กรุงเทพมหานคร,181.5
2023,Aug,กาญจนบุรี,139.4
2023,Aug,กำแพงเพชร,69.3
2023,Aug,ขอนแก่น,83.3
2023,Aug,จันทบุรี,192.3
2023,Aug,ฉะเชิงเทรา,188.8
2023,Aug,ชลบุรี,56.1
2023,Aug,ชัยนาท,173.0
2023,Aug,ชัยภูมิ,243.7
2023,Aug,ชุมพร,73.3
2023,Aug,ตรัง,0.6
2023,Aug,ตราด,502.6
2023,Aug,ตาก,26.150000000000002
2023,Aug,นครพนม,561.4
2023,Aug,นครราชสีมา,133.8
2023,Aug,นครศรีธรรมราช,229.7
2023,Aug,นครสวรรค์,165.5
2023,Aug,นราธิวาส,171.4
2023,Aug,น่าน,190.6
2023,Aug,บุรีรัมย์,118.3
2023,Aug,ปทุมธานี,182.6
2023,Aug,ประจวบคีรีขันธ์,87.0
2023,Aug,ปราจีนบุรี,212.55
2023,Aug,ปัตตานี,126.8
2023,Aug,พระนครศรีอยุธยา,124.0
2023,Aug,พะเยา,145.9
2023,Aug,พังงา,0.5
2023,Aug,พัทลุง,58.3
2023,Aug,พิจิตร,0.0
2023,Aug,พิษณุโลก,168.3
2023,Aug,ภูเก็ต,306.9
2023,Aug,มหาสารคาม,95.1
2023,Aug,มุกดาหาร,240.6
2023,Aug,ยะลา,204.2
2023,Aug,ระนอง,668.9
2023,Aug,ระยอง,34.1
2023,Aug,ราชบุรี,0.0
2023,Aug,ร้อยเอ็ด,128.0
2023,Aug,ลพบุรี,141.675
2023,Aug,ลำปาง,51.9
2023,Aug,ลำพูน,78.7
2023,Aug,ศรีสะเกษ,170.2
2023,Aug,สกลนคร,326.2
2023,Aug,สงขลา,87.2
2023,Aug,สตูล,443.1
2023,Aug,สระแก้ว,154.3
2023,Aug,สุพรรณบุรี,87.2
2023,Aug,สุราษฎร์ธานี,0.8
2023,Aug,สุรินทร์,280.5
2023,Aug,หนองคาย,354.6
2023,Aug,อุดรธานี,0.4
2023,Aug,อุตรดิตถ์,65.8
2023,Aug,อุบลราชธานี,441.5
2023,Aug,เชียงราย,214.0
2023,Aug,เชียงใหม่,102.9
2023,Aug,เพชรบุรี,71.6
2023,Aug,เพชรบูรณ์,106.56666666666666
2023,Aug,เลย,95.9
2023,Aug,แพร่,75.9
2023,Aug,แม่ฮ่องสอน,238.6
2023,Dec,Chok Chai,0.3
2023,Dec,Hua Hin,0.15
2023,Dec,Kabin Buri,0.3
2023,Dec,Khlong Yai,4.45
2023,Dec,Kosum Phisai,0.0
2023,Dec,Lampang,11.2
2023,Dec,Lamphun,10.85
2023,Dec,Lom Sak,0.0
2023,Dec,Lop Buri,0.25
2023,Dec,Mae Sariang,8.75
2023,Dec,Mae Sot,0.05
2023,Dec,Mukdahan,0.0
2023,Dec,Nakhon Phanom,0.0
2023,Dec,Nakhon Ratchasima,0.1
2023,Dec,Nakhon Sawan,0.65
2023,Dec,Nang Rong,0.0
2023,Dec,Narathiwat,860.9
2023,Dec,Nong Khai,0.0
2023,Dec,Phayao,22.9
2023,Dec,Phetchabun,0.0
2023,Dec,Phetchaburi,0.85
2023,Dec,Phitsanulok,19.65
2023,Dec,Prachin Buri,0.0
2023,Dec,Ranong,173.4
2023,Dec,Rayong,0.55
2023,Dec,Roi Et,0.0
2023,Dec,Sakon Nakhon,0.0
2023,Dec,Satun,69.75
2023,Dec,Songkhla,709.5500000000001
2023,Dec,Suphan Buri,3.9
2023,Dec,Surin,0.25
2023,Dec,Tha Tum,23.9
2023,Dec,Ubon Ratchathani,0.0
2023,Dec,Uttaradit,0.0
2023,Dec,Wichian Buri,0.0
2023,Dec,กรุงเทพมหานคร,2.533333333333333
2023,Dec,กาญจนบุรี,0.55
2023,Dec,กำแพงเพชร,0.7
2023,Dec,ขอนแก่น,0.0
2023,Dec,จันทบุรี,2.466666666666667
2023,Dec,ฉะเชิงเทรา,0.1
2023,Dec,ชลบุรี,0.1
2023,Dec,ชัยนาท,0.0
2023,Dec,ชัยภูมิ,1.2
2023,Dec,ชุมพร,251.3
2023,Dec,ตรัง,0.35
2023,Dec,ตราด,4.45
2023,Dec,ตาก,0.825
2023,Dec,นครพนม,0.0
2023,Dec,นครราชสีมา,0.1333333333333333
2023,Dec,นครศรีธรรมราช,473.5
2023,Dec,นครสวรรค์,0.4333333333333333
2023,Dec,นราธิวาส,860.9
2023,Dec,น่าน,1.8333333333333333
2023,Dec,บุรีรัมย์,0.0
2023,Dec,ปทุมธานี,0.0
2023,Dec,ประจวบคีรีขันธ์,0.0999999999999999
2023,Dec,ปราจีนบุรี,0.15
2023,Dec,ปัตตานี,565.85
2023,Dec,พระนครศรีอยุธยา,0.0
2023,Dec,พะเยา,22.9
2023,Dec,พังงา,0.3
2023,Dec,พัทลุง,210.0
2023,Dec,พิจิตร,0.0
2023,Dec,พิษณุโลก,19.65
2023,Dec,ภูเก็ต,59.8
2023,Dec,มหาสารคาม,0.0
2023,Dec,มุกดาหาร,0.0
2023,Dec,ยะลา,343.8
2023,Dec,ระนอง,173.4
2023,Dec,ระยอง,5.666666666666667
2023,Dec,ราชบุรี,0.0
2023,Dec,ร้อยเอ็ด,0.0
2023,Dec,ลพบุรี,0.0625
2023,Dec,ลำปาง,11.2
2023,Dec,ลำพูน,10.85
2023,Dec,ศรีสะเกษ,4.1
2023,Dec,สกลนคร,0.0
2023,Dec,สงขลา,560.6333333333333
2023,Dec,สตูล,69.75
2023,Dec,สระแก้ว,0.65
2023,Dec,สุพรรณบุรี,3.9
2023,Dec,สุราษฎร์ธานี,21.5
2023,Dec,สุรินทร์,0.1666666666666666
2023,Dec,หนองคาย,0.0
2023,Dec,อุดรธานี,0.2
2023,Dec,อุตรดิตถ์,0.0
2023,Dec,อุบลราชธานี,2.033333333333333
2023,Dec,เชียงราย,10.466666666666669
2023,Dec,เชียงใหม่,40.55
2023,Dec,เพชรบุรี,0.85
2023,Dec,เพชรบูรณ์,0.0
2023,Dec,เลย,0.0
2023,Dec,แพร่,1.2000000000000002
2023,Dec,แม่ฮ่องสอน,8.75
2023,Feb,Chok Chai,32.3
2023,Feb,Hua Hin,0.0
2023,Feb,Kabin Buri,2.7
2023,Feb,Khlong Yai,30.4
2023,Feb,Kosum Phisai,2.6
2023,Feb,Lampang,4.5
2023,Feb,Lamphun,10.6
2023,Feb,Lom Sak,17.1
2023,Feb,Lop Buri,11.1
2023,Feb,Mae Sariang,19.8
2023,Feb,Mae Sot,1.6
2023,Feb,Mukdahan,0.0
2023,Feb,Nakhon Phanom,13.2
2023,Feb,Nakhon Ratchasima,14.1
2023,Feb,Nakhon Sawan,8.6
2023,Feb,Nang Rong,0.0
2023,Feb,Narathiwat,220.5
2023,Feb,Nong Khai,2.5
2023,Feb,Phayao,57.6
2023,Feb,Phetchabun,35.4
2023,Feb,Phetchaburi,3.9
2023,Feb,Phitsanulok,0.0
2023,Feb,Prachin Buri,26.2
2023,Feb,Ranong,3.1
2023,Feb,Rayong,99.4
2023,Feb,Roi Et,0.1
2023,Feb,Sakon Nakhon,6.8
2023,Feb,Satun,10.1
2023,Feb,Songkhla,111.4
2023,Feb,Suphan Buri,0.4
2023,Feb,Surin,4.7
2023,Feb,Tha Tum,26.6
2023,Feb,Ubon Ratchathani,0.9
2023,Feb,Uttaradit,0.0
2023,Feb,Wichian Buri,8.7
2023,Feb,กรุงเทพมหานคร,3.8
2023,Feb,กาญจนบุรี,112.4
2023,Feb,กำแพงเพชร,1.7
2023,Feb,ขอนแก่น,1.0
2023,Feb,จันทบุรี,62.0
2023,Feb,ฉะเชิงเทรา,28.7
2023,Feb,ชลบุรี,13.9
2023,Feb,ชัยนาท,0.0
2023,Feb,ชัยภูมิ,7.4
2023,Feb,ชุมพร,78.0
2023,Feb,ตรัง,0.1
2023,Feb,ตราด,30.4
2023,Feb,ตาก,0.3
2023,Feb,นครพนม,13.2
2023,Feb,นครราชสีมา,23.2
2023,Feb,นครศรีธรรมราช,2.0
2023,Feb,นครสวรรค์,8.6
2023,Feb,นราธิวาส,220.5
2023,Feb,น่าน,0.0
2023,Feb,บุรีรัมย์,0.0
2023,Feb,ปทุมธานี,0.1
2023,Feb,ประจวบคีรีขันธ์,0.0
2023,Feb,ปราจีนบุรี,14.45
2023,Feb,ปัตตานี,123.8
2023,Feb,พระนครศรีอยุธยา,3.8
2023,Feb,พะเยา,57.6
2023,Feb,พังงา,0.2
2023,Feb,พัทลุง,7.7
2023,Feb,พิจิตร,16.5
2023,Feb,พิษณุโลก,0.0
2023,Feb,ภูเก็ต,77.2
2023,Feb,มหาสารคาม,2.6
2023,Feb,มุกดาหาร,0.0
2023,Feb,ยะลา,2.7
2023,Feb,ระนอง,3.1
2023,Feb,ระยอง,99.4
2023,Feb,ราชบุรี,12.1
2023,Feb,ร้อยเอ็ด,0.1
2023,Feb,ลพบุรี,8.775
2023,Feb,ลำปาง,4.5
2023,Feb,ลำพูน,10.6
2023,Feb,ศรีสะเกษ,1.0
2023,Feb,สกลนคร,6.8
2023,Feb,สงขลา,111.4
2023,Feb,สตูล,10.1
2023,Feb,สระแก้ว,2.2
2023,Feb,สุพรรณบุรี,0.4
2023,Feb,สุราษฎร์ธานี,0.0
2023,Feb,สุรินทร์,4.7
2023,Feb,หนองคาย,2.5
2023,Feb,อุดรธานี,0.7
2023,Feb,อุตรดิตถ์,0.0
2023,Feb,อุบลราชธานี,0.9
2023,Feb,เชียงราย,43.3
2023,Feb,เชียงใหม่,4.0
2023,Feb,เพชรบุรี,3.9
2023,Feb,เพชรบูรณ์,20.4
2023,Feb,เลย,0.7
2023,Feb,แพร่,0.0
2023,Feb,แม่ฮ่องสอน,19.8
2023,Jan,Chok Chai,16.4
2023,Jan,Hua Hin,0.0
2023,Jan,Kabin Buri,36.8
2023,Jan,Khlong Yai,6.3
2023,Jan,Kosum Phisai,26.3
2023,Jan,Lampang,0.0
2023,Jan,Lamphun,0.0
2023,Jan,Lom Sak,0.3
2023,Jan,Lop Buri,0.0
2023,Jan,Mae Sariang,0.0
2023,Jan,Mae Sot,0.0
2023,Jan,Mukdahan,0.7
2023,Jan,Nakhon Phanom,22.6
2023,Jan,Nakhon Ratchasima,4.0
2023,Jan,Nakhon Sawan,0.0
2023,Jan,Nang Rong,54.2
2023,Jan,Narathiwat,539.7
2023,Jan,Nong Khai,2.4
2023,Jan,Phayao,0.0
2023,Jan,Phetchabun,7.0
2023,Jan,Phetchaburi,0.0
2023,Jan,Phitsanulok,0.1
2023,Jan,Prachin Buri,3.6
2023,Jan,Ranong,2.4
2023,Jan,Rayong,0.6
2023,Jan,Roi Et,18.0
2023,Jan,Sakon Nakhon,18.7
2023,Jan,Satun,132.0
2023,Jan,Songkhla,396.4
2023,Jan,Suphan Buri,0.0
2023,Jan,Surin,0.8
2023,Jan,Tha Tum,22.9
2023,Jan,Ubon Ratchathani,38.4
2023,Jan,Uttaradit,0.0
2023,Jan,Wichian Buri,0.0
2023,Jan,กรุงเทพมหานคร,0.0
2023,Jan,กาญจนบุรี,0.0
2023,Jan,กำแพงเพชร,0.0
2023,Jan,ขอนแก่น,8.1
2023,Jan,จันทบุรี,3.3
2023,Jan,ฉะเชิงเทรา,0.0
2023,Jan,ชลบุรี,0.0
2023,Jan,ชัยนาท,0.0
2023,Jan,ชัยภูมิ,1.7
2023,Jan,ชุมพร,2.3
2023,Jan,ตรัง,0.0
2023,Jan,ตราด,6.3
2023,Jan,ตาก,0.0
2023,Jan,นครพนม,22.6
2023,Jan,นครราชสีมา,10.2
2023,Jan,นครศรีธรรมราช,0.0
2023,Jan,นครสวรรค์,0.0
2023,Jan,นราธิวาส,539.7
2023,Jan,น่าน,0.0
2023,Jan,บุรีรัมย์,54.2
2023,Jan,ปทุมธานี,0.0
2023,Jan,ประจวบคีรีขันธ์,0.0
2023,Jan,ปราจีนบุรี,20.2
2023,Jan,ปัตตานี,362.9
2023,Jan,พระนครศรีอยุธยา,0.0
2023,Jan,พะเยา,0.0
2023,Jan,พังงา,0.2
2023,Jan,พัทลุง,0.0
2023,Jan,พิจิตร,0.0
2023,Jan,พิษณุโลก,0.1
2023,Jan,ภูเก็ต,35.9
2023,Jan,มหาสารคาม,26.3
2023,Jan,มุกดาหาร,0.7
2023,Jan,ยะลา,0.0
2023,Jan,ระนอง,2.4
2023,Jan,ระยอง,0.6
2023,Jan,ราชบุรี,0.0
2023,Jan,ร้อยเอ็ด,18.0
2023,Jan,ลพบุรี,0.0
2023,Jan,ลำปาง,0.0
2023,Jan,ลำพูน,0.0
2023,Jan,ศรีสะเกษ,0.0
2023,Jan,สกลนคร,18.7
2023,Jan,สงขลา,396.4
2023,Jan,สตูล,132.0
2023,Jan,สระแก้ว,5.5
2023,Jan,สุพรรณบุรี,0.0
2023,Jan,สุราษฎร์ธานี,0.0
2023,Jan,สุรินทร์,0.8
2023,Jan,หนองคาย,2.4
2023,Jan,อุดรธานี,0.0
2023,Jan,อุตรดิตถ์,0.0
2023,Jan,อุบลราชธานี,38.4
2023,Jan,เชียงราย,0.0
2023,Jan,เชียงใหม่,0.0
2023,Jan,เพชรบุรี,0.0
2023,Jan,เพชรบูรณ์,2.433333333333333
2023,Jan,เลย,0.0
2023,Jan,แพร่,0.0
2023,Jan,แม่ฮ่องสอน,0.0
2023,Jul,Chok Chai,22.5
2023,Jul,Hua Hin,32.6
2023,Jul,Kabin Buri,198.9
2023,Jul,Khlong Yai,488.3
2023,Jul,Kosum Phisai,226.1
2023,Jul,Lampang,106.4
2023,Jul,Lamphun,127.2
2023,Jul,Lom Sak,112.2
2023,Jul,Lop Buri,130.3
2023,Jul,Mae Sariang,256.2
2023,Jul,Mae Sot,240.3
2023,Jul,Mukdahan,500.8
2023,Jul,Nakhon Phanom,564.9
2023,Jul,Nakhon Ratchasima,54.4
2023,Jul,Nakhon Sawan,41.2
2023,Jul,Nang Rong,83.2
2023,Jul,Narathiwat,307.5
2023,Jul,Nong Khai,405.8
2023,Jul,Phayao,140.4
2023,Jul,Phetchabun,127.7
2023,Jul,Phetchaburi,17.9
2023,Jul,Phitsanulok,106.0
2023,Jul,Prachin Buri,214.0
2023,Jul,Ranong,734.2
2023,Jul,Rayong,195.7
2023,Jul,Roi Et,341.3
2023,Jul,Sakon Nakhon,423.0
2023,Jul,Satun,264.3
2023,Jul,Songkhla,85.1
2023,Jul,Suphan Buri,47.1
2023,Jul,Surin,169.4
2023,Jul,Tha Tum,28.7
2023,Jul,Ubon Ratchathani,441.8
2023,Jul,Uttaradit,127.8
2023,Jul,Wichian Buri,71.8
2023,Jul,กรุงเทพมหานคร,143.0
2023,Jul,กาญจนบุรี,275.1
2023,Jul,กำแพงเพชร,84.1
2023,Jul,ขอนแก่น,176.4
2023,Jul,จันทบุรี,622.0
2023,Jul,ฉะเชิงเทรา,0.0
2023,Jul,ชลบุรี,174.9
2023,Jul,ชัยนาท,0.0
2023,Jul,ชัยภูมิ,151.7
2023,Jul,ชุมพร,268.2
2023,Jul,ตรัง,0.7
2023,Jul,ตราด,488.3
2023,Jul,ตาก,55.0
2023,Jul,นครพนม,564.9
2023,Jul,นครราชสีมา,38.45
2023,Jul,นครศรีธรรมราช,0.0
2023,Jul,นครสวรรค์,41.2
2023,Jul,นราธิวาส,307.5
2023,Jul,น่าน,161.4
2023,Jul,บุรีรัมย์,83.2
2023,Jul,ปทุมธานี,0.0
2023,Jul,ประจวบคีรีขันธ์,32.6
2023,Jul,ปราจีนบุรี,206.45
2023,Jul,ปัตตานี,132.0
2023,Jul,พระนครศรีอยุธยา,0.0
2023,Jul,พะเยา,140.4
2023,Jul,พังงา,0.1
2023,Jul,พัทลุง,0.0
2023,Jul,พิจิตร,0.0
2023,Jul,พิษณุโลก,106.0
2023,Jul,ภูเก็ต,368.25
2023,Jul,มหาสารคาม,226.1
2023,Jul,มุกดาหาร,500.8
2023,Jul,ยะลา,0.0
2023,Jul,ระนอง,734.2
2023,Jul,ระยอง,195.7
2023,Jul,ราชบุรี,0.0
2023,Jul,ร้อยเอ็ด,341.3
2023,Jul,ลพบุรี,67.375
2023,Jul,ลำปาง,106.4
2023,Jul,ลำพูน,127.2
2023,Jul,ศรีสะเกษ,0.0
2023,Jul,สกลนคร,423.0
2023,Jul,สงขลา,85.1
2023,Jul,สตูล,264.3
2023,Jul,สระแก้ว,137.5
2023,Jul,สุพรรณบุรี,47.1
2023,Jul,สุราษฎร์ธานี,0.3
2023,Jul,สุรินทร์,169.4
2023,Jul,หนองคาย,405.8
2023,Jul,อุดรธานี,0.8
2023,Jul,อุตรดิตถ์,127.8
2023,Jul,อุบลราชธานี,441.8
2023,Jul,เชียงราย,166.0
2023,Jul,เชียงใหม่,153.2
2023,Jul,เพชรบุรี,17.9
2023,Jul,เพชรบูรณ์,103.9
2023,Jul,เลย,177.9
2023,Jul,แพร่,108.8
2023,Jul,แม่ฮ่องสอน,256.2
2023,Jun,Chok Chai,88.8
2023,Jun,Hua Hin,35.1
2023,Jun,Kabin Buri,279.9
2023,Jun,Khlong Yai,565.1
2023,Jun,Kosum Phisai,154.5
2023,Jun,Lampang,87.5
2023,Jun,Lamphun,45.6
2023,Jun,Lom Sak,158.5
2023,Jun,Lop Buri,40.0
2023,Jun,Mae Sariang,123.3
2023,Jun,Mae Sot,172.7
2023,Jun,Mukdahan,124.1
2023,Jun,Nakhon Phanom,339.6
2023,Jun,Nakhon Ratchasima,81.7
2023,Jun,Nakhon Sawan,84.1
2023,Jun,Nang Rong,232.6
2023,Jun,Narathiwat,175.7
2023,Jun,Nong Khai,239.3
2023,Jun,Phayao,137.8
2023,Jun,Phetchabun,164.0
2023,Jun,Phetchaburi,17.0
2023,Jun,Phitsanulok,113.5
2023,Jun,Prachin Buri,173.9
2023,Jun,Ranong,544.0
2023,Jun,Rayong,88.0
2023,Jun,Roi Et,232.7
2023,Jun,Sakon Nakhon,390.2
2023,Jun,Satun,156.2
2023,Jun,Songkhla,170.2
2023,Jun,Suphan Buri,71.2
2023,Jun,Surin,241.7
2023,Jun,Tha Tum,28.9
2023,Jun,Ubon Ratchathani,303.7
2023,Jun,Uttaradit,66.0
2023,Jun,Wichian Buri,32.8
2023,Jun,กรุงเทพมหานคร,66.2
2023,Jun,กาญจนบุรี,105.4
2023,Jun,กำแพงเพชร,104.2
2023,Jun,ขอนแก่น,197.9
2023,Jun,จันทบุรี,470.8
2023,Jun,ฉะเชิงเทรา,75.2
2023,Jun,ชลบุรี,87.2
2023,Jun,ชัยนาท,27.6
2023,Jun,ชัยภูมิ,60.3
2023,Jun,ชุมพร,167.4
2023,Jun,ตรัง,0.5
2023,Jun,ตราด,565.1
2023,Jun,ตาก,9.049999999999999
2023,Jun,นครพนม,339.6
2023,Jun,นครราชสีมา,85.25
2023,Jun,นครศรีธรรมราช,93.0
2023,Jun,นครสวรรค์,84.1
2023,Jun,นราธิวาส,175.7
2023,Jun,น่าน,114.5
2023,Jun,บุรีรัมย์,232.6
2023,Jun,ปทุมธานี,68.5
2023,Jun,ประจวบคีรีขันธ์,35.1
2023,Jun,ปราจีนบุรี,226.9
2023,Jun,ปัตตานี,160.7
2023,Jun,พระนครศรีอยุธยา,51.8
2023,Jun,พะเยา,137.8
2023,Jun,พังงา,0.4
2023,Jun,พัทลุง,39.4
2023,Jun,พิจิตร,0.0
2023,Jun,พิษณุโลก,113.5
2023,Jun,ภูเก็ต,128.9
2023,Jun,มหาสารคาม,154.5
2023,Jun,มุกดาหาร,124.1
2023,Jun,ยะลา,302.7
2023,Jun,ระนอง,544.0
2023,Jun,ระยอง,88.0
2023,Jun,ราชบุรี,0.0
2023,Jun,ร้อยเอ็ด,232.7
2023,Jun,ลพบุรี,134.64999999999998
2023,Jun,ลำปาง,87.5
2023,Jun,ลำพูน,45.6
2023,Jun,ศรีสะเกษ,140.2
2023,Jun,สกลนคร,390.2
2023,Jun,สงขลา,170.2
2023,Jun,สตูล,156.2
2023,Jun,สระแก้ว,162.7
2023,Jun,สุพรรณบุรี,71.2
2023,Jun,สุราษฎร์ธานี,0.3
2023,Jun,สุรินทร์,241.7
2023,Jun,หนองคาย,239.3
2023,Jun,อุดรธานี,0.3
2023,Jun,อุตรดิตถ์,66.0
2023,Jun,อุบลราชธานี,303.7
2023,Jun,เชียงราย,218.5
2023,Jun,เชียงใหม่,104.7
2023,Jun,เพชรบุรี,17.0
2023,Jun,เพชรบูรณ์,118.43333333333334
2023,Jun,เลย,152.9
2023,Jun,แพร่,121.8
2023,Jun,แม่ฮ่องสอน,123.3
2023,Mar,Chok Chai,3.2
2023,Mar,Hua Hin,5.1
2023,Mar,Kabin Buri,0.9
2023,Mar,Khlong Yai,70.9
2023,Mar,Kosum Phisai,14.5
2023,Mar,Lampang,10.8
2023,Mar,Lamphun,30.6
2023,Mar,Lom Sak,0.0
2023,Mar,Lop Buri,0.0
2023,Mar,Mae Sariang,0.0
2023,Mar,Mae Sot,15.4
2023,Mar,Mukdahan,0.9
2023,Mar,Nakhon Phanom,10.3
2023,Mar,Nakhon Ratchasima,0.9
2023,Mar,Nakhon Sawan,0.1
2023,Mar,Nang Rong,49.6
2023,Mar,Narathiwat,9.7
2023,Mar,Nong Khai,12.6
2023,Mar,Phayao,1.4
2023,Mar,Phetchabun,0.0
2023,Mar,Phetchaburi,1.9
2023,Mar,Phitsanulok,0.0
2023,Mar,Prachin Buri,0.0
2023,Mar,Ranong,0.7
2023,Mar,Rayong,17.5
2023,Mar,Roi Et,4.6
2023,Mar,Sakon Nakhon,1.5
2023,Mar,Satun,42.7
2023,Mar,Songkhla,22.1
2023,Mar,Suphan Buri,0.0
2023,Mar,Surin,9.4
2023,Mar,Tha Tum,28.1
2023,Mar,Ubon Ratchathani,1.0
2023,Mar,Uttaradit,11.0
2023,Mar,Wichian Buri,6.5
2023,Mar,กรุงเทพมหานคร,5.8
2023,Mar,กาญจนบุรี,5.7
2023,Mar,กำแพงเพชร,25.5
2023,Mar,ขอนแก่น,47.1
2023,Mar,จันทบุรี,7.5
2023,Mar,ฉะเชิงเทรา,95.4
2023,Mar,ชลบุรี,31.8
2023,Mar,ชัยนาท,6.1
2023,Mar,ชัยภูมิ,4.0
2023,Mar,ชุมพร,7.9
2023,Mar,ตรัง,0.2
2023,Mar,ตราด,70.9
2023,Mar,ตาก,2.25
2023,Mar,นครพนม,10.3
2023,Mar,นครราชสีมา,2.0500000000000003
2023,Mar,นครศรีธรรมราช,53.3
2023,Mar,นครสวรรค์,0.1
2023,Mar,นราธิวาส,9.7
2023,Mar,น่าน,7.5
2023,Mar,บุรีรัมย์,49.6
2023,Mar,ปทุมธานี,37.5
2023,Mar,ประจวบคีรีขันธ์,5.1
2023,Mar,ปราจีนบุรี,0.45
2023,Mar,ปัตตานี,14.6
2023,Mar,พระนครศรีอยุธยา,7.3
2023,Mar,พะเยา,1.4
2023,Mar,พังงา,0.4
2023,Mar,พัทลุง,58.7
2023,Mar,พิจิตร,1.0
2023,Mar,พิษณุโลก,0.0
2023,Mar,ภูเก็ต,11.25
2023,Mar,มหาสารคาม,14.5
2023,Mar,มุกดาหาร,0.9
2023,Mar,ยะลา,200.5
2023,Mar,ระนอง,0.7
2023,Mar,ระยอง,17.5
2023,Mar,ราชบุรี,19.9
2023,Mar,ร้อยเอ็ด,4.6
2023,Mar,ลพบุรี,0.15000000000000002
2023,Mar,ลำปาง,10.8
2023,Mar,ลำพูน,30.6
2023,Mar,ศรีสะเกษ,1.0
2023,Mar,สกลนคร,1.5
2023,Mar,สงขลา,22.1
2023,Mar,สตูล,42.7
2023,Mar,สระแก้ว,15.6
2023,Mar,สุพรรณบุรี,0.0
2023,Mar,สุราษฎร์ธานี,0.0
2023,Mar,สุรินทร์,9.4
2023,Mar,หนองคาย,12.6
2023,Mar,อุดรธานี,0.4
2023,Mar,อุตรดิตถ์,11.0
2023,Mar,อุบลราชธานี,1.0
2023,Mar,เชียงราย,10.5
2023,Mar,เชียงใหม่,32.5
2023,Mar,เพชรบุรี,1.9
2023,Mar,เพชรบูรณ์,2.1666666666666665
2023,Mar,เลย,27.9
2023,Mar,แพร่,21.7
2023,Mar,แม่ฮ่องสอน,0.0
2023,May,Chok Chai,127.5
2023,May,Hua Hin,34.0
2023,May,Kabin Buri,107.6
2023,May,Khlong Yai,176.9
2023,May,Kosum Phisai,169.9
2023,May,Lampang,211.7
2023,May,Lamphun,236.4
2023,May,Lom Sak,140.9
2023,May,Lop Buri,65.8
2023,May,Mae Sariang,106.7
2023,May,Mae Sot,109.5
2023,May,Mukdahan,57.0
2023,May,Nakhon Phanom,104.3
2023,May,Nakhon Ratchasima,55.3
2023,May,Nakhon Sawan,59.6
2023,May,Nang Rong,80.6
2023,May,Narathiwat,134.0
2023,May,Nong Khai,248.8
2023,May,Phayao,97.0
2023,May,Phetchabun,101.4
2023,May,Phetchaburi,3.5
2023,May,Phitsanulok,98.9
2023,May,Prachin Buri,145.9
2023,May,Ranong,295.9
2023,May,Rayong,196.7
2023,May,Roi Et,120.7
2023,May,Sakon Nakhon,109.5
2023,May,Satun,280.4
2023,May,Songkhla,82.3
2023,May,Suphan Buri,33.7
2023,May,Surin,172.0
2023,May,Tha Tum,30.2
2023,May,Ubon Ratchathani,165.7
2023,May,Uttaradit,84.9
2023,May,Wichian Buri,162.4
2023,May,กรุงเทพมหานคร,57.6
2023,May,กาญจนบุรี,94.9
2023,May,กำแพงเพชร,69.5
2023,May,ขอนแก่น,166.0
2023,May,จันทบุรี,439.6
2023,May,ฉะเชิงเทรา,57.1
2023,May,ชลบุรี,41.6
2023,May,ชัยนาท,15.5
2023,May,ชัยภูมิ,109.0
2023,May,ชุมพร,73.9
2023,May,ตรัง,0.8
2023,May,ตราด,176.9
2023,May,ตาก,66.44999999999999
2023,May,นครพนม,104.3
2023,May,นครราชสีมา,91.4
2023,May,นครศรีธรรมราช,189.0
2023,May,นครสวรรค์,59.6
2023,May,นราธิวาส,134.0
2023,May,น่าน,45.8
2023,May,บุรีรัมย์,80.6
2023,May,ปทุมธานี,164.4
2023,May,ประจวบคีรีขันธ์,34.0
2023,May,ปราจีนบุรี,126.75
2023,May,ปัตตานี,160.7
2023,May,พระนครศรีอยุธยา,121.0
2023,May,พะเยา,97.0
2023,May,พังงา,0.3
2023,May,พัทลุง,61.9
2023,May,พิจิตร,0.0
2023,May,พิษณุโลก,98.9
2023,May,ภูเก็ต,385.9
2023,May,มหาสารคาม,169.9
2023,May,มุกดาหาร,57.0
2023,May,ยะลา,375.2
2023,May,ระนอง,295.9
2023,May,ระยอง,196.7
2023,May,ราชบุรี,0.0
2023,May,ร้อยเอ็ด,120.7
2023,May,ลพบุรี,72.625
2023,May,ลำปาง,211.7
2023,May,ลำพูน,236.4
2023,May,ศรีสะเกษ,155.4
2023,May,สกลนคร,109.5
2023,May,สงขลา,82.3
2023,May,สตูล,280.4
2023,May,สระแก้ว,207.0
2023,May,สุพรรณบุรี,33.7
2023,May,สุราษฎร์ธานี,0.9
2023,May,สุรินทร์,172.0
2023,May,หนองคาย,248.8
2023,May,อุดรธานี,2.3
2023,May,อุตรดิตถ์,84.9
2023,May,อุบลราชธานี,165.7
2023,May,เชียงราย,88.3
2023,May,เชียงใหม่,151.1
2023,May,เพชรบุรี,3.5
2023,May,เพชรบูรณ์,134.9
2023,May,เลย,75.4
2023,May,แพร่,160.4
2023,May,แม่ฮ่องสอน,106.7
2023,Nov,Chok Chai,23.8
2023,Nov,Hua Hin,28.2
2023,Nov,Kabin Buri,29.7
2023,Nov,Khlong Yai,122.1
2023,Nov,Kosum Phisai,4.6
2023,Nov,Lampang,24.3
2023,Nov,Lamphun,0.0
2023,Nov,Lom Sak,3.8
2023,Nov,Lop Buri,79.3
2023,Nov,Mae Sariang,3.2
2023,Nov,Mae Sot,4.0
2023,Nov,Mukdahan,0.3
2023,Nov,Nakhon Phanom,0.0
2023,Nov,Nakhon Ratchasima,38.6
2023,Nov,Nakhon Sawan,18.3
2023,Nov,Nang Rong,49.8
2023,Nov,Narathiwat,749.5
2023,Nov,Nong Khai,0.0
2023,Nov,Phayao,19.6
2023,Nov,Phetchabun,1.3
2023,Nov,Phetchaburi,33.2
2023,Nov,Phitsanulok,13.7
2023,Nov,Prachin Buri,28.8
2023,Nov,Ranong,334.2
2023,Nov,Rayong,43.6
2023,Nov,Roi Et,1.5
2023,Nov,Sakon Nakhon,0.0
2023,Nov,Satun,324.0
2023,Nov,Songkhla,727.4
2023,Nov,Suphan Buri,57.5
2023,Nov,Surin,73.3
2023,Nov,Tha Tum,26.7
2023,Nov,Ubon Ratchathani,12.3
2023,Nov,Uttaradit,0.3
2023,Nov,Wichian Buri,32.5
2023,Nov,กรุงเทพมหานคร,52.3
2023,Nov,กาญจนบุรี,39.7
2023,Nov,กำแพงเพชร,47.1
2023,Nov,ขอนแก่น,0.0
2023,Nov,จันทบุรี,73.2
2023,Nov,ฉะเชิงเทรา,61.2
2023,Nov,ชลบุรี,33.5
2023,Nov,ชัยนาท,8.6
2023,Nov,ชัยภูมิ,0.7
2023,Nov,ชุมพร,387.0
2023,Nov,ตรัง,0.1
2023,Nov,ตราด,122.1
2023,Nov,ตาก,4.5
2023,Nov,นครพนม,0.0
2023,Nov,นครราชสีมา,31.200000000000003
2023,Nov,นครศรีธรรมราช,1012.3
2023,Nov,นครสวรรค์,18.3
2023,Nov,นราธิวาส,749.5
2023,Nov,น่าน,7.8
2023,Nov,บุรีรัมย์,49.8
2023,Nov,ปทุมธานี,43.1
2023,Nov,ประจวบคีรีขันธ์,28.2
2023,Nov,ปราจีนบุรี,29.25
2023,Nov,ปัตตานี,614.5
2023,Nov,พระนครศรีอยุธยา,42.5
2023,Nov,พะเยา,19.6
2023,Nov,พังงา,0.4
2023,Nov,พัทลุง,744.1
2023,Nov,พิจิตร,0.0
2023,Nov,พิษณุโลก,13.7
2023,Nov,ภูเก็ต,117.1
2023,Nov,มหาสารคาม,4.6
2023,Nov,มุกดาหาร,0.3
2023,Nov,ยะลา,289.9
2023,Nov,ระนอง,334.2
2023,Nov,ระยอง,43.6
2023,Nov,ราชบุรี,0.0
2023,Nov,ร้อยเอ็ด,1.5
2023,Nov,ลพบุรี,40.825
2023,Nov,ลำปาง,24.3
2023,Nov,ลำพูน,0.0
2023,Nov,ศรีสะเกษ,0.1
2023,Nov,สกลนคร,0.0
2023,Nov,สงขลา,727.4
2023,Nov,สตูล,324.0
2023,Nov,สระแก้ว,46.2
2023,Nov,สุพรรณบุรี,57.5
2023,Nov,สุราษฎร์ธานี,0.0
2023,Nov,สุรินทร์,73.3
2023,Nov,หนองคาย,0.0
2023,Nov,อุดรธานี,0.9
2023,Nov,อุตรดิตถ์,0.3
2023,Nov,อุบลราชธานี,12.3
2023,Nov,เชียงราย,0.8
2023,Nov,เชียงใหม่,1.0
2023,Nov,เพชรบุรี,33.2
2023,Nov,เพชรบูรณ์,12.533333333333331
2023,Nov,เลย,1.8
2023,Nov,แพร่,0.2
2023,Nov,แม่ฮ่องสอน,3.2
2023,Oct,Chok Chai,253.4
2023,Oct,Hua Hin,189.7
2023,Oct,Kabin Buri,169.4
2023,Oct,Khlong Yai,290.5
2023,Oct,Kosum Phisai,194.4
2023,Oct,Lampang,253.5
2023,Oct,Lamphun,184.0
2023,Oct,Lom Sak,171.9
2023,Oct,Lop Buri,99.8
2023,Oct,Mae Sariang,140.1
2023,Oct,Mae Sot,170.2
2023,Oct,Mukdahan,42.7
2023,Oct,Nakhon Phanom,248.6
2023,Oct,Nakhon Ratchasima,380.2
2023,Oct,Nakhon Sawan,136.1
2023,Oct,Nang Rong,204.4
2023,Oct,Narathiwat,31.8
2023,Oct,Nong Khai,50.2
2023,Oct,Phayao,256.8
2023,Oct,Phetchabun,216.5
2023,Oct,Phetchaburi,123.6
2023,Oct,Phitsanulok,344.9
2023,Oct,Prachin Buri,192.1
2023,Oct,Ranong,338.4
2023,Oct,Rayong,288.1
2023,Oct,Roi Et,69.9
2023,Oct,Sakon Nakhon,83.2
2023,Oct,Satun,393.8
2023,Oct,Songkhla,202.5
2023,Oct,Suphan Buri,99.4
2023,Oct,Surin,131.9
2023,Oct,Tha Tum,27.7
2023,Oct,Ubon Ratchathani,180.8
2023,Oct,Uttaradit,312.2
2023,Oct,Wichian Buri,151.7
2023,Oct,กรุงเทพมหานคร,99.4
2023,Oct,กาญจนบุรี,233.7
2023,Oct,กำแพงเพชร,258.7
2023,Oct,ขอนแก่น,150.2
2023,Oct,จันทบุรี,478.0
2023,Oct,ฉะเชิงเทรา,276.5
2023,Oct,ชลบุรี,235.9
2023,Oct,ชัยนาท,223.2
2023,Oct,ชัยภูมิ,107.7
2023,Oct,ชุมพร,207.3
2023,Oct,ตรัง,1.0
2023,Oct,ตราด,290.5
2023,Oct,ตาก,211.35
2023,Oct,นครพนม,248.6
2023,Oct,นครราชสีมา,316.8
2023,Oct,นครศรีธรรมราช,245.6
2023,Oct,นครสวรรค์,136.1
2023,Oct,นราธิวาส,31.8
2023,Oct,น่าน,137.6
2023,Oct,บุรีรัมย์,204.4
2023,Oct,ปทุมธานี,209.1
2023,Oct,ประจวบคีรีขันธ์,189.7
2023,Oct,ปราจีนบุรี,180.75
2023,Oct,ปัตตานี,212.7
2023,Oct,พระนครศรีอยุธยา,282.6
2023,Oct,พะเยา,256.8
2023,Oct,พังงา,0.7
2023,Oct,พัทลุง,327.1
2023,Oct,พิจิตร,0.0
2023,Oct,พิษณุโลก,344.9
2023,Oct,ภูเก็ต,233.25
2023,Oct,มหาสารคาม,194.4
2023,Oct,มุกดาหาร,42.7
2023,Oct,ยะลา,88.2
2023,Oct,ระนอง,338.4
2023,Oct,ระยอง,288.1
2023,Oct,ราชบุรี,0.0
2023,Oct,ร้อยเอ็ด,69.9
2023,Oct,ลพบุรี,213.27499999999998
2023,Oct,ลำปาง,253.5
2023,Oct,ลำพูน,184.0
2023,Oct,ศรีสะเกษ,249.0
2023,Oct,สกลนคร,83.2
2023,Oct,สงขลา,202.5
2023,Oct,สตูล,393.8
2023,Oct,สระแก้ว,164.5
2023,Oct,สุพรรณบุรี,99.4
2023,Oct,สุราษฎร์ธานี,0.5
2023,Oct,สุรินทร์,131.9
2023,Oct,หนองคาย,50.2
2023,Oct,อุดรธานี,0.9
2023,Oct,อุตรดิตถ์,312.2
2023,Oct,อุบลราชธานี,180.8
2023,Oct,เชียงราย,208.0
2023,Oct,เชียงใหม่,246.7
2023,Oct,เพชรบุรี,123.6
2023,Oct,เพชรบูรณ์,180.03333333333333
2023,Oct,เลย,328.6
2023,Oct,แพร่,200.6
2023,Oct,แม่ฮ่องสอน,140.1
2023,Sep,Chok Chai,228.7
2023,Sep,Hua Hin,57.4
2023,Sep,Kabin Buri,349.8
2023,Sep,Khlong Yai,1192.7
2023,Sep,Kosum Phisai,289.7
2023,Sep,Lampang,488.9
2023,Sep,Lamphun,303.0
2023,Sep,Lom Sak,267.2
2023,Sep,Lop Buri,414.4
2023,Sep,Mae Sariang,330.3
2023,Sep,Mae Sot,318.7
2023,Sep,Mukdahan,599.6
2023,Sep,Nakhon Phanom,649.4
2023,Sep,Nakhon Ratchasima,213.8
2023,Sep,Nakhon Sawan,169.3
2023,Sep,Nang Rong,170.1
2023,Sep,Narathiwat,295.5
2023,Sep,Nong Khai,293.5
2023,Sep,Phayao,233.6
2023,Sep,Phetchabun,340.6
2023,Sep,Phetchaburi,179.5
2023,Sep,Phitsanulok,302.0
2023,Sep,Prachin Buri,542.1
2023,Sep,Ranong,909.0
2023,Sep,Rayong,151.5
2023,Sep,Roi Et,452.8
2023,Sep,Sakon Nakhon,573.4
2023,Sep,Satun,464.1
2023,Sep,Songkhla,161.1
2023,Sep,Suphan Buri,142.4
2023,Sep,Surin,246.6
2023,Sep,Tha Tum,27.6
2023,Sep,Ubon Ratchathani,541.7
2023,Sep,Uttaradit,537.3
2023,Sep,Wichian Buri,323.5
2023,Sep,กรุงเทพมหานคร,192.5
2023,Sep,กาญจนบุรี,102.6
2023,Sep,กำแพงเพชร,454.8
2023,Sep,ขอนแก่น,354.7
2023,Sep,จันทบุรี,512.0
2023,Sep,ฉะเชิงเทรา,0.0
2023,Sep,ชลบุรี,258.9
2023,Sep,ชัยนาท,0.0
2023,Sep,ชัยภูมิ,319.6
2023,Sep,ชุมพร,206.3
2023,Sep,ตรัง,0.1
2023,Sep,ตราด,1192.7
2023,Sep,ตาก,262.3
2023,Sep,นครพนม,649.4
2023,Sep,นครราชสีมา,221.25
2023,Sep,นครศรีธรรมราช,0.0
2023,Sep,นครสวรรค์,169.3
2023,Sep,นราธิวาส,295.5
2023,Sep,น่าน,343.3
2023,Sep,บุรีรัมย์,170.1
2023,Sep,ปทุมธานี,0.0
2023,Sep,ประจวบคีรีขันธ์,57.4
2023,Sep,ปราจีนบุรี,445.9500000000001
2023,Sep,ปัตตานี,249.6
2023,Sep,พระนครศรีอยุธยา,0.0
2023,Sep,พะเยา,233.6
2023,Sep,พังงา,0.1
2023,Sep,พัทลุง,0.0
2023,Sep,พิจิตร,0.0
2023,Sep,พิษณุโลก,302.0
2023,Sep,ภูเก็ต,436.65
2023,Sep,มหาสารคาม,289.7
2023,Sep,มุกดาหาร,599.6
2023,Sep,ยะลา,0.0
2023,Sep,ระนอง,909.0
2023,Sep,ระยอง,151.5
2023,Sep,ราชบุรี,0.0
2023,Sep,ร้อยเอ็ด,452.8
2023,Sep,ลพบุรี,247.07500000000002
2023,Sep,ลำปาง,488.9
2023,Sep,ลำพูน,303.0
2023,Sep,ศรีสะเกษ,0.0
2023,Sep,สกลนคร,573.4
2023,Sep,สงขลา,161.1
2023,Sep,สตูล,464.1
2023,Sep,สระแก้ว,313.0
2023,Sep,สุพรรณบุรี,142.4
2023,Sep,สุราษฎร์ธานี,0.1
2023,Sep,สุรินทร์,246.6
2023,Sep,หนองคาย,293.5
2023,Sep,อุดรธานี,0.0
2023,Sep,อุตรดิตถ์,537.3
2023,Sep,อุบลราชธานี,541.7
2023,Sep,เชียงราย,292.7
2023,Sep,เชียงใหม่,387.6
2023,Sep,เพชรบุรี,179.5
2023,Sep,เพชรบูรณ์,310.43333333333334
2023,Sep,เลย,350.6
2023,Sep,แพร่,485.3
2023,Sep,แม่ฮ่องสอน,330.3
2024,Apr,Chok Chai,36.7
2024,Apr,Hua Hin,0.0
2024,Apr,Kabin Buri,2.3
2024,Apr,Khlong Yai,17.6
2024,Apr,Kosum Phisai,2.4
2024,Apr,Lampang,40.6
2024,Apr,Lamphun,3.8
2024,Apr,Lom Sak,19.8
2024,Apr,Lop Buri,0.0
2024,Apr,Mae Sariang,46.7
2024,Apr,Mae Sot,3.1
2024,Apr,Mukdahan,1.1
2024,Apr,Nakhon Phanom,0.0
2024,Apr,Nakhon Ratchasima,37.4
2024,Apr,Nakhon Sawan,0.0
2024,Apr,Nang Rong,6.2
2024,Apr,Narathiwat,31.2
2024,Apr,Nong Khai,45.0
2024,Apr,Phayao,32.0
2024,Apr,Phetchabun,10.9
2024,Apr,Phetchaburi,0.0
2024,Apr,Phitsanulok,1.3
2024,Apr,Prachin Buri,1.2
2024,Apr,Ranong,8.9
2024,Apr,Rayong,0.4
2024,Apr,Roi Et,3.3
2024,Apr,Sakon Nakhon,29.0
2024,Apr,Satun,194.0
2024,Apr,Songkhla,6.5
2024,Apr,Suphan Buri,0.0
2024,Apr,Surin,14.9
2024,Apr,Tha Tum,33.6
2024,Apr,Ubon Ratchathani,13.1
2024,Apr,Uttaradit,0.0
2024,Apr,Wichian Buri,1.8
2024,Apr,กรุงเทพมหานคร,0.4
2024,Apr,กาญจนบุรี,2.0
2024,Apr,กำแพงเพชร,0.2
2024,Apr,ขอนแก่น,17.5
2024,Apr,จันทบุรี,10.0
2024,Apr,ฉะเชิงเทรา,0.0
2024,Apr,ชลบุรี,16.0
2024,Apr,ชัยนาท,0.0
2024,Apr,ชัยภูมิ,2.6
2024,Apr,ชุมพร,4.5
2024,Apr,ตรัง,2.5
2024,Apr,ตราด,17.6
2024,Apr,ตาก,2.7
2024,Apr,นครพนม,0.0
2024,Apr,นครราชสีมา,37.05
2024,Apr,นครศรีธรรมราช,0.0
2024,Apr,นครสวรรค์,0.0
2024,Apr,นราธิวาส,31.2
2024,Apr,น่าน,68.8
2024,Apr,บุรีรัมย์,6.2
2024,Apr,ปทุมธานี,0.0
2024,Apr,ประจวบคีรีขันธ์,0.0
2024,Apr,ปราจีนบุรี,1.75
2024,Apr,ปัตตานี,5.3
2024,Apr,พระนครศรีอยุธยา,0.0
2024,Apr,พะเยา,32.0
2024,Apr,พังงา,1.9
2024,Apr,พัทลุง,0.0
2024,Apr,พิจิตร,0.0
2024,Apr,พิษณุโลก,1.3
2024,Apr,ภูเก็ต,43.900000000000006
2024,Apr,มหาสารคาม,2.4
2024,Apr,มุกดาหาร,1.1
2024,Apr,ยะลา,0.0
2024,Apr,ระนอง,8.9
2024,Apr,ระยอง,0.4
2024,Apr,ราชบุรี,0.0
2024,Apr,ร้อยเอ็ด,3.3
2024,Apr,ลพบุรี,34.650000000000006
2024,Apr,ลำปาง,40.6
2024,Apr,ลำพูน,3.8
2024,Apr,ศรีสะเกษ,0.0
2024,Apr,สกลนคร,29.0
2024,Apr,สงขลา,6.5
2024,Apr,สตูล,194.0
2024,Apr,สระแก้ว,5.2
2024,Apr,สุพรรณบุรี,0.0
2024,Apr,สุราษฎร์ธานี,2.3
2024,Apr,สุรินทร์,14.9
2024,Apr,หนองคาย,45.0
2024,Apr,อุดรธานี,3.7
2024,Apr,อุตรดิตถ์,0.0
2024,Apr,อุบลราชธานี,13.1
2024,Apr,เชียงราย,121.7
2024,Apr,เชียงใหม่,1.4
2024,Apr,เพชรบุรี,0.0
2024,Apr,เพชรบูรณ์,10.833333333333334
2024,Apr,เลย,9.8
2024,Apr,แพร่,0.1
2024,Apr,แม่ฮ่องสอน,46.7
2024,Aug,Chok Chai,128.8
2024,Aug,Hua Hin,33.8
2024,Aug,Kabin Buri,148.0
2024,Aug,Khlong Yai,449.2
2024,Aug,Kosum Phisai,77.7
2024,Aug,Lampang,191.4
2024,Aug,Lamphun,274.7
2024,Aug,Lom Sak,81.0
2024,Aug,Lop Buri,404.6
2024,Aug,Mae Sariang,192.7
2024,Aug,Mae Sot,217.0
2024,Aug,Mukdahan,266.2
2024,Aug,Nakhon Phanom,443.2
2024,Aug,Nakhon Ratchasima,104.6
2024,Aug,Nakhon Sawan,254.4
2024,Aug,Nang Rong,203.0
2024,Aug,Narathiwat,118.1
2024,Aug,Nong Khai,346.6
2024,Aug,Phayao,540.0
2024,Aug,Phetchabun,126.2
2024,Aug,Phetchaburi,42.3
2024,Aug,Phitsanulok,199.8
2024,Aug,Prachin Buri,344.5
2024,Aug,Ranong,362.9
2024,Aug,Rayong,172.0
2024,Aug,Roi Et,109.7
2024,Aug,Sakon Nakhon,460.1
2024,Aug,Satun,250.0
2024,Aug,Songkhla,98.1
2024,Aug,Suphan Buri,264.1
2024,Aug,Surin,158.7
2024,Aug,Tha Tum,28.9
2024,Aug,Ubon Ratchathani,197.9
2024,Aug,Uttaradit,382.2
2024,Aug,Wichian Buri,97.4
2024,Aug,กรุงเทพมหานคร,185.8
2024,Aug,กาญจนบุรี,135.0
2024,Aug,กำแพงเพชร,242.5
2024,Aug,ขอนแก่น,176.8
2024,Aug,จันทบุรี,604.4
2024,Aug,ฉะเชิงเทรา,188.8
2024,Aug,ชลบุรี,189.4
2024,Aug,ชัยนาท,173.0
2024,Aug,ชัยภูมิ,184.9
2024,Aug,ชุมพร,60.2
2024,Aug,ตรัง,0.3
2024,Aug,ตราด,449.2
2024,Aug,ตาก,40.05
2024,Aug,นครพนม,443.2
2024,Aug,นครราชสีมา,116.7
2024,Aug,นครศรีธรรมราช,229.7
2024,Aug,นครสวรรค์,254.4
2024,Aug,นราธิวาส,118.1
2024,Aug,น่าน,471.2
2024,Aug,บุรีรัมย์,203.0
2024,Aug,ปทุมธานี,182.6
2024,Aug,ประจวบคีรีขันธ์,33.8
2024,Aug,ปราจีนบุรี,246.25
2024,Aug,ปัตตานี,246.4
2024,Aug,พระนครศรีอยุธยา,124.0
2024,Aug,พะเยา,540.0
2024,Aug,พังงา,0.3
2024,Aug,พัทลุง,58.3
2024,Aug,พิจิตร,0.0
2024,Aug,พิษณุโลก,199.8
2024,Aug,ภูเก็ต,558.55
2024,Aug,มหาสารคาม,77.7
2024,Aug,มุกดาหาร,266.2
2024,Aug,ยะลา,204.2
2024,Aug,ระนอง,362.9
2024,Aug,ระยอง,172.0
2024,Aug,ราชบุรี,0.0
2024,Aug,ร้อยเอ็ด,109.7
2024,Aug,ลพบุรี,173.6
2024,Aug,ลำปาง,191.4
2024,Aug,ลำพูน,274.7
2024,Aug,ศรีสะเกษ,170.2
2024,Aug,สกลนคร,460.1
2024,Aug,สงขลา,98.1
2024,Aug,สตูล,250.0
2024,Aug,สระแก้ว,127.5
2024,Aug,สุพรรณบุรี,264.1
2024,Aug,สุราษฎร์ธานี,0.9
2024,Aug,สุรินทร์,158.7
2024,Aug,หนองคาย,346.6
2024,Aug,อุดรธานี,0.5
2024,Aug,อุตรดิตถ์,382.2
2024,Aug,อุบลราชธานี,197.9
2024,Aug,เชียงราย,671.2
2024,Aug,เชียงใหม่,237.7
2024,Aug,เพชรบุรี,42.3
2024,Aug,เพชรบูรณ์,101.53333333333336
2024,Aug,เลย,287.4
2024,Aug,แพร่,298.5
2024,Aug,แม่ฮ่องสอน,192.7
2024,Dec,Chok Chai,0.5
2024,Dec,Hua Hin,0.3
2024,Dec,Kabin Buri,0.0
2024,Dec,Khlong Yai,7.7
2024,Dec,Kosum Phisai,0.0
2024,Dec,Lampang,14.3
2024,Dec,Lamphun,13.3
2024,Dec,Lom Sak,0.0
2024,Dec,Lop Buri,0.5
2024,Dec,Mae Sariang,0.0
2024,Dec,Mae Sot,0.1
2024,Dec,Mukdahan,0.0
2024,Dec,Nakhon Phanom,0.0
2024,Dec,Nakhon Ratchasima,0.2
2024,Dec,Nakhon Sawan,1.0
2024,Dec,Nang Rong,0.0
2024,Dec,Narathiwat,397.2
2024,Dec,Nong Khai,0.0
2024,Dec,Phayao,29.0
2024,Dec,Phetchabun,0.0
2024,Dec,Phetchaburi,1.2
2024,Dec,Phitsanulok,0.5
2024,Dec,Prachin Buri,0.0
2024,Dec,Ranong,247.5
2024,Dec,Rayong,1.1
2024,Dec,Roi Et,0.0
2024,Dec,Sakon Nakhon,0.0
2024,Dec,Satun,33.0
2024,Dec,Songkhla,366.2
2024,Dec,Suphan Buri,0.3
2024,Dec,Surin,0.5
2024,Dec,Tha Tum,24.1
2024,Dec,Ubon Ratchathani,0.0
2024,Dec,Uttaradit,0.0
2024,Dec,Wichian Buri,0.0
2024,Dec,กรุงเทพมหานคร,1.2
2024,Dec,กาญจนบุรี,1.1
2024,Dec,กำแพงเพชร,0.2
2024,Dec,ขอนแก่น,0.0
2024,Dec,จันทบุรี,0.8
2024,Dec,ฉะเชิงเทรา,0.1
2024,Dec,ชลบุรี,0.2
2024,Dec,ชัยนาท,0.0
2024,Dec,ชัยภูมิ,2.4
2024,Dec,ชุมพร,482.8
2024,Dec,ตรัง,0.8
2024,Dec,ตราด,7.7
2024,Dec,ตาก,0.6
2024,Dec,นครพนม,0.0
2024,Dec,นครราชสีมา,0.35
2024,Dec,นครศรีธรรมราช,473.5
2024,Dec,นครสวรรค์,1.0
2024,Dec,นราธิวาส,397.2
2024,Dec,น่าน,5.4
2024,Dec,บุรีรัมย์,0.0
2024,Dec,ปทุมธานี,0.0
2024,Dec,ประจวบคีรีขันธ์,0.3
2024,Dec,ปราจีนบุรี,0.0
2024,Dec,ปัตตานี,288.6
2024,Dec,พระนครศรีอยุธยา,0.0
2024,Dec,พะเยา,29.0
2024,Dec,พังงา,0.6
2024,Dec,พัทลุง,210.0
2024,Dec,พิจิตร,0.0
2024,Dec,พิษณุโลก,0.5
2024,Dec,ภูเก็ต,19.25
2024,Dec,มหาสารคาม,0.0
2024,Dec,มุกดาหาร,0.0
2024,Dec,ยะลา,343.8
2024,Dec,ระนอง,247.5
2024,Dec,ระยอง,1.1
2024,Dec,ราชบุรี,0.0
2024,Dec,ร้อยเอ็ด,0.0
2024,Dec,ลพบุรี,0.125
2024,Dec,ลำปาง,14.3
2024,Dec,ลำพูน,13.3
2024,Dec,ศรีสะเกษ,4.1
2024,Dec,สกลนคร,0.0
2024,Dec,สงขลา,366.2
2024,Dec,สตูล,33.0
2024,Dec,สระแก้ว,1.1
2024,Dec,สุพรรณบุรี,0.3
2024,Dec,สุราษฎร์ธานี,0.2
2024,Dec,สุรินทร์,0.5
2024,Dec,หนองคาย,0.0
2024,Dec,อุดรธานี,0.4
2024,Dec,อุตรดิตถ์,0.0
2024,Dec,อุบลราชธานี,0.0
2024,Dec,เชียงราย,31.0
2024,Dec,เชียงใหม่,12.0
2024,Dec,เพชรบุรี,1.2
2024,Dec,เพชรบูรณ์,0.0
2024,Dec,เลย,0.0
2024,Dec,แพร่,1.6
2024,Dec,แม่ฮ่องสอน,0.0
2024,Feb,Chok Chai,0.6
2024,Feb,Hua Hin,4.7
2024,Feb,Kabin Buri,43.2
2024,Feb,Khlong Yai,36.3
2024,Feb,Kosum Phisai,0.4
2024,Feb,Lampang,0.0
2024,Feb,Lamphun,10.4
2024,Feb,Lom Sak,3.5
2024,Feb,Lop Buri,0.0
2024,Feb,Mae Sariang,0.0
2024,Feb,Mae Sot,0.0
2024,Feb,Mukdahan,8.6
2024,Feb,Nakhon Phanom,1.6
2024,Feb,Nakhon Ratchasima,0.0
2024,Feb,Nakhon Sawan,5.7
2024,Feb,Nang Rong,4.8
2024,Feb,Narathiwat,10.3
2024,Feb,Nong Khai,2.9
2024,Feb,Phayao,0.0
2024,Feb,Phetchabun,0.0
2024,Feb,Phetchaburi,7.2
2024,Feb,Phitsanulok,0.2
2024,Feb,Prachin Buri,0.5
2024,Feb,Ranong,21.7
2024,Feb,Rayong,41.2
2024,Feb,Roi Et,0.0
2024,Feb,Sakon Nakhon,3.2
2024,Feb,Satun,0.0
2024,Feb,Songkhla,7.6
2024,Feb,Suphan Buri,0.0
2024,Feb,Surin,0.0
2024,Feb,Tha Tum,28.2
2024,Feb,Ubon Ratchathani,2.3
2024,Feb,Uttaradit,0.0
2024,Feb,Wichian Buri,5.0
2024,Feb,กรุงเทพมหานคร,2.2
2024,Feb,กาญจนบุรี,0.0
2024,Feb,กำแพงเพชร,0.3
2024,Feb,ขอนแก่น,0.0
2024,Feb,จันทบุรี,62.6
2024,Feb,ฉะเชิงเทรา,28.7
2024,Feb,ชลบุรี,0.6
2024,Feb,ชัยนาท,0.0
2024,Feb,ชัยภูมิ,0.0
2024,Feb,ชุมพร,41.8
2024,Feb,ตรัง,1.3
2024,Feb,ตราด,36.3
2024,Feb,ตาก,1.15
2024,Feb,นครพนม,1.6
2024,Feb,นครราชสีมา,0.3
2024,Feb,นครศรีธรรมราช,2.0
2024,Feb,นครสวรรค์,5.7
2024,Feb,นราธิวาส,10.3
2024,Feb,น่าน,0.0
2024,Feb,บุรีรัมย์,4.8
2024,Feb,ปทุมธานี,0.1
2024,Feb,ประจวบคีรีขันธ์,4.7
2024,Feb,ปราจีนบุรี,21.85
2024,Feb,ปัตตานี,1.5
2024,Feb,พระนครศรีอยุธยา,3.8
2024,Feb,พะเยา,0.0
2024,Feb,พังงา,1.2
2024,Feb,พัทลุง,7.7
2024,Feb,พิจิตร,16.5
2024,Feb,พิษณุโลก,0.2
2024,Feb,ภูเก็ต,0.9
2024,Feb,มหาสารคาม,0.4
2024,Feb,มุกดาหาร,8.6
2024,Feb,ยะลา,2.7
2024,Feb,ระนอง,21.7
2024,Feb,ระยอง,41.2
2024,Feb,ราชบุรี,12.1
2024,Feb,ร้อยเอ็ด,0.0
2024,Feb,ลพบุรี,0.0
2024,Feb,ลำปาง,0.0
2024,Feb,ลำพูน,10.4
2024,Feb,ศรีสะเกษ,1.0
2024,Feb,สกลนคร,3.2
2024,Feb,สงขลา,7.6
2024,Feb,สตูล,0.0
2024,Feb,สระแก้ว,0.0
2024,Feb,สุพรรณบุรี,0.0
2024,Feb,สุราษฎร์ธานี,1.2
2024,Feb,สุรินทร์,0.0
2024,Feb,หนองคาย,2.9
2024,Feb,อุดรธานี,2.1
2024,Feb,อุตรดิตถ์,0.0
2024,Feb,อุบลราชธานี,2.3
2024,Feb,เชียงราย,0.0
2024,Feb,เชียงใหม่,0.0
2024,Feb,เพชรบุรี,7.2
2024,Feb,เพชรบูรณ์,2.833333333333333
2024,Feb,เลย,0.1
2024,Feb,แพร่,0.0
2024,Feb,แม่ฮ่องสอน,0.0
2024,Jan,Chok Chai,0.0
2024,Jan,Hua Hin,13.7
2024,Jan,Kabin Buri,0.0
2024,Jan,Khlong Yai,59.5
2024,Jan,Kosum Phisai,0.0
2024,Jan,Lampang,11.0
2024,Jan,Lamphun,0.6
2024,Jan,Lom Sak,0.7
2024,Jan,Lop Buri,0.0
2024,Jan,Mae Sariang,2.0
2024,Jan,Mae Sot,16.7
2024,Jan,Mukdahan,0.0
2024,Jan,Nakhon Phanom,0.0
2024,Jan,Nakhon Ratchasima,0.1
2024,Jan,Nakhon Sawan,24.6
2024,Jan,Nang Rong,0.0
2024,Jan,Narathiwat,131.6
2024,Jan,Nong Khai,38.8
2024,Jan,Phayao,1.2
2024,Jan,Phetchabun,0.0
2024,Jan,Phetchaburi,6.2
2024,Jan,Phitsanulok,5.2
2024,Jan,Prachin Buri,0.3
2024,Jan,Ranong,4.5
2024,Jan,Rayong,0.0
2024,Jan,Roi Et,0.0
2024,Jan,Sakon Nakhon,0.2
2024,Jan,Satun,0.4
2024,Jan,Songkhla,66.8
2024,Jan,Suphan Buri,2.3
2024,Jan,Surin,0.0
2024,Jan,Tha Tum,25.5
2024,Jan,Ubon Ratchathani,0.0
2024,Jan,Uttaradit,17.9
2024,Jan,Wichian Buri,0.0
2024,Jan,กรุงเทพมหานคร,0.2
2024,Jan,กาญจนบุรี,1.8
2024,Jan,กำแพงเพชร,8.6
2024,Jan,ขอนแก่น,0.0
2024,Jan,จันทบุรี,0.0
2024,Jan,ฉะเชิงเทรา,0.0
2024,Jan,ชลบุรี,0.0
2024,Jan,ชัยนาท,0.0
2024,Jan,ชัยภูมิ,0.2
2024,Jan,ชุมพร,118.7
2024,Jan,ตรัง,1.1
2024,Jan,ตราด,59.5
2024,Jan,ตาก,9.149999999999999
2024,Jan,นครพนม,0.0
2024,Jan,นครราชสีมา,0.05
2024,Jan,นครศรีธรรมราช,0.0
2024,Jan,นครสวรรค์,24.6
2024,Jan,นราธิวาส,131.6
2024,Jan,น่าน,15.8
2024,Jan,บุรีรัมย์,0.0
2024,Jan,ปทุมธานี,0.0
2024,Jan,ประจวบคีรีขันธ์,13.7
2024,Jan,ปราจีนบุรี,0.15
2024,Jan,ปัตตานี,64.6
2024,Jan,พระนครศรีอยุธยา,0.0
2024,Jan,พะเยา,1.2
2024,Jan,พังงา,1.1
2024,Jan,พัทลุง,0.0
2024,Jan,พิจิตร,0.0
2024,Jan,พิษณุโลก,5.2
2024,Jan,ภูเก็ต,15.75
2024,Jan,มหาสารคาม,0.0
2024,Jan,มุกดาหาร,0.0
2024,Jan,ยะลา,0.0
2024,Jan,ระนอง,4.5
2024,Jan,ระยอง,0.0
2024,Jan,ราชบุรี,0.0
2024,Jan,ร้อยเอ็ด,0.0
2024,Jan,ลพบุรี,0.0
2024,Jan,ลำปาง,11.0
2024,Jan,ลำพูน,0.6
2024,Jan,ศรีสะเกษ,0.0
2024,Jan,สกลนคร,0.2
2024,Jan,สงขลา,66.8
2024,Jan,สตูล,0.4
2024,Jan,สระแก้ว,0.0
2024,Jan,สุพรรณบุรี,2.3
2024,Jan,สุราษฎร์ธานี,1.2
2024,Jan,สุรินทร์,0.0
2024,Jan,หนองคาย,38.8
2024,Jan,อุดรธานี,1.2
2024,Jan,อุตรดิตถ์,17.9
2024,Jan,อุบลราชธานี,0.0
2024,Jan,เชียงราย,8.8
2024,Jan,เชียงใหม่,4.4
2024,Jan,เพชรบุรี,6.2
2024,Jan,เพชรบูรณ์,0.2333333333333333
2024,Jan,เลย,3.1
2024,Jan,แพร่,20.5
2024,Jan,แม่ฮ่องสอน,2.0
2024,Jul,Chok Chai,117.7
2024,Jul,Hua Hin,83.2
2024,Jul,Kabin Buri,381.4
2024,Jul,Khlong Yai,1561.2
2024,Jul,Kosum Phisai,305.9
2024,Jul,Lampang,113.3
2024,Jul,Lamphun,82.8
2024,Jul,Lom Sak,150.7
2024,Jul,Lop Buri,163.5
2024,Jul,Mae Sariang,210.2
2024,Jul,Mae Sot,586.8
2024,Jul,Mukdahan,378.8
2024,Jul,Nakhon Phanom,412.8
2024,Jul,Nakhon Ratchasima,189.2
2024,Jul,Nakhon Sawan,156.5
2024,Jul,Nang Rong,146.4
2024,Jul,Narathiwat,50.8
2024,Jul,Nong Khai,458.6
2024,Jul,Phayao,176.4
2024,Jul,Phetchabun,178.3
2024,Jul,Phetchaburi,112.9
2024,Jul,Phitsanulok,252.1
2024,Jul,Prachin Buri,332.0
2024,Jul,Ranong,644.8
2024,Jul,Rayong,291.9
2024,Jul,Roi Et,214.1
2024,Jul,Sakon Nakhon,269.6
2024,Jul,Satun,181.8
2024,Jul,Songkhla,98.9
2024,Jul,Suphan Buri,38.8
2024,Jul,Surin,201.6
2024,Jul,Tha Tum,28.1
2024,Jul,Ubon Ratchathani,443.8
2024,Jul,Uttaradit,184.0
2024,Jul,Wichian Buri,232.4
2024,Jul,กรุงเทพมหานคร,234.0
2024,Jul,กาญจนบุรี,151.1
2024,Jul,กำแพงเพชร,202.7
2024,Jul,ขอนแก่น,226.4
2024,Jul,จันทบุรี,968.6
2024,Jul,ฉะเชิงเทรา,0.0
2024,Jul,ชลบุรี,173.2
2024,Jul,ชัยนาท,0.0
2024,Jul,ชัยภูมิ,293.2
2024,Jul,ชุมพร,218.3
2024,Jul,ตรัง,0.8
2024,Jul,ตราด,1561.2
2024,Jul,ตาก,62.2
2024,Jul,นครพนม,412.8
2024,Jul,นครราชสีมา,153.45
2024,Jul,นครศรีธรรมราช,0.0
2024,Jul,นครสวรรค์,156.5
2024,Jul,นราธิวาส,50.8
2024,Jul,น่าน,336.7
2024,Jul,บุรีรัมย์,146.4
2024,Jul,ปทุมธานี,0.0
2024,Jul,ประจวบคีรีขันธ์,83.2
2024,Jul,ปราจีนบุรี,356.7
2024,Jul,ปัตตานี,108.8
2024,Jul,พระนครศรีอยุธยา,0.0
2024,Jul,พะเยา,176.4
2024,Jul,พังงา,0.4
2024,Jul,พัทลุง,0.0
2024,Jul,พิจิตร,0.0
2024,Jul,พิษณุโลก,252.1
2024,Jul,ภูเก็ต,322.29999999999995
2024,Jul,มหาสารคาม,305.9
2024,Jul,มุกดาหาร,378.8
2024,Jul,ยะลา,0.0
2024,Jul,ระนอง,644.8
2024,Jul,ระยอง,291.9
2024,Jul,ราชบุรี,0.0
2024,Jul,ร้อยเอ็ด,214.1
2024,Jul,ลพบุรี,160.875
2024,Jul,ลำปาง,113.3
2024,Jul,ลำพูน,82.8
2024,Jul,ศรีสะเกษ,0.0
2024,Jul,สกลนคร,269.6
2024,Jul,สงขลา,98.9
2024,Jul,สตูล,181.8
2024,Jul,สระแก้ว,246.0
2024,Jul,สุพรรณบุรี,38.8
2024,Jul,สุราษฎร์ธานี,0.7
2024,Jul,สุรินทร์,201.6
2024,Jul,หนองคาย,458.6
2024,Jul,อุดรธานี,0.3
2024,Jul,อุตรดิตถ์,184.0
2024,Jul,อุบลราชธานี,443.8
2024,Jul,เชียงราย,246.6
2024,Jul,เชียงใหม่,129.5
2024,Jul,เพชรบุรี,112.9
2024,Jul,เพชรบูรณ์,187.13333333333333
2024,Jul,เลย,277.8
2024,Jul,แพร่,221.8
2024,Jul,แม่ฮ่องสอน,210.2
2024,Jun,Chok Chai,163.9
2024,Jun,Hua Hin,26.6
2024,Jun,Kabin Buri,254.7
2024,Jun,Khlong Yai,1073.0
2024,Jun,Kosum Phisai,137.3
2024,Jun,Lampang,146.2
2024,Jun,Lamphun,161.4
2024,Jun,Lom Sak,49.6
2024,Jun,Lop Buri,91.4
2024,Jun,Mae Sariang,124.8
2024,Jun,Mae Sot,357.8
2024,Jun,Mukdahan,151.7
2024,Jun,Nakhon Phanom,488.5
2024,Jun,Nakhon Ratchasima,99.3
2024,Jun,Nakhon Sawan,83.5
2024,Jun,Nang Rong,122.2
2024,Jun,Narathiwat,220.4
2024,Jun,Nong Khai,440.5
2024,Jun,Phayao,89.9
2024,Jun,Phetchabun,107.0
2024,Jun,Phetchaburi,39.3
2024,Jun,Phitsanulok,91.4
2024,Jun,Prachin Buri,177.6
2024,Jun,Ranong,495.1
2024,Jun,Rayong,78.0
2024,Jun,Roi Et,102.6
2024,Jun,Sakon Nakhon,157.7
2024,Jun,Satun,114.1
2024,Jun,Songkhla,23.5
2024,Jun,Suphan Buri,32.3
2024,Jun,Surin,138.6
2024,Jun,Tha Tum,29.8
2024,Jun,Ubon Ratchathani,210.0
2024,Jun,Uttaradit,116.6
2024,Jun,Wichian Buri,290.0
2024,Jun,กรุงเทพมหานคร,179.0
2024,Jun,กาญจนบุรี,19.1
2024,Jun,กำแพงเพชร,144.8
2024,Jun,ขอนแก่น,132.0
2024,Jun,จันทบุรี,516.9
2024,Jun,ฉะเชิงเทรา,75.2
2024,Jun,ชลบุรี,47.7
2024,Jun,ชัยนาท,27.6
2024,Jun,ชัยภูมิ,47.1
2024,Jun,ชุมพร,91.7
2024,Jun,ตรัง,0.9
2024,Jun,ตราด,1073.0
2024,Jun,ตาก,35.4
2024,Jun,นครพนม,488.5
2024,Jun,นครราชสีมา,131.6
2024,Jun,นครศรีธรรมราช,93.0
2024,Jun,นครสวรรค์,83.5
2024,Jun,นราธิวาส,220.4
2024,Jun,น่าน,240.0
2024,Jun,บุรีรัมย์,122.2
2024,Jun,ปทุมธานี,68.5
2024,Jun,ประจวบคีรีขันธ์,26.6
2024,Jun,ปราจีนบุรี,216.15
2024,Jun,ปัตตานี,103.8
2024,Jun,พระนครศรีอยุธยา,51.8
2024,Jun,พะเยา,89.9
2024,Jun,พังงา,0.7
2024,Jun,พัทลุง,39.4
2024,Jun,พิจิตร,0.0
2024,Jun,พิษณุโลก,91.4
2024,Jun,ภูเก็ต,407.25
2024,Jun,มหาสารคาม,137.3
2024,Jun,มุกดาหาร,151.7
2024,Jun,ยะลา,302.7
2024,Jun,ระนอง,495.1
2024,Jun,ระยอง,78.0
2024,Jun,ราชบุรี,0.0
2024,Jun,ร้อยเอ็ด,102.6
2024,Jun,ลพบุรี,139.4
2024,Jun,ลำปาง,146.2
2024,Jun,ลำพูน,161.4
2024,Jun,ศรีสะเกษ,140.2
2024,Jun,สกลนคร,157.7
2024,Jun,สงขลา,23.5
2024,Jun,สตูล,114.1
2024,Jun,สระแก้ว,58.3
2024,Jun,สุพรรณบุรี,32.3
2024,Jun,สุราษฎร์ธานี,1.5
2024,Jun,สุรินทร์,138.6
2024,Jun,หนองคาย,440.5
2024,Jun,อุดรธานี,0.7
2024,Jun,อุตรดิตถ์,116.6
2024,Jun,อุบลราชธานี,210.0
2024,Jun,เชียงราย,169.4
2024,Jun,เชียงใหม่,68.4
2024,Jun,เพชรบุรี,39.3
2024,Jun,เพชรบูรณ์,148.86666666666667
2024,Jun,เลย,167.9
2024,Jun,แพร่,52.6
2024,Jun,แม่ฮ่องสอน,124.8
2024,Mar,Chok Chai,59.6
2024,Mar,Hua Hin,80.1
2024,Mar,Kabin Buri,8.7
2024,Mar,Khlong Yai,177.6
2024,Mar,Kosum Phisai,48.5
2024,Mar,Lampang,19.4
2024,Mar,Lamphun,0.2
2024,Mar,Lom Sak,30.6
2024,Mar,Lop Buri,75.1
2024,Mar,Mae Sariang,0.0
2024,Mar,Mae Sot,1.0
2024,Mar,Mukdahan,87.5
2024,Mar,Nakhon Phanom,90.6
2024,Mar,Nakhon Ratchasima,81.5
2024,Mar,Nakhon Sawan,101.5
2024,Mar,Nang Rong,151.6
2024,Mar,Narathiwat,14.0
2024,Mar,Nong Khai,98.8
2024,Mar,Phayao,15.9
2024,Mar,Phetchabun,92.1
2024,Mar,Phetchaburi,28.4
2024,Mar,Phitsanulok,87.0
2024,Mar,Prachin Buri,106.6
2024,Mar,Ranong,10.4
2024,Mar,Rayong,41.4
2024,Mar,Roi Et,98.5
2024,Mar,Sakon Nakhon,25.2
2024,Mar,Satun,93.1
2024,Mar,Songkhla,16.8
2024,Mar,Suphan Buri,0.1
2024,Mar,Surin,9.5
2024,Mar,Tha Tum,29.8
2024,Mar,Ubon Ratchathani,7.6
2024,Mar,Uttaradit,45.9
2024,Mar,Wichian Buri,57.1
2024,Mar,กรุงเทพมหานคร,17.8
2024,Mar,กาญจนบุรี,4.8
2024,Mar,กำแพงเพชร,83.6
2024,Mar,ขอนแก่น,39.9
2024,Mar,จันทบุรี,76.7
2024,Mar,ฉะเชิงเทรา,95.4
2024,Mar,ชลบุรี,32.6
2024,Mar,ชัยนาท,6.1
2024,Mar,ชัยภูมิ,28.8
2024,Mar,ชุมพร,10.3
2024,Mar,ตรัง,1.4
2024,Mar,ตราด,177.6
2024,Mar,ตาก,2.05
2024,Mar,นครพนม,90.6
2024,Mar,นครราชสีมา,70.55
2024,Mar,นครศรีธรรมราช,53.3
2024,Mar,นครสวรรค์,101.5
2024,Mar,นราธิวาส,14.0
2024,Mar,น่าน,13.4
2024,Mar,บุรีรัมย์,151.6
2024,Mar,ปทุมธานี,37.5
2024,Mar,ประจวบคีรีขันธ์,80.1
2024,Mar,ปราจีนบุรี,57.65
2024,Mar,ปัตตานี,42.9
2024,Mar,พระนครศรีอยุธยา,7.3
2024,Mar,พะเยา,15.9
2024,Mar,พังงา,1.2
2024,Mar,พัทลุง,58.7
2024,Mar,พิจิตร,1.0
2024,Mar,พิษณุโลก,87.0
2024,Mar,ภูเก็ต,24.0
2024,Mar,มหาสารคาม,48.5
2024,Mar,มุกดาหาร,87.5
2024,Mar,ยะลา,200.5
2024,Mar,ระนอง,10.4
2024,Mar,ระยอง,41.4
2024,Mar,ราชบุรี,19.9
2024,Mar,ร้อยเอ็ด,98.5
2024,Mar,ลพบุรี,66.92500000000001
2024,Mar,ลำปาง,19.4
2024,Mar,ลำพูน,0.2
2024,Mar,ศรีสะเกษ,1.0
2024,Mar,สกลนคร,25.2
2024,Mar,สงขลา,16.8
2024,Mar,สตูล,93.1
2024,Mar,สระแก้ว,13.4
2024,Mar,สุพรรณบุรี,0.1
2024,Mar,สุราษฎร์ธานี,1.2
2024,Mar,สุรินทร์,9.5
2024,Mar,หนองคาย,98.8
2024,Mar,อุดรธานี,0.7
2024,Mar,อุตรดิตถ์,45.9
2024,Mar,อุบลราชธานี,7.6
2024,Mar,เชียงราย,4.3
2024,Mar,เชียงใหม่,13.2
2024,Mar,เพชรบุรี,28.4
2024,Mar,เพชรบูรณ์,59.93333333333333
2024,Mar,เลย,123.3
2024,Mar,แพร่,22.3
2024,Mar,แม่ฮ่องสอน,0.0
2024,May,Chok Chai,170.6
2024,May,Hua Hin,81.0
2024,May,Kabin Buri,142.3
2024,May,Khlong Yai,300.1
2024,May,Kosum Phisai,202.6
2024,May,Lampang,182.7
2024,May,Lamphun,135.2
2024,May,Lom Sak,200.2
2024,May,Lop Buri,264.2
2024,May,Mae Sariang,208.1
2024,May,Mae Sot,130.3
2024,May,Mukdahan,125.5
2024,May,Nakhon Phanom,270.8
2024,May,Nakhon Ratchasima,127.7
2024,May,Nakhon Sawan,206.5
2024,May,Nang Rong,84.6
2024,May,Narathiwat,117.2
2024,May,Nong Khai,147.6
2024,May,Phayao,148.4
2024,May,Phetchabun,173.5
2024,May,Phetchaburi,57.3
2024,May,Phitsanulok,226.9
2024,May,Prachin Buri,187.4
2024,May,Ranong,312.0
2024,May,Rayong,427.7
2024,May,Roi Et,293.5
2024,May,Sakon Nakhon,259.5
2024,May,Satun,169.3
2024,May,Songkhla,54.4
2024,May,Suphan Buri,133.9
2024,May,Surin,111.7
2024,May,Tha Tum,30.5
2024,May,Ubon Ratchathani,413.9
2024,May,Uttaradit,291.4
2024,May,Wichian Buri,173.0
2024,May,กรุงเทพมหานคร,204.3
2024,May,กาญจนบุรี,129.6
2024,May,กำแพงเพชร,100.7
2024,May,ขอนแก่น,291.2
2024,May,จันทบุรี,530.4
2024,May,ฉะเชิงเทรา,57.1
2024,May,ชลบุรี,359.3
2024,May,ชัยนาท,15.5
2024,May,ชัยภูมิ,220.6
2024,May,ชุมพร,84.9
2024,May,ตรัง,1.5
2024,May,ตราด,300.1
2024,May,ตาก,186.45
2024,May,นครพนม,270.8
2024,May,นครราชสีมา,149.15
2024,May,นครศรีธรรมราช,189.0
2024,May,นครสวรรค์,206.5
2024,May,นราธิวาส,117.2
2024,May,น่าน,181.5
2024,May,บุรีรัมย์,84.6
2024,May,ปทุมธานี,164.4
2024,May,ประจวบคีรีขันธ์,81.0
2024,May,ปราจีนบุรี,164.85000000000002
2024,May,ปัตตานี,108.5
2024,May,พระนครศรีอยุธยา,121.0
2024,May,พะเยา,148.4
2024,May,พังงา,1.2
2024,May,พัทลุง,61.9
2024,May,พิจิตร,0.0
2024,May,พิษณุโลก,226.9
2024,May,ภูเก็ต,244.35000000000002
2024,May,มหาสารคาม,202.6
2024,May,มุกดาหาร,125.5
2024,May,ยะลา,375.2
2024,May,ระนอง,312.0
2024,May,ระยอง,427.7
2024,May,ราชบุรี,0.0
2024,May,ร้อยเอ็ด,293.5
2024,May,ลพบุรี,289.25
2024,May,ลำปาง,182.7
2024,May,ลำพูน,135.2
2024,May,ศรีสะเกษ,155.4
2024,May,สกลนคร,259.5
2024,May,สงขลา,54.4
2024,May,สตูล,169.3
2024,May,สระแก้ว,172.2
2024,May,สุพรรณบุรี,133.9
2024,May,สุราษฎร์ธานี,2.4
2024,May,สุรินทร์,111.7
2024,May,หนองคาย,147.6
2024,May,อุดรธานี,1.7
2024,May,อุตรดิตถ์,291.4
2024,May,อุบลราชธานี,413.9
2024,May,เชียงราย,173.5
2024,May,เชียงใหม่,88.4
2024,May,เพชรบุรี,57.3
2024,May,เพชรบูรณ์,182.2333333333333
2024,May,เลย,374.8
2024,May,แพร่,279.1
2024,May,แม่ฮ่องสอน,208.1
2024,Nov,Chok Chai,29.5
2024,Nov,Hua Hin,173.0
2024,Nov,Kabin Buri,5.2
2024,Nov,Khlong Yai,65.3
2024,Nov,Kosum Phisai,6.4
2024,Nov,Lampang,12.7
2024,Nov,Lamphun,37.9
2024,Nov,Lom Sak,12.9
2024,Nov,Lop Buri,42.1
2024,Nov,Mae Sariang,60.8
2024,Nov,Mae Sot,22.8
2024,Nov,Mukdahan,1.2
2024,Nov,Nakhon Phanom,0.1
2024,Nov,Nakhon Ratchasima,10.6
2024,Nov,Nakhon Sawan,66.9
2024,Nov,Nang Rong,7.4
2024,Nov,Narathiwat,1662.0
2024,Nov,Nong Khai,0.0
2024,Nov,Phayao,16.9
2024,Nov,Phetchabun,23.6
2024,Nov,Phetchaburi,199.8
2024,Nov,Phitsanulok,0.0
2024,Nov,Prachin Buri,1.6
2024,Nov,Ranong,139.5
2024,Nov,Rayong,49.2
2024,Nov,Roi Et,4.2
2024,Nov,Sakon Nakhon,0.0
2024,Nov,Satun,260.7
2024,Nov,Songkhla,1344.7
2024,Nov,Suphan Buri,0.3
2024,Nov,Surin,9.3
2024,Nov,Tha Tum,26.6
2024,Nov,Ubon Ratchathani,0.5
2024,Nov,Uttaradit,10.2
2024,Nov,Wichian Buri,13.9
2024,Nov,กรุงเทพมหานคร,14.4
2024,Nov,กาญจนบุรี,29.6
2024,Nov,กำแพงเพชร,3.8
2024,Nov,ขอนแก่น,0.0
2024,Nov,จันทบุรี,25.6
2024,Nov,ฉะเชิงเทรา,61.2
2024,Nov,ชลบุรี,73.5
2024,Nov,ชัยนาท,8.6
2024,Nov,ชัยภูมิ,10.3
2024,Nov,ชุมพร,923.5
2024,Nov,ตรัง,0.2
2024,Nov,ตราด,65.3
2024,Nov,ตาก,9.700000000000001
2024,Nov,นครพนม,0.1
2024,Nov,นครราชสีมา,20.05
2024,Nov,นครศรีธรรมราช,1012.3
2024,Nov,นครสวรรค์,66.9
2024,Nov,นราธิวาส,1662.0
2024,Nov,น่าน,11.2
2024,Nov,บุรีรัมย์,7.4
2024,Nov,ปทุมธานี,43.1
2024,Nov,ประจวบคีรีขันธ์,173.0
2024,Nov,ปราจีนบุรี,3.4000000000000004
2024,Nov,ปัตตานี,1402.3
2024,Nov,พระนครศรีอยุธยา,42.5
2024,Nov,พะเยา,16.9
2024,Nov,พังงา,0.9
2024,Nov,พัทลุง,744.1
2024,Nov,พิจิตร,0.0
2024,Nov,พิษณุโลก,0.0
2024,Nov,ภูเก็ต,86.44999999999999
2024,Nov,มหาสารคาม,6.4
2024,Nov,มุกดาหาร,1.2
2024,Nov,ยะลา,289.9
2024,Nov,ระนอง,139.5
2024,Nov,ระยอง,49.2
2024,Nov,ราชบุรี,0.0
2024,Nov,ร้อยเอ็ด,4.2
2024,Nov,ลพบุรี,34.375
2024,Nov,ลำปาง,12.7
2024,Nov,ลำพูน,37.9
2024,Nov,ศรีสะเกษ,0.1
2024,Nov,สกลนคร,0.0
2024,Nov,สงขลา,1344.7
2024,Nov,สตูล,260.7
2024,Nov,สระแก้ว,56.7
2024,Nov,สุพรรณบุรี,0.3
2024,Nov,สุราษฎร์ธานี,0.4
2024,Nov,สุรินทร์,9.3
2024,Nov,หนองคาย,0.0
2024,Nov,อุดรธานี,1.1
2024,Nov,อุตรดิตถ์,10.2
2024,Nov,อุบลราชธานี,0.5
2024,Nov,เชียงราย,25.1
2024,Nov,เชียงใหม่,47.2
2024,Nov,เพชรบุรี,199.8
2024,Nov,เพชรบูรณ์,16.8
2024,Nov,เลย,3.7
2024,Nov,แพร่,26.5
2024,Nov,แม่ฮ่องสอน,60.8
2024,Oct,Chok Chai,354.6
2024,Oct,Hua Hin,323.1
2024,Oct,Kabin Buri,193.4
2024,Oct,Khlong Yai,520.4
2024,Oct,Kosum Phisai,47.4
2024,Oct,Lampang,119.6
2024,Oct,Lamphun,138.7
2024,Oct,Lom Sak,145.6
2024,Oct,Lop Buri,89.0
2024,Oct,Mae Sariang,79.2
2024,Oct,Mae Sot,112.8
2024,Oct,Mukdahan,100.6
2024,Oct,Nakhon Phanom,17.1
2024,Oct,Nakhon Ratchasima,144.5
2024,Oct,Nakhon Sawan,130.0
2024,Oct,Nang Rong,202.0
2024,Oct,Narathiwat,184.6
2024,Oct,Nong Khai,41.0
2024,Oct,Phayao,153.5
2024,Oct,Phetchabun,148.6
2024,Oct,Phetchaburi,309.7
2024,Oct,Phitsanulok,199.6
2024,Oct,Prachin Buri,245.1
2024,Oct,Ranong,297.1
2024,Oct,Rayong,228.4
2024,Oct,Roi Et,25.7
2024,Oct,Sakon Nakhon,10.2
2024,Oct,Satun,290.4
2024,Oct,Songkhla,209.7
2024,Oct,Suphan Buri,263.0
2024,Oct,Surin,52.0
2024,Oct,Tha Tum,27.7
2024,Oct,Ubon Ratchathani,170.5
2024,Oct,Uttaradit,151.9
2024,Oct,Wichian Buri,168.6
2024,Oct,กรุงเทพมหานคร,198.0
2024,Oct,กาญจนบุรี,283.4
2024,Oct,กำแพงเพชร,212.1
2024,Oct,ขอนแก่น,27.7
2024,Oct,จันทบุรี,202.5
2024,Oct,ฉะเชิงเทรา,276.5
2024,Oct,ชลบุรี,107.9
2024,Oct,ชัยนาท,223.2
2024,Oct,ชัยภูมิ,57.8
2024,Oct,ชุมพร,250.8
2024,Oct,ตรัง,0.6
2024,Oct,ตราด,520.4
2024,Oct,ตาก,151.6
2024,Oct,นครพนม,17.1
2024,Oct,นครราชสีมา,249.55
2024,Oct,นครศรีธรรมราช,245.6
2024,Oct,นครสวรรค์,130.0
2024,Oct,นราธิวาส,184.6
2024,Oct,น่าน,118.9
2024,Oct,บุรีรัมย์,202.0
2024,Oct,ปทุมธานี,209.1
2024,Oct,ประจวบคีรีขันธ์,323.1
2024,Oct,ปราจีนบุรี,219.25
2024,Oct,ปัตตานี,163.9
2024,Oct,พระนครศรีอยุธยา,282.6
2024,Oct,พะเยา,153.5
2024,Oct,พังงา,0.6
2024,Oct,พัทลุง,327.1
2024,Oct,พิจิตร,0.0
2024,Oct,พิษณุโลก,199.6
2024,Oct,ภูเก็ต,361.95000000000005
2024,Oct,มหาสารคาม,47.4
2024,Oct,มุกดาหาร,100.6
2024,Oct,ยะลา,88.2
2024,Oct,ระนอง,297.1
2024,Oct,ระยอง,228.4
2024,Oct,ราชบุรี,0.0
2024,Oct,ร้อยเอ็ด,25.7
2024,Oct,ลพบุรี,93.65
2024,Oct,ลำปาง,119.6
2024,Oct,ลำพูน,138.7
2024,Oct,ศรีสะเกษ,249.0
2024,Oct,สกลนคร,10.2
2024,Oct,สงขลา,209.7
2024,Oct,สตูล,290.4
2024,Oct,สระแก้ว,124.8
2024,Oct,สุพรรณบุรี,263.0
2024,Oct,สุราษฎร์ธานี,0.5
2024,Oct,สุรินทร์,52.0
2024,Oct,หนองคาย,41.0
2024,Oct,อุดรธานี,1.1
2024,Oct,อุตรดิตถ์,151.9
2024,Oct,อุบลราชธานี,170.5
2024,Oct,เชียงราย,244.9
2024,Oct,เชียงใหม่,144.5
2024,Oct,เพชรบุรี,309.7
2024,Oct,เพชรบูรณ์,154.26666666666665
2024,Oct,เลย,67.6
2024,Oct,แพร่,51.1
2024,Oct,แม่ฮ่องสอน,79.2
2024,Sep,Chok Chai,239.2
2024,Sep,Hua Hin,77.2
2024,Sep,Kabin Buri,296.8
2024,Sep,Khlong Yai,1189.3
2024,Sep,Kosum Phisai,224.2
2024,Sep,Lampang,337.3
2024,Sep,Lamphun,325.3
2024,Sep,Lom Sak,155.2
2024,Sep,Lop Buri,183.1
2024,Sep,Mae Sariang,191.7
2024,Sep,Mae Sot,331.8
2024,Sep,Mukdahan,484.6
2024,Sep,Nakhon Phanom,487.2
2024,Sep,Nakhon Ratchasima,187.4
2024,Sep,Nakhon Sawan,256.6
2024,Sep,Nang Rong,201.2
2024,Sep,Narathiwat,150.3
2024,Sep,Nong Khai,611.5
2024,Sep,Phayao,377.2
2024,Sep,Phetchabun,179.2
2024,Sep,Phetchaburi,107.8
2024,Sep,Phitsanulok,173.9
2024,Sep,Prachin Buri,387.8
2024,Sep,Ranong,712.8
2024,Sep,Rayong,155.8
2024,Sep,Roi Et,281.2
2024,Sep,Sakon Nakhon,330.4
2024,Sep,Satun,461.7
2024,Sep,Songkhla,178.4
2024,Sep,Suphan Buri,222.0
2024,Sep,Surin,314.2
2024,Sep,Tha Tum,28.1
2024,Sep,Ubon Ratchathani,561.0
2024,Sep,Uttaradit,314.4
2024,Sep,Wichian Buri,289.9
2024,Sep,กรุงเทพมหานคร,275.0
2024,Sep,กาญจนบุรี,62.8
2024,Sep,กำแพงเพชร,210.2
2024,Sep,ขอนแก่น,431.8
2024,Sep,จันทบุรี,356.8
2024,Sep,ฉะเชิงเทรา,0.0
2024,Sep,ชลบุรี,423.6
2024,Sep,ชัยนาท,0.0
2024,Sep,ชัยภูมิ,348.2
2024,Sep,ชุมพร,155.6
2024,Sep,ตรัง,0.2
2024,Sep,ตราด,1189.3
2024,Sep,ตาก,47.599999999999994
2024,Sep,นครพนม,487.2
2024,Sep,นครราชสีมา,213.3
2024,Sep,นครศรีธรรมราช,0.0
2024,Sep,นครสวรรค์,256.6
2024,Sep,นราธิวาส,150.3
2024,Sep,น่าน,280.1
2024,Sep,บุรีรัมย์,201.2
2024,Sep,ปทุมธานี,0.0
2024,Sep,ประจวบคีรีขันธ์,77.2
2024,Sep,ปราจีนบุรี,342.3
2024,Sep,ปัตตานี,142.0
2024,Sep,พระนครศรีอยุธยา,0.0
2024,Sep,พะเยา,377.2
2024,Sep,พังงา,0.4
2024,Sep,พัทลุง,0.0
2024,Sep,พิจิตร,0.0
2024,Sep,พิษณุโลก,173.9
2024,Sep,ภูเก็ต,708.4
2024,Sep,มหาสารคาม,224.2
2024,Sep,มุกดาหาร,484.6
2024,Sep,ยะลา,0.0
2024,Sep,ระนอง,712.8
2024,Sep,ระยอง,155.8
2024,Sep,ราชบุรี,0.0
2024,Sep,ร้อยเอ็ด,281.2
2024,Sep,ลพบุรี,340.525
2024,Sep,ลำปาง,337.3
2024,Sep,ลำพูน,325.3
2024,Sep,ศรีสะเกษ,0.0
2024,Sep,สกลนคร,330.4
2024,Sep,สงขลา,178.4
2024,Sep,สตูล,461.7
2024,Sep,สระแก้ว,211.7
2024,Sep,สุพรรณบุรี,222.0
2024,Sep,สุราษฎร์ธานี,0.4
2024,Sep,สุรินทร์,314.2
2024,Sep,หนองคาย,611.5
2024,Sep,อุดรธานี,0.5
2024,Sep,อุตรดิตถ์,314.4
2024,Sep,อุบลราชธานี,561.0
2024,Sep,เชียงราย,243.7
2024,Sep,เชียงใหม่,382.5
2024,Sep,เพชรบุรี,107.8
2024,Sep,เพชรบูรณ์,208.1
2024,Sep,เลย,263.1
2024,Sep,แพร่,188.3
2024,Sep,แม่ฮ่องสอน,191.7
